Vs0,Vus0,regime_A,regime_B,spike_count_A,spike_count_B,mean_spikes_per_burst_A,mean_spikes_per_burst_B,duty_cycle_A,duty_cycle_B,interburst_freq_A,interburst_freq_B,intraburst_freq_A,intraburst_freq_B
-55.0,-57.0,tonic_spiking,tonic_spiking,1,1,1.0,1.0,,,,,,
-55.0,-56.473684210526315,tonic_spiking,tonic_spiking,1,1,1.0,1.0,,,,,,
-55.0,-55.94736842105263,tonic_spiking,tonic_spiking,1,1,1.0,1.0,,,,,,
-55.0,-55.421052631578945,tonic_spiking,tonic_spiking,1,1,1.0,1.0,,,,,,
-55.0,-54.89473684210526,tonic_spiking,tonic_spiking,1,1,1.0,1.0,,,,,,
-55.0,-54.36842105263158,tonic_spiking,tonic_spiking,2,2,2.0,2.0,,,,,1.144950767117014,1.144885225256168
-55.0,-53.8421052631579,tonic_spiking,tonic_spiking,2,2,2.0,2.0,,,,,15.420200462606022,15.420200462606022
-55.0,-53.31578947368421,bursting,bursting,12,13,4.0,4.333333333333333,0.2429767829149544,0.2911724711446036,0.3370893826261643,0.2363594806957188,11.259930968990316,11.749304820444689
-55.0,-52.78947368421053,bursting,bursting,14,17,3.5,5.666666666666667,0.08937704296884523,0.42756066177322916,0.36272802098107554,0.2865706851243234,14.681978461471193,10.533248956042042
-55.0,-52.26315789473684,bursting,bursting,16,19,4.0,4.75,0.23095302866674014,0.2144013774017636,0.4189421872058758,0.3840700876478728,12.721421564947443,12.11452565222728
-55.0,-51.73684210526316,bursting,bursting,18,19,6.0,6.333333333333333,0.37482386473988355,0.36793023313319523,0.23831771960301557,0.5162888399431304,11.519014939248144,10.13271342044654
-55.0,-51.21052631578947,bursting,bursting,21,26,7.0,8.666666666666666,0.3676726195106812,0.3491452349953569,0.30831431339253884,0.24253751360495457,12.370367107899296,12.374631552470035
-55.0,-50.68421052631579,tonic_spiking,bursting,2,39,2.0,3.5454545454545454,,0.20570473715920592,,1.2221254839257718,3.398470688190314,14.746652526511857
-55.0,-50.1578947368421,tonic_spiking,bursting,3,40,3.0,3.6363636363636362,,0.2300750315934313,,1.2901580674409643,2.671635155081637,14.193165857392898
-55.0,-49.631578947368425,tonic_spiking,bursting,3,45,3.0,3.75,,0.2724396946675837,,1.3636643513988658,2.477726399947646,14.127219820433666
-55.0,-49.10526315789474,bursting,tonic_spiking,49,3,3.5,3.0,0.2607003505226223,,1.5149691715410254,,14.760374735509936,2.153970537210685
-55.0,-48.578947368421055,tonic_spiking,bursting,2,52,2.0,5.777777777777778,,0.3362100060192129,,1.2663939559151687,1.264462287412278,12.712397137242647
-55.0,-48.05263157894737,tonic_spiking,bursting,3,43,3.0,6.142857142857143,,0.3662884751821746,,0.8689036903502853,0.8685527702806424,12.50131683364156
-55.0,-47.526315789473685,tonic_spiking,tonic_spiking,1,1,1.0,1.0,,,,,,
-55.0,-47.0,tonic_spiking,tonic_spiking,1,1,1.0,1.0,,,,,,
-54.473684210526315,-57.0,bursting,bursting,35,37,3.888888888888889,4.111111111111111,0.376120920399049,0.33626392516867587,0.9265060303429301,0.8894669965961794,12.014161144745545,10.935415088405424
-54.473684210526315,-56.473684210526315,bursting,bursting,40,40,4.444444444444445,5.0,0.3748123338073609,0.41397353401521586,0.8686494281605167,0.8163994519571964,11.914723512959002,11.376321159829779
-54.473684210526315,-55.94736842105263,bursting,bursting,42,44,5.25,4.888888888888889,0.43314500617792323,0.39702718558408434,0.8792478050563309,0.8932943602531382,11.019937706208275,11.659658576307672
-54.473684210526315,-55.421052631578945,bursting,bursting,47,45,5.222222222222222,5.0,0.38281143819506425,0.37895683022444776,0.8932020531615453,0.9340486538292085,12.275787224965109,12.202069999606241
-54.473684210526315,-54.89473684210526,bursting,bursting,50,48,5.555555555555555,6.0,0.44961521593162174,0.4009517210825763,0.9361547909253602,0.9006505677061906,12.129662046901574,11.736967670918986
-54.473684210526315,-54.36842105263158,bursting,bursting,52,53,5.777777777777778,5.888888888888889,0.4300191237561712,0.4185293772909392,0.9368493728272334,0.8890046729394272,13.138187083764818,13.063935087391194
-54.473684210526315,-53.8421052631579,bursting,bursting,57,55,6.333333333333333,6.875,0.4477946725528661,0.42867027130113805,0.9018841728846426,0.8787798180785283,13.314752943942215,13.014973731334623
-54.473684210526315,-53.31578947368421,bursting,bursting,58,59,6.444444444444445,6.555555555555555,0.4360638001698276,0.4360904174612422,0.9497056810414846,0.9119806182133239,13.233071781899465,13.648864795407675
-54.473684210526315,-52.78947368421053,bursting,bursting,62,64,6.2,6.4,0.4432486571336401,0.4440998569702603,1.0556865187641842,1.018028710828278,13.909626977620338,13.81862407531117
-54.473684210526315,-52.26315789473684,bursting,bursting,67,63,7.444444444444445,7.875,0.47647526634919346,0.46781534241262124,0.8959475867497886,0.8365971773365306,13.812123191618927,13.837863737900763
-54.473684210526315,-51.73684210526316,bursting,bursting,69,66,7.666666666666667,8.25,0.4427383939536254,0.44923980753700704,0.9111035980003698,0.8380996937144302,14.730935546084101,14.729376437438981
-54.473684210526315,-51.21052631578947,bursting,bursting,68,73,8.5,9.125,0.4843650601552771,0.4766050515777711,0.866991514446261,0.8473780678006093,14.194778317843664,14.01193899224767
-54.473684210526315,-50.68421052631579,bursting,bursting,72,75,8.0,9.375,0.4693069243432396,0.48098497886855157,0.8697499961206484,0.8428629048905506,14.790089481874666,14.623885456207853
-54.473684210526315,-50.1578947368421,bursting,bursting,76,76,9.5,9.5,0.4800129533385367,0.4843746335840532,0.8209307752842571,0.7971980289604337,15.150510401274028,14.924328931503783
-54.473684210526315,-49.631578947368425,bursting,bursting,76,80,10.857142857142858,10.0,0.4710312014162806,0.4689466918114945,0.7554902072226041,0.7956429717715698,15.639288123479457,15.696130597324391
-54.473684210526315,-49.10526315789474,bursting,bursting,79,83,11.285714285714286,10.375,0.4840295102907532,0.48488943989651584,0.7384628213288952,0.7856313927215892,15.862945412110978,16.012188744406515
-54.473684210526315,-48.578947368421055,bursting,bursting,82,83,11.714285714285714,11.857142857142858,0.492139699121733,0.4990696127805893,0.679820026062027,0.6989188714329533,16.060356998770885,16.089314996367005
-54.473684210526315,-48.05263157894737,bursting,bursting,82,89,11.714285714285714,12.714285714285714,0.5026810034162634,0.4987365802031263,0.7592085230695801,0.7201864280538897,16.22788490401466,16.222963159299052
-54.473684210526315,-47.526315789473685,bursting,bursting,88,89,14.666666666666666,12.714285714285714,0.5458516992692897,0.5111671432734279,0.6486792700644698,0.6901356664425357,15.825239720124548,16.18252128098858
-54.473684210526315,-47.0,bursting,bursting,88,90,12.571428571428571,12.857142857142858,0.506285071879494,0.5067076525837244,0.6547736964945146,0.7558374238861711,16.797521220122317,16.899852375010912
-53.94736842105263,-57.0,bursting,bursting,59,58,5.363636363636363,4.833333333333333,0.45842154151058667,0.4134605777006803,1.336848681645335,1.4905567922492269,11.323537442287483,11.489119738049844
-53.94736842105263,-56.473684210526315,bursting,bursting,62,61,4.769230769230769,5.083333333333333,0.42865374760913505,0.44160015706756145,1.372422401532612,1.253998431861184,12.69181425565764,12.619612673862198
-53.94736842105263,-55.94736842105263,bursting,bursting,64,66,4.923076923076923,5.5,0.4398949037440849,0.4683592375404216,1.3704607639403126,1.3674376571957483,12.523575522353685,12.483791570770677
-53.94736842105263,-55.421052631578945,tonic_spiking,tonic_spiking,68,68,68.0,68.0,,,,,8.671631955386603,8.671631955386603
-53.94736842105263,-54.89473684210526,tonic_spiking,tonic_spiking,71,71,71.0,71.0,,,,,8.609155247456407,8.609155247456407
-53.94736842105263,-54.36842105263158,bursting,bursting,74,74,6.7272727272727275,6.166666666666667,0.46485933005484864,0.46029187183834724,1.350322275860377,1.350032003271384,13.469070720698863,13.63347783734732
-53.94736842105263,-53.8421052631579,bursting,bursting,79,76,6.583333333333333,6.909090909090909,0.4545851021944319,0.46067926832474804,1.323840085065041,1.31011380411574,14.333011562480204,14.186242415175467
-53.94736842105263,-53.31578947368421,bursting,bursting,80,81,6.153846153846154,6.230769230769231,0.4597952933097998,0.4595531818028384,1.4088463087834942,1.4003976532712448,15.111553460538456,15.116105229290142
-53.94736842105263,-52.78947368421053,bursting,bursting,84,84,6.461538461538462,6.461538461538462,0.4888147484580077,0.46736709689197947,1.3782572464756349,1.4043954094025362,15.072875967988072,15.474388388092612
-53.94736842105263,-52.26315789473684,bursting,bursting,87,86,7.25,7.166666666666667,0.5099032448218721,0.4932642283633419,1.3537465170582197,1.4218974742373744,14.781760662153207,14.702287190333513
-53.94736842105263,-51.73684210526316,tonic_spiking,tonic_spiking,91,91,91.0,91.0,,,,,10.771844365062597,10.771844365062597
-53.94736842105263,-51.21052631578947,tonic_spiking,tonic_spiking,94,94,94.0,94.0,,,,,10.894529126431745,10.894529126431745
-53.94736842105263,-50.68421052631579,bursting,bursting,95,94,6.785714285714286,7.230769230769231,0.5569504068313045,0.572618611131895,1.6285011151562254,1.4599730520935486,15.074364755818642,15.156957118470283
-53.94736842105263,-50.1578947368421,bursting,bursting,96,98,6.4,7.0,0.5288257140663718,0.5938602522652875,1.7078859553488015,1.4843850678778425,15.590592264357761,15.305819777534252
-53.94736842105263,-49.631578947368425,bursting,bursting,99,100,6.6,6.666666666666667,0.5268687337294272,0.5664490160930333,2.0298693315023177,1.8715432471533664,15.0090951505339,15.272316013102698
-53.94736842105263,-49.10526315789474,bursting,bursting,103,103,7.357142857142857,7.923076923076923,0.5841694910411732,0.5811473847991732,1.683818812211,1.8995380491311327,15.363101108439126,14.961603406806471
-53.94736842105263,-48.578947368421055,bursting,bursting,106,105,10.6,8.076923076923077,0.7057273399988186,0.6061368239698208,1.1263067558541608,1.6843619804744296,14.577275327695839,15.020604339193861
-53.94736842105263,-48.05263157894737,bursting,bursting,110,107,9.166666666666666,9.727272727272727,0.6917583685816718,0.7330936650272372,1.416522345983394,1.2159854799146284,14.742686580796208,14.400581147062928
-53.94736842105263,-47.526315789473685,bursting,bursting,111,111,11.1,10.090909090909092,0.7471346107623321,0.6272339024440681,1.0932879320716729,1.8283679805124304,14.581083183446667,14.682742138409573
-53.94736842105263,-47.0,bursting,bursting,114,115,12.666666666666666,10.454545454545455,0.7730996430381327,0.6752058976706596,1.1418522741636274,1.7092853847865044,14.473661985957055,14.763724603229598
-53.421052631578945,-57.0,bursting,bursting,72,72,5.142857142857143,5.142857142857143,0.45456514543363996,0.4638634380756636,1.6266633953700056,1.6465100862974127,13.094234305180668,13.03915174722338
-53.421052631578945,-56.473684210526315,bursting,bursting,75,75,5.357142857142857,4.6875,0.46318565728901984,0.4390115727473508,1.6263599827732838,1.752427898294896,13.397602960606825,13.827909659800913
-53.421052631578945,-55.94736842105263,bursting,bursting,80,78,6.666666666666667,5.2,0.5023442901775071,0.4539263513252224,1.4127419361202411,1.7159424554505573,13.558373775827416,13.745298143600875
-53.421052631578945,-55.421052631578945,bursting,bursting,81,82,5.785714285714286,5.857142857142857,0.49884895915804467,0.49620784126514683,1.5940303181986393,1.6187413745475583,14.20132110241943,14.104678398266897
-53.421052631578945,-54.89473684210526,bursting,bursting,84,85,5.6,6.071428571428571,0.4782175207100957,0.5226084082872423,1.8807743422952086,1.659900610970873,14.115775349027183,13.872677135683137
-53.421052631578945,-54.36842105263158,bursting,bursting,87,88,6.6923076923076925,7.333333333333333,0.586444985320831,0.6198517706850658,1.5342784386460446,1.4694217651448533,13.5577745831168,13.279424330220689
-53.421052631578945,-53.8421052631579,bursting,bursting,90,90,8.181818181818182,9.0,0.6735466482754788,0.7149375791709874,1.3362197987800206,1.180936097609173,13.120511945620825,13.035654733581845
-53.421052631578945,-53.31578947368421,tonic_spiking,tonic_spiking,96,96,96.0,96.0,,,,,11.01591287062962,11.01591287062962
-53.421052631578945,-52.78947368421053,bursting,bursting,96,96,16.0,13.714285714285714,0.8038180506424503,0.7282228128105995,0.926234963622164,1.2933017420848698,12.52408281320615,12.778367034314831
-53.421052631578945,-52.26315789473684,bursting,bursting,100,99,11.11111111111111,16.5,0.7557085710596906,0.8504134805509442,1.1956560658111288,0.7381755106555933,13.184252788369578,12.789741113807422
-53.421052631578945,-51.73684210526316,bursting,bursting,103,103,34.333333333333336,25.75,0.9524432823101529,0.8996667281734183,0.23162517488298953,0.49335707865635037,12.4541206320209,12.595363667365623
-53.421052631578945,-51.21052631578947,tonic_spiking,tonic_spiking,108,108,108.0,108.0,,,,,12.30908898979007,12.30908898979007
-53.421052631578945,-50.68421052631579,bursting,bursting,110,108,55.0,54.0,0.9310090253040735,0.8696752889378097,0.36913309093593694,0.733810310034856,12.546187355094427,12.37211668658414
-53.421052631578945,-50.1578947368421,tonic_spiking,tonic_spiking,115,115,115.0,115.0,,,,,12.637292523009506,12.637292523009506
-53.421052631578945,-49.631578947368425,bursting,bursting,116,116,38.666666666666664,58.0,0.9145250125658051,0.9565217391304348,0.5072617126531044,0.23862931322483655,13.152593840726484,13.123627843398292
-53.421052631578945,-49.10526315789474,tonic_spiking,tonic_spiking,119,118,119.0,118.0,,,,,13.052949700934342,13.003970806677481
-53.421052631578945,-48.578947368421055,tonic_spiking,tonic_spiking,121,121,121.0,121.0,,,,,13.320031774580212,13.209803628193297
-53.421052631578945,-48.05263157894737,tonic_spiking,tonic_spiking,124,125,124.0,125.0,,,,,13.502818729263618,13.553689877594977
-53.421052631578945,-47.526315789473685,tonic_spiking,tonic_spiking,127,126,127.0,126.0,,,,,13.718697161106778,13.6734418677827
-53.421052631578945,-47.0,tonic_spiking,tonic_spiking,129,130,129.0,130.0,,,,,13.994163620217432,14.015033474884596
-52.89473684210526,-57.0,tonic_spiking,tonic_spiking,82,82,82.0,82.0,,,,,9.750586189036984,9.782920163109736
-52.89473684210526,-56.473684210526315,tonic_spiking,tonic_spiking,85,84,85.0,84.0,,,,,10.064753599904654,10.02637241370441
-52.89473684210526,-55.94736842105263,tonic_spiking,tonic_spiking,90,90,90.0,90.0,,,,,10.119022165345726,10.119022165345726
-52.89473684210526,-55.421052631578945,tonic_spiking,tonic_spiking,90,91,90.0,91.0,,,,,10.478261554241362,10.421845511990885
-52.89473684210526,-54.89473684210526,tonic_spiking,tonic_spiking,94,94,94.0,94.0,,,,,10.856585072788075,10.87230499629003
-52.89473684210526,-54.36842105263158,tonic_spiking,tonic_spiking,99,99,99.0,99.0,,,,,11.089136064176799,11.089136064176799
-52.89473684210526,-53.8421052631579,tonic_spiking,tonic_spiking,102,102,102.0,102.0,,,,,11.341595190869805,11.341595190869805
-52.89473684210526,-53.31578947368421,tonic_spiking,tonic_spiking,105,105,105.0,105.0,,,,,11.700102113919078,11.700102113919078
-52.89473684210526,-52.78947368421053,tonic_spiking,tonic_spiking,108,108,108.0,108.0,,,,,11.931455277984835,11.931455277984835
-52.89473684210526,-52.26315789473684,tonic_spiking,tonic_spiking,111,111,111.0,111.0,,,,,12.225240949363348,12.225240949363348
-52.89473684210526,-51.73684210526316,tonic_spiking,tonic_spiking,111,111,111.0,111.0,,,,,12.224163940328179,12.31594058692619
-52.89473684210526,-51.21052631578947,tonic_spiking,tonic_spiking,118,118,118.0,118.0,,,,,12.866098690370507,12.866098690370507
-52.89473684210526,-50.68421052631579,tonic_spiking,tonic_spiking,120,120,120.0,120.0,,,,,13.133596567692093,13.133596567692093
-52.89473684210526,-50.1578947368421,tonic_spiking,tonic_spiking,123,123,123.0,123.0,,,,,13.40425874193204,13.40425874193204
-52.89473684210526,-49.631578947368425,tonic_spiking,tonic_spiking,126,126,126.0,126.0,,,,,13.67496787002575,13.67496787002575
-52.89473684210526,-49.10526315789474,tonic_spiking,tonic_spiking,125,126,125.0,126.0,,,,,13.690867996455225,13.727622557083423
-52.89473684210526,-48.578947368421055,tonic_spiking,tonic_spiking,131,131,131.0,131.0,,,,,14.215814357954311,14.215814357954311
-52.89473684210526,-48.05263157894737,tonic_spiking,tonic_spiking,131,131,131.0,131.0,,,,,14.28494705404596,14.215755421910815
-52.89473684210526,-47.526315789473685,tonic_spiking,tonic_spiking,134,133,134.0,133.0,,,,,14.607055176358108,14.427385347643646
-52.89473684210526,-47.0,tonic_spiking,tonic_spiking,137,137,137.0,137.0,,,,,14.807753216972026,14.897405829944137
-52.36842105263158,-57.0,tonic_spiking,tonic_spiking,85,84,85.0,84.0,,,,,10.009385966544402,9.959149134105871
-52.36842105263158,-56.473684210526315,tonic_spiking,tonic_spiking,88,88,88.0,88.0,,,,,10.284873527913852,10.249031694389773
-52.36842105263158,-55.94736842105263,tonic_spiking,tonic_spiking,91,91,91.0,91.0,,,,,10.748469874574319,10.72168476877851
-52.36842105263158,-55.421052631578945,tonic_spiking,tonic_spiking,96,96,96.0,96.0,,,,,10.83757345072422,10.83757345072422
-52.36842105263158,-54.89473684210526,tonic_spiking,tonic_spiking,97,97,97.0,97.0,,,,,11.116834912057634,11.28151390360496
-52.36842105263158,-54.36842105263158,tonic_spiking,tonic_spiking,100,100,100.0,100.0,,,,,11.430664199562576,11.415536797171516
-52.36842105263158,-53.8421052631579,tonic_spiking,tonic_spiking,102,103,102.0,103.0,,,,,11.781592360979216,11.656271735985039
-52.36842105263158,-53.31578947368421,tonic_spiking,tonic_spiking,106,106,106.0,106.0,,,,,12.022885274170557,12.07795344033283
-52.36842105263158,-52.78947368421053,tonic_spiking,tonic_spiking,111,111,111.0,111.0,,,,,12.375840246316079,12.375840246316079
-52.36842105263158,-52.26315789473684,tonic_spiking,tonic_spiking,114,114,114.0,114.0,,,,,12.587556000706785,12.587556000706785
-52.36842105263158,-51.73684210526316,tonic_spiking,tonic_spiking,117,117,117.0,117.0,,,,,12.934605167889346,12.934605167889346
-52.36842105263158,-51.21052631578947,tonic_spiking,tonic_spiking,118,117,118.0,117.0,,,,,13.039091305103371,12.974295452473054
-52.36842105263158,-50.68421052631579,tonic_spiking,tonic_spiking,120,121,120.0,121.0,,,,,13.288451535818977,13.35115889966698
-52.36842105263158,-50.1578947368421,tonic_spiking,tonic_spiking,126,126,126.0,126.0,,,,,13.779537808886058,13.779537808886058
-52.36842105263158,-49.631578947368425,tonic_spiking,tonic_spiking,126,126,126.0,126.0,,,,,13.894468906093126,13.883377948180806
-52.36842105263158,-49.10526315789474,tonic_spiking,tonic_spiking,128,129,128.0,129.0,,,,,14.069008025577109,14.155605921524192
-52.36842105263158,-48.578947368421055,tonic_spiking,tonic_spiking,134,134,134.0,134.0,,,,,14.5568872946243,14.5568872946243
-52.36842105263158,-48.05263157894737,tonic_spiking,tonic_spiking,136,135,136.0,135.0,,,,,14.769896056299604,14.737127324521527
-52.36842105263158,-47.526315789473685,tonic_spiking,tonic_spiking,140,140,140.0,140.0,,,,,15.148393204420836,15.148393204420836
-52.36842105263158,-47.0,tonic_spiking,tonic_spiking,139,139,139.0,139.0,,,,,15.16459452320504,15.120896291310947
-51.8421052631579,-57.0,bursting,bursting,85,85,8.5,17.0,0.7212118823700586,0.8653215044961476,1.1327314810076443,0.5254451676943065,12.478187925226942,11.775606935807861
-51.8421052631579,-56.473684210526315,tonic_spiking,tonic_spiking,89,89,89.0,89.0,,,,,10.191968473423241,10.191968473423241
-51.8421052631579,-55.94736842105263,tonic_spiking,tonic_spiking,93,93,93.0,93.0,,,,,10.62179044411772,10.62179044411772
-51.8421052631579,-55.421052631578945,bursting,bursting,94,94,10.444444444444445,15.666666666666666,0.6371136154345037,0.6898804925070713,1.6435314604222095,1.2985083890890892,13.024736250246601,12.691374613049566
-51.8421052631579,-54.89473684210526,bursting,bursting,97,97,13.857142857142858,12.125,0.7892918838261967,0.7708278243104819,0.9550885117321335,1.0440857966934196,12.988514519655071,13.09857520000491
-51.8421052631579,-54.36842105263158,bursting,bursting,99,100,16.5,14.285714285714286,0.8202368613137405,0.7802786091119752,0.9134070682908112,1.067639093989017,13.12650453130865,13.097388620513435
-51.8421052631579,-53.8421052631579,bursting,bursting,103,103,25.75,20.6,0.9118631469596624,0.9039892240363026,0.4431947171953712,0.4584524089007082,12.723519074496087,12.976891564791865
-51.8421052631579,-53.31578947368421,tonic_spiking,tonic_spiking,108,108,108.0,108.0,,,,,12.142482352595996,12.142482352595996
-51.8421052631579,-52.78947368421053,tonic_spiking,tonic_spiking,110,110,110.0,110.0,,,,,12.3965856710369,12.3965856710369
-51.8421052631579,-52.26315789473684,bursting,bursting,111,112,37.0,37.333333333333336,0.9480535100626977,0.9416372613761234,0.287226483895385,0.33415798265487845,13.300127856167437,13.280079055364146
-51.8421052631579,-51.73684210526316,tonic_spiking,tonic_spiking,116,116,116.0,116.0,,,,,12.933174838717067,12.933174838717067
-51.8421052631579,-51.21052631578947,bursting,bursting,118,117,23.6,29.25,0.8720961315970202,0.9026678242564338,0.7225078791863061,0.5888370109610048,14.264612108148519,14.115275234921011
-51.8421052631579,-50.68421052631579,bursting,bursting,121,122,60.5,61.0,0.9531086224968279,0.9201484072218546,0.27583163237160035,0.4726344645051517,13.786079980665228,13.973720617606832
-51.8421052631579,-50.1578947368421,tonic_spiking,tonic_spiking,126,126,126.0,126.0,,,,,13.839342134073636,13.839342134073636
-51.8421052631579,-49.631578947368425,tonic_spiking,tonic_spiking,127,126,127.0,126.0,,,,,14.335953850043861,14.282276924039518
-51.8421052631579,-49.10526315789474,tonic_spiking,tonic_spiking,131,131,131.0,131.0,,,,,14.420007991492751,14.420007991492751
-51.8421052631579,-48.578947368421055,tonic_spiking,tonic_spiking,133,133,133.0,133.0,,,,,14.891216227283717,14.943868601059181
-51.8421052631579,-48.05263157894737,tonic_spiking,tonic_spiking,138,138,138.0,138.0,,,,,15.058148300660106,15.058148300660106
-51.8421052631579,-47.526315789473685,tonic_spiking,tonic_spiking,141,141,141.0,141.0,,,,,15.331458021238294,15.331458021238294
-51.8421052631579,-47.0,tonic_spiking,tonic_spiking,141,142,141.0,142.0,,,,,15.480562983708124,15.55370348140773
-51.31578947368421,-57.0,bursting,bursting,81,83,5.0625,5.533333333333333,0.37007564642663265,0.3696533772781473,1.591072520231381,1.5656158972395031,19.169370120887397,19.02788132463545
-51.31578947368421,-56.473684210526315,bursting,bursting,83,86,5.533333333333333,5.733333333333333,0.38238413445564784,0.3805696751300235,1.6056507485165987,1.5870026289981678,19.110239696934062,19.0424502219271
-51.31578947368421,-55.94736842105263,bursting,bursting,87,90,6.6923076923076925,6.428571428571429,0.4363412063948077,0.4451793350638367,1.3998315673570978,1.4311531439357237,18.500381795058274,18.348298112920244
-51.31578947368421,-55.421052631578945,bursting,bursting,91,91,6.5,6.5,0.4129841768577649,0.4242452429049225,1.4421330383694733,1.4255794377693507,19.561934510099736,19.153946738023535
-51.31578947368421,-54.89473684210526,bursting,bursting,95,94,7.3076923076923075,7.230769230769231,0.4610411803090266,0.45028530989363946,1.347600204706722,1.3709071816526333,18.710316101844185,18.961126617959476
-51.31578947368421,-54.36842105263158,bursting,bursting,97,97,7.461538461538462,7.461538461538462,0.45236044826542027,0.4490404842211588,1.3154273756756107,1.3452108097375424,19.42760415658466,19.59426140196236
-51.31578947368421,-53.8421052631579,bursting,bursting,98,102,7.538461538461538,7.846153846153846,0.44868625892711905,0.45385173593070904,1.3768893529938557,1.354133627257136,20.07001728219895,19.710247040642418
-51.31578947368421,-53.31578947368421,bursting,bursting,103,105,7.357142857142857,8.076923076923077,0.4863538767204218,0.48535310464996445,1.3801523310540336,1.332858589795285,19.592555798659546,19.569337655053822
-51.31578947368421,-52.78947368421053,bursting,bursting,107,104,8.23076923076923,8.666666666666666,0.48351955254110046,0.477398507827657,1.341981188602875,1.3241011305478387,19.901835936906064,20.028505680602105
-51.31578947368421,-52.26315789473684,bursting,bursting,107,110,8.23076923076923,8.461538461538462,0.4750751783699265,0.47746593657669195,1.431784127243996,1.4187952032304167,20.056546348449423,19.948019152567543
-51.31578947368421,-51.73684210526316,bursting,bursting,112,110,8.0,8.461538461538462,0.48220692785560576,0.4916863057878315,1.4343973572480369,1.4257905362535845,20.834947459057474,20.500330531856772
-51.31578947368421,-51.21052631578947,bursting,bursting,114,115,8.142857142857142,8.214285714285714,0.4993248388338189,0.5053732438040879,1.4469749370023766,1.4681685443821044,20.537430016969896,20.41128032662076
-51.31578947368421,-50.68421052631579,bursting,bursting,115,118,7.1875,7.375,0.49820465759711163,0.5008790701564759,1.6689420467491682,1.7491047228844192,20.52241307336642,20.4234516429262
-51.31578947368421,-50.1578947368421,bursting,bursting,118,122,7.866666666666666,9.384615384615385,0.5274399726195381,0.5435544745653391,1.5506655781296008,1.418510954167301,20.439919812840376,20.18130676943925
-51.31578947368421,-49.631578947368425,bursting,bursting,120,124,8.571428571428571,8.857142857142858,0.5448544758325528,0.5484699138975311,1.4685634509731393,1.4707991692663684,20.56853213343299,20.480953622764183
-51.31578947368421,-49.10526315789474,bursting,bursting,126,124,7.875,8.266666666666667,0.5441492624745305,0.5521775897477936,1.7527376588047774,1.6735276021780634,20.49026674296578,20.183909457818707
-51.31578947368421,-48.578947368421055,bursting,bursting,127,129,9.071428571428571,8.0625,0.5925340193122087,0.5652643932921236,1.5869526784483234,1.803545396002135,20.107295502810405,20.446546371611173
-51.31578947368421,-48.05263157894737,bursting,bursting,132,129,8.8,9.923076923076923,0.5981017460041371,0.6088460846952556,1.6706122504497192,1.5147026081151687,19.88971378295895,19.716940763874646
-51.31578947368421,-47.526315789473685,bursting,bursting,134,133,8.375,10.23076923076923,0.5992619229954718,0.6232815484969617,1.676952333221808,1.4782160131184494,20.44224433646373,20.085739637457944
-51.31578947368421,-47.0,bursting,bursting,138,136,9.2,8.5,0.6246342101019289,0.6095938942683611,1.6317754808556535,1.7246186244475068,20.26103078801059,20.444056652750273
-50.78947368421053,-57.0,bursting,bursting,77,74,5.923076923076923,5.6923076923076925,0.277906291817903,0.2846199157805867,1.5020593421738397,1.4092116464418323,23.171148847883345,22.989416479191103
-50.78947368421053,-56.473684210526315,bursting,bursting,79,77,7.181818181818182,7.0,0.31265328886151156,0.31541665087563164,1.1446728650353353,1.0659841856991614,23.136889561408495,22.94761050691697
-50.78947368421053,-55.94736842105263,bursting,bursting,82,82,6.833333333333333,6.833333333333333,0.3222260197063693,0.3137820454647389,1.2782988381435467,1.3925029042333137,23.03451972927734,23.068944190330463
-50.78947368421053,-55.421052631578945,bursting,bursting,87,82,6.6923076923076925,6.833333333333333,0.3136985986303625,0.31637648871005397,1.5321840602523862,1.467399516644558,23.185845911036914,23.19149060072937
-50.78947368421053,-54.89473684210526,bursting,bursting,88,87,8.8,8.7,0.3445152322187894,0.34915066760320485,0.9759612542438162,1.025462737940766,23.227820142384648,23.339057242655013
-50.78947368421053,-54.36842105263158,bursting,bursting,91,90,8.272727272727273,9.0,0.35617856613463295,0.3697795578199151,1.1489384856084692,1.0390462208121887,23.40065227052013,23.14057187953552
-50.78947368421053,-53.8421052631579,bursting,bursting,92,93,9.2,9.3,0.3631153847844234,0.3605558416912569,0.9697269790791826,1.0151562895091417,23.485820926335478,23.780934931461815
-50.78947368421053,-53.31578947368421,bursting,bursting,96,97,9.6,10.777777777777779,0.3867541104380436,0.3929099330598884,0.9731382380233996,0.9234294049182349,23.460304818709133,23.076160229869892
-50.78947368421053,-52.78947368421053,bursting,bursting,99,98,8.25,8.166666666666666,0.3839265596787914,0.39576007928171786,1.4476321381528818,1.3583203839392166,23.346497854455865,23.126213012990355
-50.78947368421053,-52.26315789473684,bursting,bursting,103,101,11.444444444444445,11.222222222222221,0.4146641081120919,0.4117618840260305,0.8809057594352413,0.926497903498954,23.293602677027792,23.519239333757938
-50.78947368421053,-51.73684210526316,bursting,bursting,104,106,11.555555555555555,11.777777777777779,0.4237611819457577,0.4164090686008277,0.9304786408852216,0.878332310273875,23.73442471332021,23.643714360881937
-50.78947368421053,-51.21052631578947,bursting,bursting,109,106,12.11111111111111,13.25,0.43361782752277345,0.43932024041263806,0.8823938199212155,0.8343315155581496,23.69524210614398,23.25923231264661
-50.78947368421053,-50.68421052631579,bursting,bursting,112,108,14.0,12.0,0.4625314041644277,0.4463446191183708,0.809615879535027,0.859038502612804,23.204029283308834,23.591721288654295
-50.78947368421053,-50.1578947368421,bursting,bursting,114,110,12.666666666666666,12.222222222222221,0.45971380336138656,0.4862779350218973,0.950429987310133,0.8597370828449882,23.508583330615753,23.095686488395742
-50.78947368421053,-49.631578947368425,bursting,bursting,114,117,14.25,14.625,0.466157063516743,0.4756496891101659,0.8256903726382179,0.7798148392089177,23.85627054656845,23.51039374226225
-50.78947368421053,-49.10526315789474,bursting,bursting,120,118,13.333333333333334,11.8,0.496140726952725,0.46425721546308946,1.0379264600586615,1.1273455558667937,23.40351191175088,23.709981713119024
-50.78947368421053,-48.578947368421055,bursting,bursting,120,123,17.142857142857142,15.375,0.5025447302755631,0.4959866204692386,0.7342755363064315,0.7785597523173035,23.326727760527966,23.79805269249645
-50.78947368421053,-48.05263157894737,bursting,bursting,124,124,15.5,17.714285714285715,0.5052197550582826,0.511976515834804,0.7658621095756387,0.7284792649448417,23.806482746230667,23.38224649068893
-50.78947368421053,-47.526315789473685,bursting,bursting,127,124,15.875,17.714285714285715,0.49315777088293633,0.5129727256116814,0.7849377680408488,0.7394369746332098,24.31068441329721,23.788297665913856
-50.78947368421053,-47.0,bursting,bursting,127,131,14.11111111111111,16.375,0.5016001920049576,0.549007943929073,0.9167776988888693,0.8116435035654085,24.021295502975985,23.57486006115585
-50.26315789473684,-57.0,bursting,bursting,63,66,9.0,9.428571428571429,0.24000514895325117,0.23333772452902146,0.8016769620871266,0.7125329360966174,25.45791580864074,25.68257668069841
-50.26315789473684,-56.473684210526315,bursting,bursting,69,68,8.625,9.714285714285714,0.24147736380731932,0.24524158647706693,0.7924862896722844,0.7192427613140765,26.05489237430889,25.83027531435813
-50.26315789473684,-55.94736842105263,bursting,bursting,71,72,10.142857142857142,10.285714285714286,0.25813406412614864,0.25139310054642633,0.7265250703143441,0.6565914014367488,26.069418494530552,26.017445660465945
-50.26315789473684,-55.421052631578945,bursting,bursting,75,75,10.714285714285714,10.714285714285714,0.27209976664307817,0.26340868648918747,0.7284599073607764,0.6543133918276128,25.962700928002178,26.0606603671685
-50.26315789473684,-54.89473684210526,bursting,bursting,76,75,9.5,10.714285714285714,0.272918497196855,0.2743116261000024,0.7936725180905609,0.7243609614436708,26.194059969317163,25.962846517220353
-50.26315789473684,-54.36842105263158,bursting,bursting,75,79,9.375,9.875,0.2783144730160469,0.2748674260344792,0.9635927834776397,0.8798378873305255,25.800371955290064,25.85935236676063
-50.26315789473684,-53.8421052631579,bursting,bursting,83,79,11.857142857142858,11.285714285714286,0.29888668609223723,0.29846185798475894,0.7118975596841753,0.6439731255694475,26.162407599827773,25.790111610703377
-50.26315789473684,-53.31578947368421,bursting,bursting,86,81,10.75,10.125,0.3000745089382203,0.2970914151569743,0.8776239382449402,0.9614255826433462,25.65363927837086,25.808576414451597
-50.26315789473684,-52.78947368421053,bursting,bursting,83,89,11.857142857142858,12.714285714285714,0.31743119605584863,0.3265787864257092,0.7960327144409188,0.7052768068172061,26.161931172979244,25.80163781507542
-50.26315789473684,-52.26315789473684,bursting,bursting,87,93,12.428571428571429,13.285714285714286,0.32648718375255886,0.33105266921652143,0.8077009083901555,0.7016791031600951,26.091985978329717,26.012193992058165
-50.26315789473684,-51.73684210526316,bursting,bursting,96,89,13.714285714285714,14.833333333333334,0.3395838121340306,0.3362969661583995,0.6962004835229618,0.6252686481198619,26.222114775500803,26.13812568450444
-50.26315789473684,-51.21052631578947,bursting,bursting,95,95,15.833333333333334,13.571428571428571,0.3528594774269086,0.3458997117333043,0.6033154297468034,0.6672136536578028,25.909182410161897,26.50717178308105
-50.26315789473684,-50.68421052631579,bursting,bursting,98,95,14.0,11.875,0.3676741628843929,0.3532540155567389,0.7697829975163519,0.8270838496930528,25.738134993199235,26.221188376996174
-50.26315789473684,-50.1578947368421,bursting,bursting,95,102,13.571428571428571,17.0,0.36479426881063165,0.366646442664181,0.6515350513371337,0.5896773705255869,26.393108485024595,26.13911522030647
-50.26315789473684,-49.631578947368425,bursting,bursting,105,100,17.5,16.666666666666668,0.37651999938826847,0.38201096219434244,0.5641484709634843,0.6324953372933944,26.15082554269265,26.268260037234057
-50.26315789473684,-49.10526315789474,bursting,bursting,106,102,17.666666666666668,17.0,0.3867200235316148,0.37276219020117585,0.5559628869084186,0.6289231578180081,26.33423188404148,26.57830342561533
-50.26315789473684,-48.578947368421055,bursting,bursting,108,101,18.0,16.833333333333332,0.39109474502618286,0.3907948465920895,0.6056752844309354,0.5391856929006316,26.383951819110646,26.123563935970363
-50.26315789473684,-48.05263157894737,bursting,bursting,103,111,17.166666666666668,18.5,0.3994377614821586,0.39724802380333407,0.5367962588424077,0.6013632469539563,26.131495548316696,26.5715573479823
-50.26315789473684,-47.526315789473685,bursting,bursting,114,108,19.0,21.6,0.40535742274426523,0.41785513223789666,0.5792248376797304,0.5130348654872519,26.70246855749591,26.007242669688015
-50.26315789473684,-47.0,bursting,bursting,113,111,22.6,18.5,0.42553548145650716,0.41700215525137246,0.4990014226387093,0.5602437915653107,25.996938658741094,26.626854810918623
-49.73684210526316,-57.0,quiescent,quiescent,0,0,,,,,,,,
-49.73684210526316,-56.473684210526315,quiescent,quiescent,0,0,,,,,,,,
-49.73684210526316,-55.94736842105263,quiescent,quiescent,0,0,,,,,,,,
-49.73684210526316,-55.421052631578945,quiescent,quiescent,0,0,,,,,,,,
-49.73684210526316,-54.89473684210526,quiescent,quiescent,0,0,,,,,,,,
-49.73684210526316,-54.36842105263158,quiescent,quiescent,0,0,,,,,,,,
-49.73684210526316,-53.8421052631579,quiescent,quiescent,0,0,,,,,,,,
-49.73684210526316,-53.31578947368421,quiescent,quiescent,0,0,,,,,,,,
-49.73684210526316,-52.78947368421053,quiescent,quiescent,0,0,,,,,,,,
-49.73684210526316,-52.26315789473684,quiescent,quiescent,0,0,,,,,,,,
-49.73684210526316,-51.73684210526316,quiescent,quiescent,0,0,,,,,,,,
-49.73684210526316,-51.21052631578947,quiescent,quiescent,0,0,,,,,,,,
-49.73684210526316,-50.68421052631579,quiescent,quiescent,0,0,,,,,,,,
-49.73684210526316,-50.1578947368421,quiescent,quiescent,0,0,,,,,,,,
-49.73684210526316,-49.631578947368425,quiescent,quiescent,0,0,,,,,,,,
-49.73684210526316,-49.10526315789474,quiescent,quiescent,0,0,,,,,,,,
-49.73684210526316,-48.578947368421055,quiescent,quiescent,0,0,,,,,,,,
-49.73684210526316,-48.05263157894737,quiescent,quiescent,0,0,,,,,,,,
-49.73684210526316,-47.526315789473685,quiescent,quiescent,0,0,,,,,,,,
-49.73684210526316,-47.0,quiescent,quiescent,0,0,,,,,,,,
-49.21052631578947,-57.0,quiescent,quiescent,0,0,,,,,,,,
-49.21052631578947,-56.473684210526315,quiescent,quiescent,0,0,,,,,,,,
-49.21052631578947,-55.94736842105263,quiescent,quiescent,0,0,,,,,,,,
-49.21052631578947,-55.421052631578945,quiescent,quiescent,0,0,,,,,,,,
-49.21052631578947,-54.89473684210526,quiescent,quiescent,0,0,,,,,,,,
-49.21052631578947,-54.36842105263158,quiescent,quiescent,0,0,,,,,,,,
-49.21052631578947,-53.8421052631579,quiescent,quiescent,0,0,,,,,,,,
-49.21052631578947,-53.31578947368421,quiescent,quiescent,0,0,,,,,,,,
-49.21052631578947,-52.78947368421053,quiescent,quiescent,0,0,,,,,,,,
-49.21052631578947,-52.26315789473684,quiescent,quiescent,0,0,,,,,,,,
-49.21052631578947,-51.73684210526316,quiescent,quiescent,0,0,,,,,,,,
-49.21052631578947,-51.21052631578947,quiescent,quiescent,0,0,,,,,,,,
-49.21052631578947,-50.68421052631579,quiescent,quiescent,0,0,,,,,,,,
-49.21052631578947,-50.1578947368421,quiescent,quiescent,0,0,,,,,,,,
-49.21052631578947,-49.631578947368425,quiescent,quiescent,0,0,,,,,,,,
-49.21052631578947,-49.10526315789474,quiescent,quiescent,0,0,,,,,,,,
-49.21052631578947,-48.578947368421055,quiescent,quiescent,0,0,,,,,,,,
-49.21052631578947,-48.05263157894737,quiescent,quiescent,0,0,,,,,,,,
-49.21052631578947,-47.526315789473685,quiescent,quiescent,0,0,,,,,,,,
-49.21052631578947,-47.0,quiescent,quiescent,0,0,,,,,,,,
-48.68421052631579,-57.0,quiescent,quiescent,0,0,,,,,,,,
-48.68421052631579,-56.473684210526315,quiescent,quiescent,0,0,,,,,,,,
-48.68421052631579,-55.94736842105263,quiescent,quiescent,0,0,,,,,,,,
-48.68421052631579,-55.421052631578945,quiescent,quiescent,0,0,,,,,,,,
-48.68421052631579,-54.89473684210526,quiescent,quiescent,0,0,,,,,,,,
-48.68421052631579,-54.36842105263158,quiescent,quiescent,0,0,,,,,,,,
-48.68421052631579,-53.8421052631579,quiescent,quiescent,0,0,,,,,,,,
-48.68421052631579,-53.31578947368421,quiescent,quiescent,0,0,,,,,,,,
-48.68421052631579,-52.78947368421053,quiescent,quiescent,0,0,,,,,,,,
-48.68421052631579,-52.26315789473684,quiescent,quiescent,0,0,,,,,,,,
-48.68421052631579,-51.73684210526316,quiescent,quiescent,0,0,,,,,,,,
-48.68421052631579,-51.21052631578947,quiescent,quiescent,0,0,,,,,,,,
-48.68421052631579,-50.68421052631579,quiescent,quiescent,0,0,,,,,,,,
-48.68421052631579,-50.1578947368421,quiescent,quiescent,0,0,,,,,,,,
-48.68421052631579,-49.631578947368425,quiescent,quiescent,0,0,,,,,,,,
-48.68421052631579,-49.10526315789474,quiescent,quiescent,0,0,,,,,,,,
-48.68421052631579,-48.578947368421055,quiescent,quiescent,0,0,,,,,,,,
-48.68421052631579,-48.05263157894737,quiescent,quiescent,0,0,,,,,,,,
-48.68421052631579,-47.526315789473685,quiescent,quiescent,0,0,,,,,,,,
-48.68421052631579,-47.0,quiescent,quiescent,0,0,,,,,,,,
-48.1578947368421,-57.0,quiescent,quiescent,0,0,,,,,,,,
-48.1578947368421,-56.473684210526315,quiescent,quiescent,0,0,,,,,,,,
-48.1578947368421,-55.94736842105263,quiescent,quiescent,0,0,,,,,,,,
-48.1578947368421,-55.421052631578945,quiescent,quiescent,0,0,,,,,,,,
-48.1578947368421,-54.89473684210526,quiescent,quiescent,0,0,,,,,,,,
-48.1578947368421,-54.36842105263158,quiescent,quiescent,0,0,,,,,,,,
-48.1578947368421,-53.8421052631579,quiescent,quiescent,0,0,,,,,,,,
-48.1578947368421,-53.31578947368421,quiescent,quiescent,0,0,,,,,,,,
-48.1578947368421,-52.78947368421053,quiescent,quiescent,0,0,,,,,,,,
-48.1578947368421,-52.26315789473684,quiescent,quiescent,0,0,,,,,,,,
-48.1578947368421,-51.73684210526316,quiescent,quiescent,0,0,,,,,,,,
-48.1578947368421,-51.21052631578947,quiescent,quiescent,0,0,,,,,,,,
-48.1578947368421,-50.68421052631579,quiescent,quiescent,0,0,,,,,,,,
-48.1578947368421,-50.1578947368421,quiescent,quiescent,0,0,,,,,,,,
-48.1578947368421,-49.631578947368425,quiescent,quiescent,0,0,,,,,,,,
-48.1578947368421,-49.10526315789474,quiescent,quiescent,0,0,,,,,,,,
-48.1578947368421,-48.578947368421055,quiescent,quiescent,0,0,,,,,,,,
-48.1578947368421,-48.05263157894737,quiescent,quiescent,0,0,,,,,,,,
-48.1578947368421,-47.526315789473685,quiescent,quiescent,0,0,,,,,,,,
-48.1578947368421,-47.0,quiescent,quiescent,0,0,,,,,,,,
-47.631578947368425,-57.0,quiescent,quiescent,0,0,,,,,,,,
-47.631578947368425,-56.473684210526315,quiescent,quiescent,0,0,,,,,,,,
-47.631578947368425,-55.94736842105263,quiescent,quiescent,0,0,,,,,,,,
-47.631578947368425,-55.421052631578945,quiescent,quiescent,0,0,,,,,,,,
-47.631578947368425,-54.89473684210526,quiescent,quiescent,0,0,,,,,,,,
-47.631578947368425,-54.36842105263158,quiescent,quiescent,0,0,,,,,,,,
-47.631578947368425,-53.8421052631579,quiescent,quiescent,0,0,,,,,,,,
-47.631578947368425,-53.31578947368421,quiescent,quiescent,0,0,,,,,,,,
-47.631578947368425,-52.78947368421053,quiescent,quiescent,0,0,,,,,,,,
-47.631578947368425,-52.26315789473684,quiescent,quiescent,0,0,,,,,,,,
-47.631578947368425,-51.73684210526316,quiescent,quiescent,0,0,,,,,,,,
-47.631578947368425,-51.21052631578947,quiescent,quiescent,0,0,,,,,,,,
-47.631578947368425,-50.68421052631579,quiescent,quiescent,0,0,,,,,,,,
-47.631578947368425,-50.1578947368421,quiescent,quiescent,0,0,,,,,,,,
-47.631578947368425,-49.631578947368425,quiescent,quiescent,0,0,,,,,,,,
-47.631578947368425,-49.10526315789474,quiescent,quiescent,0,0,,,,,,,,
-47.631578947368425,-48.578947368421055,quiescent,quiescent,0,0,,,,,,,,
-47.631578947368425,-48.05263157894737,quiescent,quiescent,0,0,,,,,,,,
-47.631578947368425,-47.526315789473685,quiescent,quiescent,0,0,,,,,,,,
-47.631578947368425,-47.0,quiescent,quiescent,0,0,,,,,,,,
-47.10526315789474,-57.0,quiescent,quiescent,0,0,,,,,,,,
-47.10526315789474,-56.473684210526315,quiescent,quiescent,0,0,,,,,,,,
-47.10526315789474,-55.94736842105263,quiescent,quiescent,0,0,,,,,,,,
-47.10526315789474,-55.421052631578945,quiescent,quiescent,0,0,,,,,,,,
-47.10526315789474,-54.89473684210526,quiescent,quiescent,0,0,,,,,,,,
-47.10526315789474,-54.36842105263158,quiescent,quiescent,0,0,,,,,,,,
-47.10526315789474,-53.8421052631579,quiescent,quiescent,0,0,,,,,,,,
-47.10526315789474,-53.31578947368421,quiescent,quiescent,0,0,,,,,,,,
-47.10526315789474,-52.78947368421053,quiescent,quiescent,0,0,,,,,,,,
-47.10526315789474,-52.26315789473684,quiescent,quiescent,0,0,,,,,,,,
-47.10526315789474,-51.73684210526316,quiescent,quiescent,0,0,,,,,,,,
-47.10526315789474,-51.21052631578947,quiescent,quiescent,0,0,,,,,,,,
-47.10526315789474,-50.68421052631579,quiescent,quiescent,0,0,,,,,,,,
-47.10526315789474,-50.1578947368421,quiescent,quiescent,0,0,,,,,,,,
-47.10526315789474,-49.631578947368425,quiescent,quiescent,0,0,,,,,,,,
-47.10526315789474,-49.10526315789474,quiescent,quiescent,0,0,,,,,,,,
-47.10526315789474,-48.578947368421055,quiescent,quiescent,0,0,,,,,,,,
-47.10526315789474,-48.05263157894737,quiescent,quiescent,0,0,,,,,,,,
-47.10526315789474,-47.526315789473685,quiescent,quiescent,0,0,,,,,,,,
-47.10526315789474,-47.0,quiescent,quiescent,0,0,,,,,,,,
-46.578947368421055,-57.0,quiescent,quiescent,0,0,,,,,,,,
-46.578947368421055,-56.473684210526315,quiescent,quiescent,0,0,,,,,,,,
-46.578947368421055,-55.94736842105263,quiescent,quiescent,0,0,,,,,,,,
-46.578947368421055,-55.421052631578945,quiescent,quiescent,0,0,,,,,,,,
-46.578947368421055,-54.89473684210526,quiescent,quiescent,0,0,,,,,,,,
-46.578947368421055,-54.36842105263158,quiescent,quiescent,0,0,,,,,,,,
-46.578947368421055,-53.8421052631579,quiescent,quiescent,0,0,,,,,,,,
-46.578947368421055,-53.31578947368421,quiescent,quiescent,0,0,,,,,,,,
-46.578947368421055,-52.78947368421053,quiescent,quiescent,0,0,,,,,,,,
-46.578947368421055,-52.26315789473684,quiescent,quiescent,0,0,,,,,,,,
-46.578947368421055,-51.73684210526316,quiescent,quiescent,0,0,,,,,,,,
-46.578947368421055,-51.21052631578947,quiescent,quiescent,0,0,,,,,,,,
-46.578947368421055,-50.68421052631579,quiescent,quiescent,0,0,,,,,,,,
-46.578947368421055,-50.1578947368421,quiescent,quiescent,0,0,,,,,,,,
-46.578947368421055,-49.631578947368425,quiescent,quiescent,0,0,,,,,,,,
-46.578947368421055,-49.10526315789474,quiescent,quiescent,0,0,,,,,,,,
-46.578947368421055,-48.578947368421055,quiescent,quiescent,0,0,,,,,,,,
-46.578947368421055,-48.05263157894737,quiescent,quiescent,0,0,,,,,,,,
-46.578947368421055,-47.526315789473685,quiescent,quiescent,0,0,,,,,,,,
-46.578947368421055,-47.0,quiescent,quiescent,0,0,,,,,,,,
-46.05263157894737,-57.0,quiescent,quiescent,0,0,,,,,,,,
-46.05263157894737,-56.473684210526315,quiescent,quiescent,0,0,,,,,,,,
-46.05263157894737,-55.94736842105263,quiescent,quiescent,0,0,,,,,,,,
-46.05263157894737,-55.421052631578945,quiescent,quiescent,0,0,,,,,,,,
-46.05263157894737,-54.89473684210526,quiescent,quiescent,0,0,,,,,,,,
-46.05263157894737,-54.36842105263158,quiescent,quiescent,0,0,,,,,,,,
-46.05263157894737,-53.8421052631579,quiescent,quiescent,0,0,,,,,,,,
-46.05263157894737,-53.31578947368421,quiescent,quiescent,0,0,,,,,,,,
-46.05263157894737,-52.78947368421053,quiescent,quiescent,0,0,,,,,,,,
-46.05263157894737,-52.26315789473684,quiescent,quiescent,0,0,,,,,,,,
-46.05263157894737,-51.73684210526316,quiescent,quiescent,0,0,,,,,,,,
-46.05263157894737,-51.21052631578947,quiescent,quiescent,0,0,,,,,,,,
-46.05263157894737,-50.68421052631579,quiescent,quiescent,0,0,,,,,,,,
-46.05263157894737,-50.1578947368421,quiescent,quiescent,0,0,,,,,,,,
-46.05263157894737,-49.631578947368425,quiescent,quiescent,0,0,,,,,,,,
-46.05263157894737,-49.10526315789474,quiescent,quiescent,0,0,,,,,,,,
-46.05263157894737,-48.578947368421055,quiescent,quiescent,0,0,,,,,,,,
-46.05263157894737,-48.05263157894737,quiescent,quiescent,0,0,,,,,,,,
-46.05263157894737,-47.526315789473685,quiescent,quiescent,0,0,,,,,,,,
-46.05263157894737,-47.0,quiescent,quiescent,0,0,,,,,,,,
-45.526315789473685,-57.0,quiescent,quiescent,0,0,,,,,,,,
-45.526315789473685,-56.473684210526315,quiescent,quiescent,0,0,,,,,,,,
-45.526315789473685,-55.94736842105263,quiescent,quiescent,0,0,,,,,,,,
-45.526315789473685,-55.421052631578945,quiescent,quiescent,0,0,,,,,,,,
-45.526315789473685,-54.89473684210526,quiescent,quiescent,0,0,,,,,,,,
-45.526315789473685,-54.36842105263158,quiescent,quiescent,0,0,,,,,,,,
-45.526315789473685,-53.8421052631579,quiescent,quiescent,0,0,,,,,,,,
-45.526315789473685,-53.31578947368421,quiescent,quiescent,0,0,,,,,,,,
-45.526315789473685,-52.78947368421053,quiescent,quiescent,0,0,,,,,,,,
-45.526315789473685,-52.26315789473684,quiescent,quiescent,0,0,,,,,,,,
-45.526315789473685,-51.73684210526316,quiescent,quiescent,0,0,,,,,,,,
-45.526315789473685,-51.21052631578947,quiescent,quiescent,0,0,,,,,,,,
-45.526315789473685,-50.68421052631579,quiescent,quiescent,0,0,,,,,,,,
-45.526315789473685,-50.1578947368421,quiescent,quiescent,0,0,,,,,,,,
-45.526315789473685,-49.631578947368425,quiescent,quiescent,0,0,,,,,,,,
-45.526315789473685,-49.10526315789474,quiescent,quiescent,0,0,,,,,,,,
-45.526315789473685,-48.578947368421055,quiescent,quiescent,0,0,,,,,,,,
-45.526315789473685,-48.05263157894737,quiescent,quiescent,0,0,,,,,,,,
-45.526315789473685,-47.526315789473685,quiescent,quiescent,0,0,,,,,,,,
-45.526315789473685,-47.0,quiescent,quiescent,0,0,,,,,,,,
-45.0,-57.0,quiescent,quiescent,0,0,,,,,,,,
-45.0,-56.473684210526315,quiescent,quiescent,0,0,,,,,,,,
-45.0,-55.94736842105263,quiescent,quiescent,0,0,,,,,,,,
-45.0,-55.421052631578945,quiescent,quiescent,0,0,,,,,,,,
-45.0,-54.89473684210526,quiescent,quiescent,0,0,,,,,,,,
-45.0,-54.36842105263158,quiescent,quiescent,0,0,,,,,,,,
-45.0,-53.8421052631579,quiescent,quiescent,0,0,,,,,,,,
-45.0,-53.31578947368421,quiescent,quiescent,0,0,,,,,,,,
-45.0,-52.78947368421053,quiescent,quiescent,0,0,,,,,,,,
-45.0,-52.26315789473684,quiescent,quiescent,0,0,,,,,,,,
-45.0,-51.73684210526316,quiescent,quiescent,0,0,,,,,,,,
-45.0,-51.21052631578947,quiescent,quiescent,0,0,,,,,,,,
-45.0,-50.68421052631579,quiescent,quiescent,0,0,,,,,,,,
-45.0,-50.1578947368421,quiescent,quiescent,0,0,,,,,,,,
-45.0,-49.631578947368425,quiescent,quiescent,0,0,,,,,,,,
-45.0,-49.10526315789474,quiescent,quiescent,0,0,,,,,,,,
-45.0,-48.578947368421055,quiescent,quiescent,0,0,,,,,,,,
-45.0,-48.05263157894737,quiescent,quiescent,0,0,,,,,,,,
-45.0,-47.526315789473685,quiescent,quiescent,0,0,,,,,,,,
-45.0,-47.0,quiescent,quiescent,0,0,,,,,,,,
