g_s,tau_s,regime_A,regime_B,spike_count_A,spike_count_B,mean_spikes_per_burst_A,mean_spikes_per_burst_B,duty_cycle_A,duty_cycle_B,interburst_freq_A,interburst_freq_B,intraburst_freq_A,intraburst_freq_B
0.39892312754526665,3.5339400025595102,bursting,bursting,94,88,4.5,5.5,0.24327113251354385,0.23546771597209812,1.7198383351964914,1.7885888034340907,28.92253882586806,29.16322733454053
0.39892312754526665,3.5705731851886764,bursting,bursting,90,94,10.0,10.0,0.26872971410786534,0.26390052471449377,0.8892445867235782,0.8818730984611314,30.138715762158466,30.333559741095527
0.39892312754526665,3.8804511538385014,bursting,bursting,92,93,11.0,11.0,0.3027469799768326,0.2930189214375427,0.8274036074797285,0.8103399376038246,27.798860949856714,28.074247569509385
0.39892312754526665,3.9825988112977626,bursting,bursting,89,95,11.0,11.0,0.296695694636608,0.29424341441768537,0.8138683161064537,0.8068094719432009,27.691516703636427,27.71157625070986
0.39892312754526665,4.017990874528758,bursting,bursting,95,89,11.0,11.0,0.29394499839176563,0.29107342825147986,0.8041170794467672,0.7998720204767238,27.61162925563378,27.708611487815823
0.39892312754526665,4.063196699330868,bursting,bursting,95,89,11.0,11.0,0.29815901274529644,0.29543081988275893,0.8092251669026904,0.8030193527664018,27.36726683981211,27.41732314318286
0.39892312754526665,4.095442762782422,bursting,bursting,89,95,11.0,11.0,0.2970901063616294,0.3019522953765723,0.8027292795504715,0.8168599901976797,27.243407889130033,27.20962604273729
0.39892312754526665,4.158352993012739,bursting,bursting,92,93,11.0,12.0,0.27989541201944657,0.3124786194838267,0.817093598071659,0.7601961306016951,26.397103933630596,26.752045247864245
0.39892312754526665,4.229732875369103,bursting,bursting,96,90,12.0,12.0,0.3194643530743114,0.3180530906619341,0.754432289701999,0.7552014499867843,26.22265426420664,26.289498796552074
0.39892312754526665,4.316233184174,bursting,bursting,96,90,12.5,11.5,0.3458255630469086,0.30600680015111464,0.7172572084349449,0.7555723460521344,25.663989230142082,25.539983366262838
0.39892312754526665,4.359310269546686,bursting,bursting,89,95,11.0,8.0,0.28732145599754244,0.28840016650478717,0.7679311933650744,1.3875398917718886,24.09684034430362,25.001840270355647
0.39892312754526665,4.588149802396627,bursting,bursting,97,90,12.0,13.5,0.3087260543375336,0.37285352671546823,0.7283851700779372,0.684134911404529,24.2713377982479,24.330402965899836
0.39892312754526665,4.6747325124188706,bursting,bursting,91,98,13.0,13.0,0.3466561003342177,0.35175580009812857,0.689108637976777,0.7009182028457277,24.20505864551272,24.19004530237714
0.39892312754526665,4.709933922396952,bursting,bursting,92,95,13.5,13.5,0.33858929532006427,0.3451872762324427,0.6724045185583645,0.6885155604516661,23.967354625215577,23.859320635440486
0.39892312754526665,4.82922406657648,bursting,bursting,90,97,14.0,14.0,0.3628546301423407,0.3697031460600283,0.6514445783524968,0.657483809461192,23.54583165882394,23.39980027070911
0.39892312754526665,4.831263854274557,bursting,bursting,91,98,14.0,14.0,0.3626958224543081,0.3582084722177275,0.6527415143603134,0.6472282450406136,23.556993656818374,23.637926959667993
0.39892312754526665,4.83537928093241,bursting,bursting,93,93,6.0,6.0,0.3305627068775284,0.3301983835415135,1.4711290915777864,1.4695077149155036,22.610790131130074,22.37948287543716
0.39892312754526665,4.954625174264129,bursting,bursting,95,94,14.5,14.5,0.36181963288108554,0.3919123682050636,0.6384676775738232,0.6313529894564052,22.955969552714308,22.96155551879214
0.39892312754526665,5.019665555064,bursting,bursting,96,91,15.0,15.0,0.37613732864248445,0.3802554955943778,0.6065752759917505,0.6097746882526903,22.78731239850793,22.701490576233258
0.39892312754526665,5.343357938671881,bursting,bursting,91,99,17.0,17.0,0.40929251406317635,0.4180396840476644,0.5408913890090871,0.5428734290600146,21.404476186571017,21.216208532418847
0.4380684108120857,3.5339400025595102,bursting,bursting,88,87,9.5,7.5,0.16924367733429202,0.20957406709385565,0.79907307523273,1.5077271013946474,30.618397758319247,30.11413079260906
0.4380684108120857,3.5705731851886764,bursting,bursting,86,90,11.5,10.5,0.2642461860604246,0.2383825468494025,0.7478312892611426,0.7991369321133176,31.37540538489919,30.79556517739683
0.4380684108120857,3.8804511538385014,bursting,bursting,88,89,12.0,12.0,0.2720062595582744,0.27364019726967365,0.7113134402674538,0.7147451933385749,29.06195342830931,29.04320963963577
0.4380684108120857,3.9825988112977626,bursting,bursting,90,85,12.0,12.0,0.27805665112943706,0.2759564784525673,0.7171029042667622,0.7111363959607452,28.559720499003205,28.591788080591073
0.4380684108120857,4.017990874528758,bursting,bursting,89,86,11.5,12.5,0.27011387662747144,0.3006760344034262,0.7418672799436181,0.7078894276713978,27.96260204529615,28.39129787938053
0.4380684108120857,4.063196699330868,bursting,bursting,85,93,7.5,6.0,0.2562051847766134,0.25741547396805586,1.3789299503585224,1.3828389684021296,25.713100364970465,26.888241379695774
0.4380684108120857,4.095442762782422,bursting,bursting,92,89,13.0,13.0,0.2994038344285616,0.30436127435818133,0.6774608766343743,0.6873560848197409,27.432024974076587,27.249226967733644
0.4380684108120857,4.158352993012739,bursting,bursting,89,89,13.0,13.0,0.2957276368491323,0.30007669478808896,0.6675567423230976,0.6669112007736172,27.334403840235222,27.157440318043275
0.4380684108120857,4.229732875369103,bursting,bursting,89,90,13.0,13.0,0.2996058257616247,0.29951982807830513,0.6680919294494923,0.6715691212518049,27.01677476912975,27.049881273680356
0.4380684108120857,4.316233184174,bursting,bursting,93,85,13.5,13.5,0.3344420635174465,0.3294171548254079,0.6396520292960628,0.6545145138593449,26.177729515051166,26.354430528631433
0.4380684108120857,4.359310269546686,bursting,bursting,86,94,12.0,9.0,0.26897332578507427,0.25677612312293585,0.6660228445835691,1.2461835628388063,24.88323712472156,25.397224721784106
0.4380684108120857,4.588149802396627,bursting,bursting,90,89,14.0,14.5,0.3206942260858843,0.31535409035409034,0.6165418169487346,0.6105006105006103,25.261426466728455,25.104467887671355
0.4380684108120857,4.6747325124188706,bursting,bursting,87,94,15.0,15.0,0.3400836125359505,0.34316080220967954,0.5929967088682657,0.600456346823586,24.59385973684314,24.59434067501616
0.4380684108120857,4.709933922396952,bursting,bursting,89,93,15.0,15.0,0.3443993241841302,0.3373982553899118,0.5928209384355455,0.5834816349155407,24.407868579831586,24.512610408825388
0.4380684108120857,4.82922406657648,bursting,bursting,89,92,15.0,15.5,0.33844414816532403,0.3373014729196091,0.5796765404904064,0.576485169919004,24.193895044869652,23.886646600275338
0.4380684108120857,4.831263854274557,bursting,bursting,92,89,16.0,16.0,0.3582114133567565,0.3540295712987691,0.5489830089758722,0.5506759547344363,23.67154331172931,23.713091648390545
0.4380684108120857,4.83537928093241,bursting,bursting,91,90,16.0,14.5,0.353672820570026,0.29963527266309775,0.5577555914998048,0.5882698982293074,23.754017581028215,23.838035205526086
0.4380684108120857,4.954625174264129,bursting,bursting,93,87,16.0,16.0,0.3605654182202682,0.3544960541765652,0.5565139963270076,0.5461347314382458,23.401474203234372,23.45798815321615
0.4380684108120857,5.019665555064,bursting,bursting,94,86,10.5,15.0,0.3046210911338933,0.3288381456661427,1.0303436195971354,0.5515567689804473,22.413864447672584,21.986531150944963
0.4380684108120857,5.343357938671881,bursting,bursting,86,95,18.0,18.0,0.3841954515410411,0.38173444772046117,0.48960806874097285,0.48734130948609844,21.94467536153086,21.983881530566837
0.43829309954198914,3.5339400025595102,bursting,bursting,91,87,10.5,11.5,0.23606082548877605,0.27332383380830944,0.8045699573577925,0.7499625018749064,31.130353146976272,31.074273673019412
0.43829309954198914,3.5705731851886764,bursting,bursting,88,88,11.0,11.0,0.25122711336190107,0.25114385420705676,0.7791195948578109,0.7754943776657617,31.213262721687432,31.174500296814312
0.43829309954198914,3.8804511538385014,bursting,bursting,90,88,12.0,12.0,0.27344701583434833,0.2720231296402057,0.7164863509350146,0.7138777841233581,29.079484384326733,29.116605985757403
0.43829309954198914,3.9825988112977626,bursting,bursting,85,89,8.5,10.5,0.24213217938631,0.2017666543982335,1.3113034356150015,0.7361059992638939,27.431709190362948,27.59348111457021
0.43829309954198914,4.017990874528758,bursting,bursting,90,84,11.5,12.5,0.2666960061612938,0.294587461008467,0.7334873656801262,0.6855654200802112,28.05695013861943,28.32088140776801
0.43829309954198914,4.063196699330868,bursting,bursting,88,94,13.0,13.0,0.3043625639808823,0.29949823704909134,0.677943120572184,0.6780580417683754,27.359060438508266,27.450491157162148
0.43829309954198914,4.095442762782422,bursting,bursting,90,89,13.0,13.0,0.29856283422459884,0.30279959030385795,0.6684491978609624,0.6828269033799933,27.405212487644324,27.36099272130906
0.43829309954198914,4.158352993012739,bursting,bursting,91,88,12.5,13.0,0.2967580178988058,0.2928306179117461,0.6964515792039557,0.6690977217222576,26.744432646854648,27.48694526403143
0.43829309954198914,4.229732875369103,bursting,bursting,89,89,12.0,13.5,0.2613425129087779,0.3170967741935483,0.6884681583476764,0.6451612903225807,26.884503533851376,26.917566528980693
0.43829309954198914,4.316233184174,bursting,bursting,86,93,13.5,13.5,0.32190632807311603,0.29244154080015516,0.6324910660636919,0.6468514505643781,26.372504654549658,26.483305121563713
0.43829309954198914,4.359310269546686,bursting,bursting,87,94,13.5,13.5,0.29514794423516527,0.3013016971494482,0.6439357352136258,0.6590871642774756,26.26430908609489,26.133585949629882
0.43829309954198914,4.588149802396627,bursting,bursting,85,93,14.5,14.5,0.3169960716916279,0.3160019425726948,0.6137981831573777,0.6070539670976751,25.056349196807066,25.0192787098599
0.43829309954198914,4.6747325124188706,bursting,bursting,95,87,15.0,15.0,0.3360000000000002,0.3348437318461717,0.5860805860805859,0.5809225049378413,24.651585951237944,24.648131104431833
0.43829309954198914,4.709933922396952,bursting,bursting,94,87,13.5,10.0,0.2794927667816717,0.2835837631755998,0.6052902366684824,1.121327651939897,23.28812732160416,23.99913514969225
0.43829309954198914,4.82922406657648,bursting,bursting,92,90,14.5,16.0,0.3020282582071275,0.350741545827257,0.5974250978283596,0.5503123022315163,23.85331701388173,23.84305867849755
0.43829309954198914,4.831263854274557,bursting,bursting,91,90,16.0,16.0,0.3538859248666188,0.35221346943304116,0.5500247511138,0.5547542438699656,23.73080577604535,23.828883742567484
0.43829309954198914,4.83537928093241,bursting,bursting,89,91,15.5,16.0,0.3562266692862554,0.3492437527400264,0.5613404810687922,0.548005260850504,24.046371249325343,23.85871984013878
0.43829309954198914,4.954625174264129,bursting,bursting,92,87,16.0,15.0,0.3500873648574858,0.33449845792333677,0.5460303592879763,0.5874577764723161,23.57879336323503,23.239715307014873
0.43829309954198914,5.019665555064,bursting,bursting,94,86,16.0,16.0,0.3543768304588353,0.3522012578616349,0.5423581733376722,0.5421817393190197,23.28679167894433,23.352216292762872
0.43829309954198914,5.343357938671881,bursting,bursting,86,96,18.0,18.0,0.38002572003979335,0.3774395098062868,0.48528376968432296,0.48247412732492234,21.998208060068542,22.020258915493695
0.44603995493713916,3.5339400025595102,bursting,bursting,82,87,5.5,7.0,0.23008605851979355,0.23272980501392762,1.3769363166953532,1.392757660167131,29.835330055231957,29.055071204886442
0.44603995493713916,3.5705731851886764,bursting,bursting,90,84,11.5,11.5,0.23976586384311396,0.23716827334648444,0.7456565505927968,0.7444076376223617,30.99439927732752,31.21754620284593
0.44603995493713916,3.8804511538385014,bursting,bursting,89,82,11.5,12.5,0.25321474496356644,0.28556157108865826,0.7143877696813828,0.6896789544467051,28.96453538965606,29.268046355858612
0.44603995493713916,3.9825988112977626,bursting,bursting,86,91,12.5,11.5,0.2898976628405475,0.2571048276854449,0.6914672935970128,0.7194762213108857,28.80756529443714,28.51469499115553
0.44603995493713916,4.017990874528758,bursting,bursting,86,89,13.0,12.0,0.27993360995850625,0.25310602851898895,0.6639004149377593,0.7059155724975293,28.46634921586873,28.11234272147721
0.44603995493713916,4.063196699330868,bursting,bursting,88,88,13.0,13.0,0.283446563888163,0.28465272961458443,0.6532532009406845,0.660523795369728,28.01728650929824,28.048314916754368
0.44603995493713916,4.095442762782422,bursting,bursting,89,87,13.0,13.0,0.2890313297141736,0.283408861213445,0.6540650140623979,0.6520392527630162,27.695241545691186,27.914981437215513
0.44603995493713916,4.158352993012739,bursting,bursting,90,83,9.0,12.0,0.22834410145967907,0.2616317603393423,1.196458482890644,0.662778366914104,26.7987159295126,25.60704625185466
0.44603995493713916,4.229732875369103,bursting,bursting,84,90,12.5,13.5,0.2834776815456362,0.3064027791057144,0.6662225183211191,0.6374095675176084,26.78279574273612,27.288493939670065
0.44603995493713916,4.316233184174,bursting,bursting,91,88,13.5,14.0,0.2862132469676763,0.3128333073444565,0.6350415952244872,0.6237330422579136,26.690028544612254,26.327071252020293
0.44603995493713916,4.359310269546686,bursting,bursting,88,91,14.0,14.0,0.30820646119569267,0.3087467967519838,0.6188884762965713,0.6174935935039676,26.344843776864522,26.32071265506562
0.44603995493713916,4.588149802396627,bursting,bursting,94,86,15.0,15.0,0.32990506329113906,0.327817843433756,0.5860290670417252,0.5815982319413749,25.09657561066765,25.11772150655603
0.44603995493713916,4.6747325124188706,bursting,bursting,88,91,15.0,15.0,0.32217489494296914,0.3244315101714742,0.5717389439981703,0.5706296898627634,25.020935061776104,24.918933555828367
0.44603995493713916,4.709933922396952,bursting,bursting,88,91,15.0,15.0,0.3266006867299535,0.32935808957292567,0.5770839945754105,0.577517253327943,24.87278440223082,24.769269021479822
0.44603995493713916,4.82922406657648,bursting,bursting,91,87,15.5,16.0,0.35633222291231426,0.35504502230076584,0.5646208570944609,0.5610255547140169,24.159440492359348,23.867151657023538
0.44603995493713916,4.831263854274557,bursting,bursting,91,84,10.0,7.5,0.3515373038056331,0.350482832618026,1.075037626316921,1.0729613733905574,21.71701436987146,22.03174495579893
0.44603995493713916,4.83537928093241,bursting,bursting,85,93,16.0,16.0,0.34758364312267653,0.35413813343768374,0.5466870763175161,0.5590183637532493,23.940332223196908,23.851507292439262
0.44603995493713916,4.954625174264129,bursting,bursting,86,93,16.0,16.5,0.3446525515743758,0.36545148034980524,0.5428881650380023,0.5268148772521337,23.77417577986678,23.537558809921894
0.44603995493713916,5.019665555064,bursting,bursting,89,91,17.0,17.0,0.36004954455138966,0.3609801344979516,0.5160890769746856,0.515317822266883,23.189045751584487,23.151379691877572
0.44603995493713916,5.343357938671881,bursting,bursting,94,87,18.0,18.5,0.3614071218180513,0.38697814270845365,0.47893867190306266,0.4625881808719786,21.693279234094422,22.0319395533717
0.46890071919398574,3.5339400025595102,bursting,bursting,88,82,12.0,12.0,0.23328149300155512,0.2353041520248371,0.6761782405842183,0.6823376889222474,32.188894255933036,32.151004840179105
0.46890071919398574,3.5705731851886764,bursting,bursting,88,82,12.0,12.0,0.23498597451755707,0.23722341549896026,0.675926864713238,0.6818724216699057,31.945516881956145,31.893291595108483
0.46890071919398574,3.8804511538385014,bursting,bursting,89,82,13.0,13.0,0.2552203453219474,0.25427116844176534,0.6233248145608677,0.6246681450479435,29.683569497442893,29.77091609100542
0.46890071919398574,3.9825988112977626,bursting,bursting,86,82,12.5,14.0,0.2503172186270779,0.27397302081425884,0.634437254155564,0.6103888176768603,28.727412958767783,28.83201730804458
0.46890071919398574,4.017990874528758,bursting,bursting,86,80,12.0,9.0,0.22258597673383768,0.21084654536944913,0.635687496026953,1.1700696191423392,27.716122645282113,28.262067480170032
0.46890071919398574,4.063196699330868,bursting,bursting,80,86,9.0,12.0,0.21041214750542309,0.21596068918330527,1.1725391334935802,0.6220065932698885,28.129099213775422,27.685558108917533
0.46890071919398574,4.095442762782422,bursting,bursting,81,87,14.0,14.0,0.28425704513121647,0.27616236162361607,0.6053818445984804,0.5904059040590407,28.004196679367382,28.176370608454754
0.46890071919398574,4.158352993012739,bursting,bursting,89,82,13.0,9.5,0.2406736366876559,0.20960844209941673,0.594035879767138,1.1108025548458764,26.522914613599838,27.16473578054836
0.46890071919398574,4.229732875369103,bursting,bursting,89,82,14.0,14.0,0.2781749985348413,0.27873630903309377,0.5860634120611852,0.5888587916617594,27.653251299480228,27.666982409959534
0.46890071919398574,4.316233184174,bursting,bursting,85,88,14.5,15.0,0.2779347324723248,0.30349357341033895,0.5765682656826568,0.5662193533774985,26.960445164363005,26.595016905404297
0.46890071919398574,4.359310269546686,bursting,bursting,86,85,15.0,15.0,0.2980731639206929,0.30006534276541963,0.5585032113934656,0.568197960169323,26.585017889670542,26.64158353201021
0.46890071919398574,4.588149802396627,bursting,bursting,91,83,16.0,16.0,0.3185571953753532,0.3158297490566534,0.5327934359848685,0.5277462595983852,25.34167602289748,25.39432508043173
0.46890071919398574,4.6747325124188706,bursting,bursting,90,84,16.0,16.0,0.3194064714782471,0.31383255330213183,0.5308841876144719,0.5200208008320333,25.13713043993064,25.17338849865578
0.46890071919398574,4.709933922396952,bursting,bursting,84,88,7.5,10.5,0.29609422802365865,0.2964360373221844,1.0197838058331634,1.0197318105338293,24.33462648640008,23.327893321677024
0.46890071919398574,4.82922406657648,bursting,bursting,81,89,17.0,17.0,0.3260663276478746,0.3278914240755311,0.4866298450083944,0.4917387883556253,24.336060983852278,24.34598858813141
0.46890071919398574,4.831263854274557,bursting,bursting,90,80,16.0,17.0,0.31396799002286424,0.321599804305284,0.5196424859696528,0.4892367906066536,23.951300049268333,24.517583683584256
0.46890071919398574,4.83537928093241,bursting,bursting,89,82,17.0,17.0,0.33230259251929567,0.3353250000000001,0.49475559073817527,0.5,24.227742450589425,24.214765000387214
0.46890071919398574,4.954625174264129,bursting,bursting,89,80,16.0,17.0,0.30836608358377643,0.32876712328767127,0.5137294187151628,0.4909903274905485,23.779711702753236,24.059503400627122
0.46890071919398574,5.019665555064,bursting,bursting,90,85,18.0,18.0,0.3426896265177047,0.34711776494164814,0.4616592031762153,0.4715312978898974,23.430595612062742,23.429265876139137
0.46890071919398574,5.343357938671881,bursting,bursting,92,82,19.5,18.0,0.3808897366747794,0.3310442653217454,0.4385099432129623,0.4503084612959878,22.26197389829161,22.249407493566824
0.47104098838833064,3.5339400025595102,bursting,bursting,79,84,7.0,7.0,0.24338897493259934,0.24274239816408527,1.14724946939712,1.1474469305794606,29.897121624662102,29.915471932029728
0.47104098838833064,3.5705731851886764,bursting,bursting,82,84,12.5,11.5,0.2481126834210268,0.21961118690313788,0.6536161312461192,0.6821282401091404,31.993423819891962,31.72835770529704
0.47104098838833064,3.8804511538385014,bursting,bursting,82,88,13.0,13.0,0.2553398362763855,0.2550022091775547,0.627293542012985,0.6311935870731552,29.768929459847612,29.861041809853617
0.47104098838833064,3.9825988112977626,bursting,bursting,86,81,13.0,14.0,0.24597532595874919,0.26918951132300345,0.6375721253466798,0.5959475566150179,28.573019026732833,28.900276100094956
0.47104098838833064,4.017990874528758,bursting,bursting,79,87,8.5,6.5,0.24840332334821663,0.2508996851102116,1.1303905499350024,1.124606387764283,26.975881354450216,27.63682395138235
0.47104098838833064,4.063196699330868,bursting,bursting,87,81,14.0,14.0,0.27284819106171665,0.2776356496906235,0.5911563017261763,0.5949547834364588,28.439653642594728,28.28356651893343
0.47104098838833064,4.095442762782422,bursting,bursting,87,81,14.0,14.0,0.2791488593270326,0.2822980990434679,0.6019382411364594,0.6054001695120474,28.230164449768914,28.115988101184673
0.47104098838833064,4.158352993012739,bursting,bursting,88,82,14.0,14.0,0.275373837277758,0.2764242048374235,0.5887201224537855,0.5906500103363751,28.02634847534063,28.00932740397706
0.47104098838833064,4.229732875369103,bursting,bursting,89,83,14.0,14.0,0.27816714765298295,0.27436791630340013,0.5889628364450205,0.5812263876780006,27.72134968509416,27.757852533649068
0.47104098838833064,4.316233184174,bursting,bursting,86,84,15.0,15.0,0.2912124215394779,0.29150563047407185,0.5506001541680432,0.5560962046434035,26.890040939236034,26.942782883308414
0.47104098838833064,4.359310269546686,bursting,bursting,87,82,15.0,15.0,0.295322692574601,0.2928815632209469,0.5551700208188757,0.5559107207382492,26.669345666352882,26.784956822160392
0.47104098838833064,4.588149802396627,bursting,bursting,83,90,16.0,16.0,0.31017505470459517,0.3119089180105774,0.5209961446285298,0.5210640127139617,25.52098556043517,25.46150736905312
0.47104098838833064,4.6747325124188706,bursting,bursting,84,89,16.0,16.0,0.3190244421394183,0.3173354522579792,0.5319290406659751,0.5297311614355715,25.16617050010179,25.21189302009791
0.47104098838833064,4.709933922396952,bursting,bursting,82,82,8.5,8.5,0.2957277042722959,0.2957277042722959,1.00999899000101,1.00999899000101,23.916491769059984,23.916491769059984
0.47104098838833064,4.82922406657648,bursting,bursting,81,89,17.0,17.0,0.32897630100171044,0.3265903057713109,0.4886391399951136,0.49159374692753904,24.29458160129432,24.39588962614157
0.47104098838833064,4.831263854274557,bursting,bursting,89,80,17.0,17.0,0.32717113036628603,0.3305842954965761,0.4923198109491926,0.49982506122856984,24.381730590938936,24.38134786097836
0.47104098838833064,4.83537928093241,bursting,bursting,89,81,17.0,17.0,0.32413185522355187,0.32400244051250743,0.48944032498837564,0.4881025015253202,24.43487076232445,24.426066352143735
0.47104098838833064,4.954625174264129,bursting,bursting,82,90,17.0,17.0,0.3277029504510007,0.32697269142773705,0.4888899753110563,0.4867838193058462,24.06635970789095,24.062790626329104
0.47104098838833064,5.019665555064,bursting,bursting,90,84,16.0,12.0,0.2939173097075355,0.28638139284271014,0.47632656949604657,0.8980288267253382,22.707596346789522,22.83098087281617
0.47104098838833064,5.343357938671881,bursting,bursting,83,92,18.5,13.5,0.352702674313565,0.33058958652373666,0.4201592403520935,0.7656967840735068,20.96307810992814,21.675529643840505
0.4782207595680393,3.5339400025595102,bursting,bursting,87,79,13.0,13.0,0.24709878290404733,0.23811317201770046,0.6289901563040537,0.6276872861940179,31.55249884152037,31.959286503993084
0.4782207595680393,3.5705731851886764,bursting,bursting,80,88,13.0,13.0,0.23953313724263076,0.24758146639511208,0.6258213905751299,0.636456211812627,31.719682594651598,31.405647998505902
0.4782207595680393,3.8804511538385014,bursting,bursting,79,85,14.0,14.0,0.26301539185967804,0.26308023725912555,0.5885988404602843,0.5901968306430194,29.45934804334125,29.4653877372042
0.4782207595680393,3.9825988112977626,bursting,bursting,88,81,14.0,14.0,0.2642370353037525,0.26123954460966536,0.5849834742168533,0.5808550185873605,29.04550037823725,29.144625831675533
0.4782207595680393,4.017990874528758,bursting,bursting,88,81,14.0,14.0,0.2664417717805809,0.2615007921647702,0.5866823115283073,0.5761198329252484,28.868025725830325,28.939201365069113
0.4782207595680393,4.063196699330868,bursting,bursting,81,87,14.5,13.5,0.28004073319755607,0.263140779282209,0.5657388549445577,0.591261160054396,28.66328961016098,28.12324616509576
0.4782207595680393,4.095442762782422,bursting,bursting,80,88,14.0,14.0,0.2664427570093459,0.2678411033523601,0.5841121495327104,0.5794917857039377,28.618673072785587,28.447685457320745
0.4782207595680393,4.158352993012739,bursting,bursting,87,82,14.0,14.0,0.27021679033900803,0.27110489021083023,0.5819874872690236,0.5832094013355493,28.22108039077515,28.180924179254497
0.4782207595680393,4.229732875369103,bursting,bursting,86,81,15.0,15.0,0.28797817219711197,0.2848371889047256,0.5512071436445817,0.548185505975222,27.3107152857879,27.376482860198536
0.4782207595680393,4.316233184174,bursting,bursting,85,78,15.0,14.0,0.28533813747228376,0.25856446073479766,0.5543237250554325,0.5772172357066583,27.247399233203545,27.040889257237435
0.4782207595680393,4.359310269546686,bursting,bursting,82,87,7.5,10.0,0.27650479646105686,0.27236789431545233,0.9940851931010488,1.0008006405124104,25.62837487230551,24.588009296536214
0.4782207595680393,4.588149802396627,bursting,bursting,83,85,16.0,16.0,0.2999361674964893,0.30164322267081545,0.5106600280863015,0.5143106950909044,25.790026325825057,25.771385767513777
0.4782207595680393,4.6747325124188706,bursting,bursting,79,86,16.5,15.5,0.31351989957911847,0.2744735195996665,0.4922592237072042,0.5212677231025853,25.444016198669253,24.9169784164245
0.4782207595680393,4.709933922396952,bursting,bursting,88,79,17.0,17.0,0.3154189727157977,0.3140531689462531,0.48548402757549275,0.48160277403197854,24.959831040694397,24.958666168929525
0.4782207595680393,4.82922406657648,bursting,bursting,81,89,17.0,17.0,0.3229725077460286,0.3244107368577589,0.49181134116952746,0.49569980419857745,24.563427116074887,24.58735079001746
0.4782207595680393,4.831263854274557,bursting,bursting,80,89,17.0,17.0,0.315869017632242,0.3154443029764336,0.47978889288712967,0.48045739544045923,24.60921248853964,24.639834533845274
0.4782207595680393,4.83537928093241,bursting,bursting,89,80,17.0,17.0,0.32101814269646456,0.320001956899293,0.489021468042447,0.4892248232675327,24.570154002256672,24.623437276050964
0.4782207595680393,4.954625174264129,bursting,bursting,85,85,18.0,18.0,0.33177194553511946,0.33980695429701135,0.4592317053569378,0.46517036864751715,23.884209465900295,23.71584424247727
0.4782207595680393,5.019665555064,bursting,bursting,84,85,18.0,18.0,0.33266703427993727,0.33198352779684287,0.4595165885488467,0.45756119881034085,23.727623965586567,23.73330671824289
0.4782207595680393,5.343357938671881,bursting,bursting,88,84,20.0,20.0,0.35584474322601867,0.3555928938794747,0.41116730397598783,0.4098108722824417,22.331529956655714,22.315309594638475
0.49231351846763316,3.5339400025595102,bursting,bursting,81,75,13.0,13.0,0.2219598936074831,0.2232220784301923,0.5977107677594812,0.6019201251993862,32.63059008142102,32.6361428081749
0.49231351846763316,3.5705731851886764,bursting,bursting,74,83,13.5,12.5,0.23567643528412932,0.2179239200515795,0.5855315162338612,0.6140431672346567,32.52225374974802,31.883501535318896
0.49231351846763316,3.8804511538385014,bursting,bursting,79,80,14.0,14.0,0.242007734898862,0.24020014374965415,0.5564675440304946,0.5528832863382539,30.175398351307315,30.200604551007384
0.49231351846763316,3.9825988112977626,bursting,bursting,76,83,14.5,14.5,0.23946701192210185,0.24433892350341727,0.5394616173059287,0.5489528723959048,29.352958527792655,29.202314866543023
0.49231351846763316,4.017990874528758,bursting,bursting,85,77,15.0,15.0,0.2667498076259716,0.26008106969888384,0.5306869742882161,0.5264266161297116,28.690182879160517,28.847120731906035
0.49231351846763316,4.063196699330868,bursting,bursting,86,77,15.0,15.0,0.2625257378174329,0.2579154633762143,0.527955229396547,0.5250721974271463,28.63389312394326,28.810035931078144
0.49231351846763316,4.095442762782422,bursting,bursting,86,78,15.0,15.0,0.26032164513577644,0.2624475264360487,0.5272871078302135,0.5313778627982358,28.626226052690814,28.610838268192484
0.49231351846763316,4.158352993012739,bursting,bursting,81,78,8.0,9.5,0.24501736193692633,0.2447638994668696,0.9513390096560908,0.9520182787509518,27.399888575113867,26.374415399503338
0.49231351846763316,4.229732875369103,bursting,bursting,79,84,15.0,15.0,0.26413122975655595,0.26847501067919677,0.5224114512590116,0.5339598462195644,27.98815403212766,27.99928555219969
0.49231351846763316,4.316233184174,bursting,bursting,82,80,16.0,15.5,0.28592821843957467,0.25835059881752503,0.49917635900763735,0.5053312446308554,26.94375716314972,27.46804943056565
0.49231351846763316,4.359310269546686,bursting,bursting,82,78,16.0,16.0,0.2811768555105329,0.2837258560693932,0.5033599275161704,0.5043118664582178,27.04935309937839,26.95030173036257
0.49231351846763316,4.588149802396627,bursting,bursting,87,79,17.0,17.0,0.2974903611892995,0.29330699511968394,0.47307046384558976,0.464792005577504,25.749474041428442,25.796444335430955
0.49231351846763316,4.6747325124188706,bursting,bursting,86,80,17.0,17.0,0.2970765161622545,0.3020987008042641,0.4681319195749363,0.47589587398277255,25.509231962534074,25.444576730092233
0.49231351846763316,4.709933922396952,bursting,bursting,83,80,17.0,17.0,0.29721152724302874,0.2974116651385853,0.46669000116672493,0.4701789030726191,25.393363223064714,25.45673510586456
0.49231351846763316,4.82922406657648,bursting,bursting,76,85,18.0,18.0,0.3088966865061741,0.30716926326907856,0.44416807319889856,0.4401021036880555,24.70095506661144,24.700293980939662
0.49231351846763316,4.831263854274557,bursting,bursting,76,84,18.0,18.0,0.3089765732252779,0.30888500586140566,0.44285018378282615,0.442370219636814,24.676110781366265,24.677732123522066
0.49231351846763316,4.83537928093241,bursting,bursting,76,84,17.0,18.0,0.2881582279938293,0.3048226261913166,0.46050056411319096,0.44122837980938917,24.47048850111754,24.78905559356441
0.49231351846763316,4.954625174264129,bursting,bursting,84,84,10.0,10.0,0.3211089805049535,0.3211089805049535,0.798977309044423,0.798977309044423,22.89440327038602,22.89440327038602
0.49231351846763316,5.019665555064,bursting,bursting,79,88,19.0,19.0,0.3263335086796419,0.3289857523358559,0.4208311415044712,0.4227793514564748,23.69438503458202,23.66566146481629
0.49231351846763316,5.343357938671881,bursting,bursting,85,76,20.0,20.5,0.33522659570242686,0.3548923028810444,0.3971879096000317,0.3909151323247722,22.720080461916737,22.52903565712548
0.4966749399842597,3.5339400025595102,bursting,bursting,82,75,13.0,13.0,0.21642010097452186,0.2195654776155137,0.5870611717740988,0.598515681110845,32.85835302675923,32.86169044528308
0.4966749399842597,3.5705731851886764,bursting,bursting,76,84,14.0,12.5,0.2285885065323202,0.20625407939239324,0.5692653630489852,0.5933661662611996,32.23887598996903,32.32078439864106
0.4966749399842597,3.8804511538385014,bursting,bursting,75,80,13.5,14.5,0.22741629816803519,0.2488003645819368,0.5493147298744816,0.536149907514141,29.910025056011996,30.399326303856256
0.4966749399842597,3.9825988112977626,bursting,bursting,85,77,15.0,15.0,0.2532321381837215,0.2505382201125722,0.5234231876472127,0.5187663735636656,29.297168197177097,29.330285788867965
0.4966749399842597,4.017990874528758,bursting,bursting,85,77,15.0,15.0,0.25482474441894426,0.25087650954421487,0.5215939912372208,0.5194130632385404,29.067148321213953,29.235826367835717
0.4966749399842597,4.063196699330868,bursting,bursting,79,80,15.5,14.0,0.272864798338504,0.22464520595361714,0.5128073639137458,0.5325238970098782,28.769112098545435,28.875181906869877
0.4966749399842597,4.095442762782422,bursting,bursting,84,78,15.0,15.0,0.255318039624609,0.25623257873759375,0.5213764337851928,0.521009716831219,28.819546203416074,28.75065554308623
0.4966749399842597,4.158352993012739,bursting,bursting,80,79,15.5,14.5,0.2679797298983998,0.24557987382194868,0.49926358621033956,0.5192512397123347,28.424530880695414,28.20520311094455
0.4966749399842597,4.229732875369103,bursting,bursting,77,81,16.0,16.0,0.27493086868787503,0.2732013807832715,0.49824369098926286,0.4966846300941217,27.54952575313427,27.6274399712188
0.4966749399842597,4.316233184174,bursting,bursting,82,76,16.0,16.0,0.27043068772687145,0.27318535997836924,0.49053271853232594,0.491605830445149,27.442286648929763,27.34208347276558
0.4966749399842597,4.359310269546686,bursting,bursting,78,79,9.5,9.5,0.2719215619112863,0.2722441282358992,0.8563110121596162,0.8571918395336874,25.47923363344177,25.472218445632933
0.4966749399842597,4.588149802396627,bursting,bursting,84,79,17.0,17.0,0.2870106598051828,0.29118729330662807,0.45947436133063774,0.4657878801993573,25.957885687551094,25.907639505237626
0.4966749399842597,4.6747325124188706,bursting,bursting,80,80,17.0,17.0,0.2906242747737293,0.2909393183707398,0.4641448131817126,0.46180844185831715,25.703892861924707,25.655018030043294
0.4966749399842597,4.709933922396952,bursting,bursting,81,78,17.0,17.0,0.29223881981814814,0.29146574994808866,0.46390796066060497,0.46143552592114057,25.558550668404564,25.55004919346348
0.4966749399842597,4.82922406657648,bursting,bursting,76,85,17.0,18.0,0.2827173514306675,0.30186406150745837,0.458547322083639,0.4380873108010426,24.68240895709064,24.86883792324275
0.4966749399842597,4.831263854274557,bursting,bursting,79,85,10.0,12.5,0.30300754851203415,0.30515431367905915,0.7904201082875547,0.7893282816323308,23.834224811890873,22.400724577249953
0.4966749399842597,4.83537928093241,bursting,bursting,75,85,18.0,18.0,0.30756093774258675,0.30671514399095506,0.44358684321423014,0.44339016117232344,24.74627556856313,24.782367554476668
0.4966749399842597,4.954625174264129,bursting,bursting,87,77,18.5,18.5,0.30331712587790366,0.29779131759329786,0.43219881145326855,0.42311923500042303,24.18341871807147,24.257700088111363
0.4966749399842597,5.019665555064,bursting,bursting,84,79,19.0,19.0,0.3155903753927567,0.3124130879345603,0.41342814618819246,0.40899795501022507,23.919527637042457,23.93528383242947
0.4966749399842597,5.343357938671881,bursting,bursting,77,87,21.0,21.0,0.33612631735746495,0.34060730048682525,0.3723978698841843,0.3788524559110453,22.532007173472778,22.50712029631739
0.5025920619929716,3.5339400025595102,bursting,bursting,73,80,14.0,14.0,0.22018927444794945,0.22533479092648248,0.548621588259498,0.5465974309920743,32.641951013719094,32.31473773218693
0.5025920619929716,3.5705731851886764,bursting,bursting,73,78,13.0,14.0,0.20209501327825333,0.21921690559392445,0.5901445854234285,0.5503123022315164,32.16796710267472,32.62486532256273
0.5025920619929716,3.8804511538385014,bursting,bursting,82,76,15.0,15.0,0.24382211783927296,0.23936129768090222,0.5105687736138058,0.506906602458497,29.9335062900162,30.088381592822177
0.5025920619929716,3.9825988112977626,bursting,bursting,78,77,15.0,15.0,0.24143254872184242,0.24060320737141588,0.5062009617818275,0.5035119961733088,29.634201155089126,29.618272055207644
0.5025920619929716,4.017990874528758,bursting,bursting,77,78,15.0,15.0,0.24499579264094648,0.24610012234910292,0.5099829155723282,0.5097879282218598,29.406952440066448,29.334671351527735
0.5025920619929716,4.063196699330868,bursting,bursting,79,72,14.5,15.5,0.23595534388282888,0.25783233503413944,0.5121114354483536,0.4929872562794252,28.880217663826702,29.11612911571012
0.5025920619929716,4.095442762782422,bursting,bursting,74,78,15.0,15.0,0.2446097591728661,0.24680981126308535,0.5043500189131257,0.5094113751560072,29.074153676578067,29.071895158013774
0.5025920619929716,4.158352993012739,bursting,bursting,73,83,16.0,15.0,0.25407779171894584,0.23761377675802428,0.48257890165041994,0.5042737197750939,28.536399061339175,28.04593568720086
0.5025920619929716,4.229732875369103,bursting,bursting,83,75,15.0,16.5,0.23252160251374718,0.2737556561085973,0.4909662215239592,0.4664831832812427,27.91719895690273,27.899198920239552
0.5025920619929716,4.316233184174,bursting,bursting,83,75,16.0,16.0,0.2607489268859536,0.26066125895356007,0.4743045509521662,0.4743607988235852,27.618928125708106,27.61742191063598
0.5025920619929716,4.359310269546686,bursting,bursting,76,81,16.5,15.0,0.27651506284965244,0.23575945503821066,0.4681538353502961,0.4883170154064018,27.411173630854204,27.348622888444275
0.5025920619929716,4.588149802396627,bursting,bursting,80,75,17.0,17.0,0.2801869879955522,0.27808042677275707,0.45385435813647396,0.45208978503130726,26.161913711900407,26.213533626767187
0.5025920619929716,4.6747325124188706,bursting,bursting,74,85,18.0,18.0,0.2873975409836067,0.29099465240641714,0.4269125683060108,0.427807486631016,25.55601585091391,25.449459558707364
0.5025920619929716,4.709933922396952,bursting,bursting,85,74,18.0,18.0,0.29650658807212205,0.29191726883302344,0.43342579750346744,0.4326943879537881,25.265100325740622,25.420459673728242
0.5025920619929716,4.82922406657648,bursting,bursting,84,75,18.0,18.0,0.2936615041878201,0.29183634309106016,0.42842148105306,0.42641195659126263,25.023603295883674,25.046832818796823
0.5025920619929716,4.831263854274557,bursting,bursting,85,76,18.0,18.0,0.28875682077746284,0.2971191988381418,0.4229939511864981,0.4335291439967053,25.0920613880782,24.976519505705358
0.5025920619929716,4.83537928093241,bursting,bursting,75,84,17.0,18.0,0.2717122417597113,0.2894552850695991,0.4457221813643556,0.4237377910548952,24.89114383740052,25.07052309234156
0.5025920619929716,4.954625174264129,bursting,bursting,78,80,19.0,19.0,0.3035177512389307,0.3033642106112893,0.4062068405231945,0.4036245484450364,24.328512138021786,24.29196086715125
0.5025920619929716,5.019665555064,bursting,bursting,79,78,19.0,19.0,0.30644109253974705,0.3045183463054684,0.4076640847941296,0.40432629131709286,24.14066818826982,24.13512580983668
0.5025920619929716,5.343357938671881,bursting,bursting,84,78,19.5,21.0,0.3300796775922948,0.3332466519308282,0.36973360693620233,0.3714917250218251,23.03555258149525,22.607230223446486
0.5067932684609073,3.5339400025595102,bursting,bursting,72,80,14.0,14.0,0.21797235023041475,0.21610943883035924,0.5421523448088913,0.5375188131584603,32.69588232107975,32.73582126977355
0.5067932684609073,3.5705731851886764,bursting,bursting,73,80,14.0,14.0,0.21524160589790836,0.21622638467119956,0.5342308411464594,0.5374754776813309,32.597284631821296,32.58275012985615
0.5067932684609073,3.8804511538385014,bursting,bursting,71,80,15.5,14.0,0.25123299214354755,0.21178884242089485,0.49567523358695376,0.5260527630921381,30.137469500152566,30.162070819417515
0.5067932684609073,3.9825988112977626,bursting,bursting,77,75,8.5,8.5,0.23236410662884335,0.23235441348239586,0.8343414959743023,0.8343066911396627,28.67714379588135,28.742593438617853
0.5067932684609073,4.017990874528758,bursting,bursting,79,73,14.0,11.0,0.20599384032219845,0.21492128678986983,0.4738213693437575,0.8555783709787816,27.99811737150496,28.523485987623694
0.5067932684609073,4.063196699330868,bursting,bursting,74,81,15.5,16.0,0.23332045959254608,0.25544212047279535,0.48276527952109693,0.4737428050311486,29.04941450009066,28.695205875115597
0.5067932684609073,4.095442762782422,bursting,bursting,83,73,15.0,16.0,0.22967520175351186,0.24493115805356466,0.4981568197668626,0.47152018106374954,28.564651327134865,28.986412864458035
0.5067932684609073,4.158352993012739,bursting,bursting,81,74,15.0,16.0,0.2301311345122195,0.24843458330379736,0.49672163719451623,0.472578625268779,28.348476433447807,28.659286754691394
0.5067932684609073,4.229732875369103,bursting,bursting,77,76,11.0,15.0,0.2349149582068452,0.22718076056467562,0.8317045785337048,0.45983354025842643,27.178164050760547,26.56965832310653
0.5067932684609073,4.316233184174,bursting,bursting,75,78,16.5,15.5,0.26627286411531276,0.22774287557031253,0.4561419513752679,0.47774884743090557,27.758126257012854,27.32615883957047
0.5067932684609073,4.359310269546686,bursting,bursting,78,76,17.0,17.0,0.2685972728500067,0.2700843170320404,0.45002475136132486,0.44969083754918476,27.158433349288366,27.06489618583498
0.5067932684609073,4.588149802396627,bursting,bursting,73,83,17.5,17.5,0.28843208731476905,0.28889602741192855,0.4313970794417721,0.42831138237498667,26.093882361410085,26.040653250172703
0.5067932684609073,4.6747325124188706,bursting,bursting,80,76,12.5,16.5,0.24895547107313604,0.26245943922123305,0.7528136409831747,0.4160079873533572,25.050592093845115,24.411185478341626
0.5067932684609073,4.709933922396952,bursting,bursting,74,83,18.0,18.0,0.2829918205582257,0.2822656692022383,0.4216207100092756,0.41910270111690867,25.568285142238285,25.547119296859933
0.5067932684609073,4.82922406657648,bursting,bursting,77,78,18.5,19.0,0.299211800701072,0.2946827032760312,0.405243855490041,0.4002481538553903,24.954147099801794,24.80074065568217
0.5067932684609073,4.831263854274557,bursting,bursting,78,78,19.0,19.0,0.2982695354013352,0.29633853541416555,0.4010346694471737,0.40016006402561016,24.704460580084444,24.74421932099277
0.5067932684609073,4.83537928093241,bursting,bursting,80,77,18.5,18.5,0.2995359957854641,0.3062307676421387,0.40524385549004116,0.41304392722166017,24.935369448708702,24.87103462755908
0.5067932684609073,4.954625174264129,bursting,bursting,78,76,19.0,19.0,0.2987284305257026,0.2986906218042552,0.401759707518933,0.4010346694471737,24.428950760362333,24.424025653250336
0.5067932684609073,5.019665555064,bursting,bursting,72,80,19.5,19.0,0.31697234352256193,0.29617954360712945,0.38816108685104317,0.396518566981899,24.000093145731793,24.288894531202576
0.5067932684609073,5.343357938671881,bursting,bursting,77,81,21.0,18.0,0.32164346817456874,0.32091768369970664,0.36247643903146287,0.3621482634990766,22.796727714693326,23.331071040224188
0.5090387685774133,3.5339400025595102,bursting,bursting,81,72,14.0,14.0,0.21419396274887595,0.21168290028928602,0.5352172982230785,0.530799649672231,32.834952320803474,32.925315953029816
0.5090387685774133,3.5705731851886764,bursting,bursting,80,72,14.0,14.0,0.21195364588845406,0.21039008575611762,0.5291565244999472,0.5229031583350764,32.74549284890716,32.69330412121906
0.5090387685774133,3.8804511538385014,bursting,bursting,79,70,14.0,15.5,0.20516429521957213,0.24412802726055743,0.511823113931825,0.4867956675185592,30.327796708722325,30.339952049695185
0.5090387685774133,3.9825988112977626,bursting,bursting,79,73,14.0,11.0,0.2010308076214464,0.20866058161749115,0.46642878798479437,0.8490766291657825,28.30755342929232,28.925822296362792
0.5090387685774133,4.017990874528758,bursting,bursting,80,73,15.5,15.5,0.22977252399255446,0.23318374653620713,0.48347716779075117,0.4904485151671204,29.408327548251652,29.31000787470463
0.5090387685774133,4.063196699330868,bursting,bursting,81,76,16.0,16.0,0.2501070561926058,0.2508680968463112,0.47580530047104724,0.4756695048280454,28.872775565666476,28.858773276979992
0.5090387685774133,4.095442762782422,bursting,bursting,75,80,16.0,16.0,0.24804940716120946,0.24942851700161905,0.4714423779553544,0.47623583198399844,28.83250245501696,28.84299742723794
0.5090387685774133,4.158352993012739,bursting,bursting,78,75,15.0,16.0,0.22750215437646196,0.2458214814640683,0.4924289055767573,0.47015679729189686,28.435514822748903,28.759615728312877
0.5090387685774133,4.229732875369103,bursting,bursting,74,76,15.0,16.5,0.22226699535412903,0.26257710760795067,0.47406845548497206,0.4569339730408955,28.171778778963624,28.210148011639443
0.5090387685774133,4.316233184174,bursting,bursting,76,77,16.5,16.0,0.2516665123599668,0.25450154740692105,0.46292009999074146,0.46891118822095096,27.517374545854555,27.84194079126652
0.5090387685774133,4.359310269546686,bursting,bursting,71,78,16.0,17.0,0.24258809936452927,0.2610760552074739,0.4621606008087811,0.4459408236527013,27.104486720819036,27.430811878530122
0.5090387685774133,4.588149802396627,bursting,bursting,74,83,18.0,18.0,0.2794346527573301,0.28046169989506803,0.42064526984394063,0.41972717733473236,25.973538331930268,25.93540530148224
0.5090387685774133,4.6747325124188706,bursting,bursting,74,83,18.0,18.0,0.2803502803502801,0.28180704570414816,0.4200004200004199,0.4224043254202923,25.72398236633808,25.72135095365084
0.5090387685774133,4.709933922396952,bursting,bursting,74,83,18.0,18.0,0.2806862806862809,0.28003841576716715,0.4200004200004201,0.41756268659832557,25.64204429736739,25.616642039681565
0.5090387685774133,4.82922406657648,bursting,bursting,72,79,13.0,17.5,0.25187406296851567,0.2683867141162515,0.7313416462500459,0.3954132068011072,24.24599208516429,23.870208285900507
0.5090387685774133,4.831263854274557,bursting,bursting,79,71,17.0,13.0,0.24915264315870853,0.2725521669341894,0.39642425323581293,0.713393971820938,23.99734276990186,24.451272335668154
0.5090387685774133,4.83537928093241,bursting,bursting,76,78,19.0,19.0,0.2955524823121481,0.2943631737955161,0.40085783576854467,0.3975194784544444,24.777365907301785,24.76658531189754
0.5090387685774133,4.954625174264129,bursting,bursting,73,79,19.0,19.0,0.2966096609660967,0.2928164824991627,0.40004000400039996,0.393941184581142,24.48726696720827,24.494262899994155
0.5090387685774133,5.019665555064,bursting,bursting,82,73,18.5,14.0,0.2872224722472248,0.29014279589750364,0.375037503750375,0.6595653464366982,22.81623990630398,23.55046258172991
0.5090387685774133,5.343357938671881,bursting,bursting,77,79,21.0,17.0,0.31688148943788036,0.31806556195965413,0.3580379520229145,0.3602305475504322,22.848648558829105,23.444693944300845
0.5205443953189971,3.5339400025595102,bursting,bursting,69,75,15.0,15.0,0.20289070407947052,0.2022243736569932,0.47079871001153467,0.47226616921296827,32.95727572058433,33.040198464881165
0.5205443953189971,3.5705731851886764,bursting,bursting,76,70,15.0,15.0,0.20521809639646088,0.20769321533923313,0.4769740764589445,0.47197640117994094,32.7843579011887,32.55200201304507
0.5205443953189971,3.8804511538385014,bursting,bursting,74,68,16.0,16.0,0.2252250225022501,0.22314897413024093,0.45004500450045,0.44603033006244425,30.35742778773831,30.398220321319606
0.5205443953189971,3.9825988112977626,bursting,bursting,74,66,16.0,16.0,0.22294864715626744,0.2248491838183108,0.44174489232468234,0.44357700496806235,29.9731794269097,29.91038729647563
0.5205443953189971,4.017990874528758,bursting,bursting,68,75,15.0,16.5,0.20036540803897665,0.2373171524542205,0.45112103577389806,0.43341640481092214,29.667067115715735,29.66984215247597
0.5205443953189971,4.063196699330868,bursting,bursting,66,75,16.0,16.0,0.2240801209703927,0.2233232206386278,0.4382985251254629,0.4365191959316411,29.56411601713415,29.57385578616378
0.5205443953189971,4.095442762782422,bursting,bursting,76,67,16.0,16.0,0.22761706463474055,0.22779350614881025,0.4430071324148319,0.4423604352826681,29.378525225834963,29.357220074966936
0.5205443953189971,4.158352993012739,bursting,bursting,70,77,16.0,17.0,0.21776850428289043,0.23575423693174646,0.4392708104546452,0.42053913116615493,28.52578214014491,28.725135560583972
0.5205443953189971,4.229732875369103,bursting,bursting,72,70,12.0,15.5,0.21804894011562387,0.2138186354399309,0.7271933970839545,0.40240639021347663,27.709574550209883,27.049272480128945
0.5205443953189971,4.316233184174,bursting,bursting,66,73,12.5,16.0,0.23556629834254147,0.20627715326618493,0.6906077348066301,0.3896432815757174,27.22986568006211,26.624318394149174
0.5205443953189971,4.359310269546686,bursting,bursting,71,75,17.0,17.0,0.24152418985814697,0.2392033413575296,0.41599068180872745,0.41149723268111016,27.763635048181463,27.77369198072155
0.5205443953189971,4.588149802396627,bursting,bursting,66,76,18.0,17.0,0.25017478443253316,0.2370248613108689,0.38840985007379786,0.4109307581672487,26.57679447143508,26.33077346289175
0.5205443953189971,4.6747325124188706,bursting,bursting,77,68,19.0,18.5,0.27079384335431034,0.2513975036373383,0.37910379862006227,0.3828777088597902,25.666229965578278,25.944821239378157
0.5205443953189971,4.709933922396952,bursting,bursting,78,69,19.0,19.0,0.26658663315263276,0.2642855818953534,0.37515709703438305,0.3706930105832854,25.64573630891063,25.659370066386373
0.5205443953189971,4.82922406657648,bursting,bursting,69,79,19.0,19.0,0.26721629485936,0.26793260727915874,0.37305080952025665,0.3723354742623103,25.309858103078888,25.27137706469372
0.5205443953189971,4.831263854274557,bursting,bursting,71,76,19.5,18.0,0.2807100591715977,0.24151789886905312,0.36413290851160673,0.37386671651556214,25.145197348222236,25.18749433459981
0.5205443953189971,4.83537928093241,bursting,bursting,75,71,18.0,19.5,0.2451427065291063,0.2786754293598635,0.3765343775886738,0.3630950219672488,25.088593718753188,25.177576483807695
0.5205443953189971,4.954625174264129,bursting,bursting,76,72,17.0,20.0,0.27956989247311836,0.28394615593097816,0.3554607660179508,0.3613695907489385,25.086679850793516,24.48130178081214
0.5205443953189971,5.019665555064,bursting,bursting,70,73,19.0,20.0,0.26253140876327447,0.27710928652321615,0.36681767327549836,0.353907134767837,24.18004439894586,24.436850482202026
0.5205443953189971,5.343357938671881,bursting,tonic_spiking,80,68,22.0,22.0,0.30224547492932097,,0.32496019237643387,,22.871819176119725,22.881953448486893
0.5223053598778914,3.5339400025595102,bursting,bursting,75,69,14.0,15.5,0.17754543914421939,0.21580314485829552,0.48403881991335707,0.4638434064659771,33.04836636300868,32.94172478807004
0.5223053598778914,3.5705731851886764,bursting,bursting,70,75,15.0,15.0,0.20149043869516303,0.20295968141009021,0.46869141357330324,0.4712868487404858,32.87579211452531,32.829103717206756
0.5223053598778914,3.8804511538385014,bursting,bursting,65,74,16.0,16.0,0.2215115375219311,0.22157279489904355,0.44417793768183544,0.44279135671271697,30.44067581997746,30.432557651063554
0.5223053598778914,3.9825988112977626,bursting,bursting,75,68,16.5,15.5,0.2315926669800436,0.21221613155834007,0.4273321652920816,0.4350474201687984,29.96705831039254,29.650254338100744
0.5223053598778914,4.017990874528758,bursting,bursting,66,75,16.0,16.0,0.22254671614589064,0.22206184665179543,0.4391647087240069,0.43738791934566773,29.83629533537431,29.818303790163004
0.5223053598778914,4.063196699330868,bursting,bursting,75,66,16.0,16.0,0.2195752380131825,0.21994956570467916,0.43079309007883515,0.43106235316938585,29.66123782364379,29.64617522060337
0.5223053598778914,4.095442762782422,bursting,bursting,77,68,16.5,16.5,0.23817667426737635,0.2385342488979316,0.4222616333079975,0.42387249915225494,29.142756316126174,29.161325459679937
0.5223053598778914,4.158352993012739,bursting,bursting,69,78,17.0,17.0,0.23563806461043726,0.2361630555149287,0.41764988410215714,0.41787676814107527,28.674273392469274,28.647157919468356
0.5223053598778914,4.229732875369103,bursting,bursting,74,70,17.0,17.0,0.23690143197094304,0.2396886669743632,0.417484239969941,0.4195862879201106,28.415602690753055,28.310824111061248
0.5223053598778914,4.316233184174,bursting,bursting,71,71,17.0,17.0,0.23634496919917855,0.23612423483012196,0.4106776180698151,0.4108294646892075,28.038408247674866,28.05143666355115
0.5223053598778914,4.359310269546686,bursting,bursting,72,69,17.5,17.5,0.2530912287009846,0.23087968410346382,0.3995125946345457,0.3988592625092237,27.564150815896593,27.640083830979677
0.5223053598778914,4.588149802396627,bursting,bursting,67,75,18.0,18.0,0.2531608408032254,0.25094090715089423,0.3914353935882882,0.3880029488224109,26.5168753104869,26.538952466202705
0.5223053598778914,4.6747325124188706,bursting,bursting,69,77,19.0,19.0,0.2621150278293134,0.26023100483412664,0.37105751391465686,0.36901730691169427,25.83777128807745,25.865287143621494
0.5223053598778914,4.709933922396952,bursting,bursting,69,77,19.0,19.0,0.26829314564322454,0.2655484887713177,0.37942744398702355,0.375227481660757,25.683441208261666,25.70440284693078
0.5223053598778914,4.82922406657648,bursting,bursting,71,72,15.0,20.0,0.2724325657604962,0.27163507983067814,0.35236702549375426,0.35129011293977125,25.684762188523756,24.96000065566089
0.5223053598778914,4.831263854274557,bursting,bursting,77,69,18.0,19.0,0.26408736004714184,0.26328480185536246,0.3682969946965232,0.3681275193727107,25.60415316325208,25.359419158584647
0.5223053598778914,4.83537928093241,bursting,bursting,72,73,19.5,18.0,0.2807049517942738,0.24209634926608928,0.36450454719422637,0.3763643206624012,25.139397638447527,25.21667041907589
0.5223053598778914,4.954625174264129,bursting,bursting,68,73,19.0,20.0,0.2585612711311035,0.27112145933265647,0.36276572589421757,0.35012779664577576,24.398816889545703,24.704847426300542
0.5223053598778914,5.019665555064,bursting,bursting,72,70,20.0,14.0,0.27544216732172944,0.2724954462659381,0.3509264458169567,0.3469511666232978,24.42528346142236,24.978789535656137
0.5223053598778914,5.343357938671881,tonic_spiking,bursting,68,80,22.0,22.0,,0.29696843387787164,,0.32063100181156523,22.942498430994107,22.932982959859803
0.5301874319400536,3.5339400025595102,bursting,bursting,62,70,15.0,15.0,0.18530767026037848,0.184041946382344,0.44094627069691555,0.4387696897898292,33.56812077458694,33.61092909084193
0.5301874319400536,3.5705731851886764,bursting,bursting,63,72,15.5,15.5,0.20417043643100238,0.20171289786526933,0.43083020981431225,0.42609399633559153,32.84577165558395,32.90093038426268
0.5301874319400536,3.8804511538385014,bursting,bursting,68,66,16.0,16.0,0.20085241311151375,0.2018880423981453,0.41179377367814185,0.4140443855581319,30.979131194227282,30.982153995995706
0.5301874319400536,3.9825988112977626,bursting,bursting,68,62,17.0,17.0,0.21397966235561236,0.2163914740318224,0.39490571626024296,0.40028019613729604,29.903367091518028,29.890146778641423
0.5301874319400536,4.017990874528758,bursting,bursting,68,61,17.0,17.0,0.2133055479101953,0.21444650685202007,0.39318995006487645,0.39492911022471455,29.78549942045729,29.76361130882918
0.5301874319400536,4.063196699330868,bursting,bursting,72,61,16.0,17.0,0.19657492354740055,0.20970463316719332,0.40774719673802234,0.3878750266664081,29.41392718874011,29.72111594850097
0.5301874319400536,4.095442762782422,bursting,bursting,69,62,17.0,17.0,0.21225269003818112,0.21359204368174725,0.3856685564425932,0.39001560062402496,29.404424177741767,29.450030287590387
0.5301874319400536,4.158352993012739,bursting,bursting,63,70,17.0,17.0,0.21579675953908242,0.2145425721135256,0.3899471621595274,0.3866676977805273,29.1160641994836,29.108769043138466
0.5301874319400536,4.229732875369103,bursting,bursting,72,64,18.0,18.0,0.226289826045028,0.22763077037671556,0.37090612366010156,0.3724325431556209,28.286730528248714,28.256802397361415
0.5301874319400536,4.316233184174,bursting,bursting,73,64,18.0,18.0,0.227124273456961,0.2267285022726433,0.36903773410831264,0.36953549388418755,27.94656616038842,27.997142874798993
0.5301874319400536,4.359310269546686,bursting,bursting,73,65,18.0,18.0,0.22743622378396341,0.2260289006767879,0.3689152048401676,0.36583135174684467,27.813959891774047,27.80292238142114
0.5301874319400536,4.588149802396627,bursting,bursting,69,65,19.0,13.0,0.24417448138675762,0.24317099509621687,0.355214549587951,0.354063766884416,26.44705336851121,27.07742270017739
0.5301874319400536,4.6747325124188706,bursting,bursting,61,68,10.5,19.0,0.2403149169354559,0.237618319561595,0.34682481878403226,0.3435776743227225,26.337824146332437,26.233845854939034
0.5301874319400536,4.709933922396952,bursting,bursting,69,60,19.0,10.0,0.2395698702372952,0.24269021123939902,0.3446552585776078,0.34829249603817286,26.089831086614044,26.053398665591548
0.5301874319400536,4.82922406657648,tonic_spiking,bursting,61,73,20.0,20.0,,0.2548694779116468,,0.3346720214190094,25.289900816465632,25.24470584792449
0.5301874319400536,4.831263854274557,tonic_spiking,bursting,61,73,20.0,20.0,,0.25164642419829886,,0.33093953734652676,25.344027790849044,25.27534669949088
0.5301874319400536,4.83537928093241,bursting,bursting,65,72,19.0,20.0,0.2355612244897961,0.24756970145571186,0.34013605442176864,0.32897442223867085,25.074538528047256,25.392241147645013
0.5301874319400536,4.954625174264129,tonic_spiking,bursting,64,75,21.0,21.0,,0.26237119959292715,,0.31802569647627527,24.51124016771008,24.523180351788763
0.5301874319400536,5.019665555064,bursting,tonic_spiking,75,64,20.5,21.0,0.26167826881280126,,0.3149903927930198,,24.536970182489195,24.364976870537955
0.5301874319400536,5.343357938671881,tonic_spiking,bursting,70,61,23.0,12.5,,0.27920411703149406,,0.28670135753092796,22.878351242379996,23.026726710997906
0.5367199975903291,3.5339400025595102,bursting,bursting,64,57,16.0,16.0,0.17538318445172177,0.17618198037466545,0.38754432538221545,0.3878524609238645,33.50271484311436,33.456691106735335
0.5367199975903291,3.5705731851886764,bursting,bursting,59,65,10.5,9.0,0.16706822007327018,0.16765598206041413,0.6600877916762926,0.6595435958316843,30.76108235634999,31.7400844366541
0.5367199975903291,3.8804511538385014,bursting,bursting,61,68,17.0,17.0,0.19156856273150713,0.1912537297040034,0.3667436828400632,0.36610591444104773,30.90600755601069,30.90920556579425
0.5367199975903291,3.9825988112977626,bursting,bursting,55,65,16.0,12.5,0.1636404010727158,0.17204573528014455,0.3416292297969014,0.6334526335793239,29.00181364159445,29.553683255271164
0.5367199975903291,4.017990874528758,bursting,bursting,62,64,17.0,14.5,0.19268301465557588,0.19308466505537297,0.3600878614381908,0.360737347137549,30.16863868680236,30.761183235461772
0.5367199975903291,4.063196699330868,bursting,bursting,64,59,18.0,11.5,0.2049407046295335,0.20379097650564826,0.3457456003872351,0.3465243606625545,29.330937318387274,29.94217832919873
0.5367199975903291,4.095442762782422,bursting,bursting,58,64,11.0,18.0,0.2035954978713134,0.2060822647326745,0.3447265456676492,0.35036087169784874,29.65692849597234,29.246211178189416
0.5367199975903291,4.158352993012739,bursting,bursting,55,64,9.5,18.0,0.20263698630136967,0.20323416819734627,0.3424657534246575,0.3433299572554203,29.041887211978196,29.037320273777603
0.5367199975903291,4.229732875369103,bursting,bursting,58,65,17.0,18.5,0.18423509075194458,0.21892569260990313,0.34572169403630076,0.33868454921086505,28.59143405385511,28.517200721972074
0.5367199975903291,4.316233184174,bursting,tonic_spiking,66,56,18.0,18.0,0.20395302205671723,,0.3370010278531349,,28.320016857933,28.315696089215827
0.5367199975903291,4.359310269546686,bursting,tonic_spiking,67,57,19.0,19.0,0.21827780811942488,,0.3309997848501398,,27.628759844807124,27.67034670096292
0.5367199975903291,4.588149802396627,bursting,bursting,64,63,16.0,18.5,0.22585004426909408,0.19502447636626263,0.3106603084856864,0.32100152475724253,27.18418129567573,26.428499442221405
0.5367199975903291,4.6747325124188706,tonic_spiking,bursting,60,66,20.0,17.5,,0.2245884146341464,,0.30487804878048785,26.122878838397785,26.67662406041964
0.5367199975903291,4.709933922396952,bursting,tonic_spiking,65,61,16.0,20.0,0.22497376066685917,,0.3042241523554554,,26.63421681056602,25.99357168949484
0.5367199975903291,4.82922406657648,bursting,tonic_spiking,62,62,14.5,20.0,0.22818638647784395,,0.3045530683721638,,26.148563117723896,25.567151871919133
0.5367199975903291,4.831263854274557,bursting,tonic_spiking,58,63,12.5,21.0,0.23822154486437352,,0.293087530591011,,25.45221781666783,25.024073901784668
0.5367199975903291,4.83537928093241,bursting,tonic_spiking,58,63,12.5,21.0,0.23661315835725602,,0.29292870115413916,,25.504031080499573,25.131635019275265
0.5367199975903291,4.954625174264129,tonic_spiking,tonic_spiking,55,64,21.0,21.0,,,,,24.82999216993661,24.820997960133443
0.5367199975903291,5.019665555064,tonic_spiking,tonic_spiking,56,65,21.0,21.0,,,,,24.70893221967068,24.625935181412977
0.5367199975903291,5.343357938671881,tonic_spiking,tonic_spiking,60,69,23.0,22.0,,,,,23.128837748868705,23.43142444440954
0.5469806455132192,3.5339400025595102,bursting,tonic_spiking,54,42,16.0,17.0,0.11648051694844458,,0.2785282566916414,,33.84471070000571,34.026620438703326
0.5469806455132192,3.5705731851886764,bursting,bursting,47,53,12.5,15.5,0.1382259880946,0.1174010152284264,0.5362792942564487,0.27072758037225036,32.2997146019412,32.29713653159117
0.5469806455132192,3.8804511538385014,tonic_spiking,tonic_spiking,51,46,16.0,18.0,,,,,32.029813644671336,31.24819830677112
0.5469806455132192,3.9825988112977626,tonic_spiking,tonic_spiking,46,47,11.0,18.0,,,,,32.44444920168039,30.667640743190564
0.5469806455132192,4.017990874528758,tonic_spiking,bursting,47,42,19.0,9.5,,0.1308267607831839,,0.24009315614458404,29.907076161743493,29.92426155135395
0.5469806455132192,4.063196699330868,tonic_spiking,tonic_spiking,37,48,,19.0,,,,,,29.73194296837118
0.5469806455132192,4.095442762782422,tonic_spiking,tonic_spiking,37,49,,19.0,,,,,,29.62690668359333
0.5469806455132192,4.158352993012739,tonic_spiking,tonic_spiking,37,49,,19.0,,,,,,29.30690811367191
0.5469806455132192,4.229732875369103,tonic_spiking,tonic_spiking,37,50,,19.0,,,,,,28.99520825853675
0.5469806455132192,4.316233184174,tonic_spiking,tonic_spiking,38,50,,19.0,,,,,,28.55381594334346
0.5469806455132192,4.359310269546686,tonic_spiking,tonic_spiking,39,51,,20.0,,,,,,27.915065039396303
0.5469806455132192,4.588149802396627,tonic_spiking,tonic_spiking,40,53,,20.0,,,,,,27.012042806588518
0.5469806455132192,4.6747325124188706,tonic_spiking,tonic_spiking,52,41,18.0,,,,,,27.18085537677571,
0.5469806455132192,4.709933922396952,tonic_spiking,tonic_spiking,54,47,21.0,19.0,,,,,26.137724852814777,25.91432205068841
0.5469806455132192,4.82922406657648,tonic_spiking,tonic_spiking,46,42,12.0,,,,,,27.397234154767364,
0.5469806455132192,4.831263854274557,tonic_spiking,tonic_spiking,48,42,14.0,,,,,,27.13341804533104,
0.5469806455132192,4.83537928093241,tonic_spiking,tonic_spiking,45,42,10.0,,,,,,27.560709644813283,
0.5469806455132192,4.954625174264129,tonic_spiking,tonic_spiking,39,44,3.0,,,,,,27.285129604365732,
0.5469806455132192,5.019665555064,tonic_spiking,tonic_spiking,44,36,,,,,,,,
0.5469806455132192,5.343357938671881,tonic_spiking,tonic_spiking,38,48,,,,,,,,
0.5629987395527539,3.5339400025595102,quiescent,quiescent,0,0,,,,,,,,
0.5629987395527539,3.5705731851886764,quiescent,quiescent,0,0,,,,,,,,
0.5629987395527539,3.8804511538385014,quiescent,quiescent,0,0,,,,,,,,
0.5629987395527539,3.9825988112977626,quiescent,quiescent,0,0,,,,,,,,
0.5629987395527539,4.017990874528758,quiescent,quiescent,0,0,,,,,,,,
0.5629987395527539,4.063196699330868,quiescent,quiescent,0,0,,,,,,,,
0.5629987395527539,4.095442762782422,quiescent,quiescent,0,0,,,,,,,,
0.5629987395527539,4.158352993012739,quiescent,quiescent,0,0,,,,,,,,
0.5629987395527539,4.229732875369103,quiescent,quiescent,0,0,,,,,,,,
0.5629987395527539,4.316233184174,quiescent,quiescent,0,0,,,,,,,,
0.5629987395527539,4.359310269546686,quiescent,quiescent,0,0,,,,,,,,
0.5629987395527539,4.588149802396627,quiescent,quiescent,0,0,,,,,,,,
0.5629987395527539,4.6747325124188706,quiescent,quiescent,0,0,,,,,,,,
0.5629987395527539,4.709933922396952,quiescent,quiescent,0,0,,,,,,,,
0.5629987395527539,4.82922406657648,quiescent,quiescent,0,0,,,,,,,,
0.5629987395527539,4.831263854274557,quiescent,quiescent,0,0,,,,,,,,
0.5629987395527539,4.83537928093241,quiescent,quiescent,0,0,,,,,,,,
0.5629987395527539,4.954625174264129,quiescent,quiescent,0,0,,,,,,,,
0.5629987395527539,5.019665555064,quiescent,quiescent,0,0,,,,,,,,
0.5629987395527539,5.343357938671881,quiescent,quiescent,0,0,,,,,,,,
0.5689367766394391,3.5339400025595102,quiescent,quiescent,0,0,,,,,,,,
0.5689367766394391,3.5705731851886764,quiescent,quiescent,0,0,,,,,,,,
0.5689367766394391,3.8804511538385014,quiescent,quiescent,0,0,,,,,,,,
0.5689367766394391,3.9825988112977626,quiescent,quiescent,0,0,,,,,,,,
0.5689367766394391,4.017990874528758,quiescent,quiescent,0,0,,,,,,,,
0.5689367766394391,4.063196699330868,quiescent,quiescent,0,0,,,,,,,,
0.5689367766394391,4.095442762782422,quiescent,quiescent,0,0,,,,,,,,
0.5689367766394391,4.158352993012739,quiescent,quiescent,0,0,,,,,,,,
0.5689367766394391,4.229732875369103,quiescent,quiescent,0,0,,,,,,,,
0.5689367766394391,4.316233184174,quiescent,quiescent,0,0,,,,,,,,
0.5689367766394391,4.359310269546686,quiescent,quiescent,0,0,,,,,,,,
0.5689367766394391,4.588149802396627,quiescent,quiescent,0,0,,,,,,,,
0.5689367766394391,4.6747325124188706,quiescent,quiescent,0,0,,,,,,,,
0.5689367766394391,4.709933922396952,quiescent,quiescent,0,0,,,,,,,,
0.5689367766394391,4.82922406657648,quiescent,quiescent,0,0,,,,,,,,
0.5689367766394391,4.831263854274557,quiescent,quiescent,0,0,,,,,,,,
0.5689367766394391,4.83537928093241,quiescent,quiescent,0,0,,,,,,,,
0.5689367766394391,4.954625174264129,quiescent,quiescent,0,0,,,,,,,,
0.5689367766394391,5.019665555064,quiescent,quiescent,0,0,,,,,,,,
0.5689367766394391,5.343357938671881,quiescent,quiescent,0,0,,,,,,,,
0.5768390209480481,3.5339400025595102,quiescent,quiescent,0,0,,,,,,,,
0.5768390209480481,3.5705731851886764,quiescent,quiescent,0,0,,,,,,,,
0.5768390209480481,3.8804511538385014,quiescent,quiescent,0,0,,,,,,,,
0.5768390209480481,3.9825988112977626,quiescent,quiescent,0,0,,,,,,,,
0.5768390209480481,4.017990874528758,quiescent,quiescent,0,0,,,,,,,,
0.5768390209480481,4.063196699330868,quiescent,quiescent,0,0,,,,,,,,
0.5768390209480481,4.095442762782422,quiescent,quiescent,0,0,,,,,,,,
0.5768390209480481,4.158352993012739,quiescent,quiescent,0,0,,,,,,,,
0.5768390209480481,4.229732875369103,quiescent,quiescent,0,0,,,,,,,,
0.5768390209480481,4.316233184174,quiescent,quiescent,0,0,,,,,,,,
0.5768390209480481,4.359310269546686,quiescent,quiescent,0,0,,,,,,,,
0.5768390209480481,4.588149802396627,quiescent,quiescent,0,0,,,,,,,,
0.5768390209480481,4.6747325124188706,quiescent,quiescent,0,0,,,,,,,,
0.5768390209480481,4.709933922396952,quiescent,quiescent,0,0,,,,,,,,
0.5768390209480481,4.82922406657648,quiescent,quiescent,0,0,,,,,,,,
0.5768390209480481,4.831263854274557,quiescent,quiescent,0,0,,,,,,,,
0.5768390209480481,4.83537928093241,quiescent,quiescent,0,0,,,,,,,,
0.5768390209480481,4.954625174264129,quiescent,quiescent,0,0,,,,,,,,
0.5768390209480481,5.019665555064,quiescent,quiescent,0,0,,,,,,,,
0.5768390209480481,5.343357938671881,quiescent,quiescent,0,0,,,,,,,,
