g_syn_i,Vi0,regime_A,regime_B,spike_count_A,spike_count_B,mean_spikes_per_burst_A,mean_spikes_per_burst_B,duty_cycle_A,duty_cycle_B,interburst_freq_A,interburst_freq_B,intraburst_freq_A,intraburst_freq_B,V_trace_A,V_trace_B,time
26.058776622630926,-105.14582794454225,bursting,bursting,82,75,16.0,16.0,0.2589138134592678,0.2650772732718342,0.47225501770956324,0.4792140888942135,27.706149404625947,27.545496975832744,[-52.       -52.       -52.       ... -55.973793 -55.973885 -55.973976],[-52.       -52.       -52.       ... -54.94683  -54.946583 -54.946335],"[0.000000e+00 5.000000e-05 1.000000e-04 ... 9.999849e+00 9.999900e+00
 9.999949e+00]"
26.058776622630926,-101.4811769100413,bursting,bursting,74,82,16.0,16.0,0.262607905497501,0.2601730366989922,0.4782515124704082,0.47537554668187887,27.65126454508606,27.6858637182359,,,
26.058776622630926,-100.19958492603132,bursting,bursting,75,82,16.0,16.0,0.26399673069064167,0.264153216092508,0.48078078799971147,0.48181161165984104,27.63323650002493,27.62321416824531,,,
26.058776622630926,-98.2750705740145,bursting,bursting,75,82,16.0,16.0,0.27442699071329785,0.27180532364207827,0.4939735230191662,0.4911108928396032,27.406177073413954,27.42923895596321,,,
26.058776622630926,-94.1611661339811,bursting,bursting,83,76,16.0,16.0,0.276168491076526,0.2721127038563076,0.49643805694144505,0.4934494584392195,27.345119651060813,27.46697689981009,,,
26.058776622630926,-93.84527381702881,bursting,bursting,75,82,16.0,16.0,0.2738775108310357,0.2749787786488241,0.49231981094919247,0.49932591002147103,27.386174559128655,27.42504871792658,,,
26.058776622630926,-93.13852565023593,bursting,bursting,76,82,16.0,16.0,0.27348529701993307,0.2760501505503729,0.49338859285573305,0.4936077792586011,27.423046114925267,27.29160336665728,,,
26.058776622630926,-93.01396526987197,bursting,bursting,83,76,16.0,16.0,0.2769089236430543,0.2774575129145764,0.49727740620104943,0.4991140725212748,27.34036928117682,27.31331662931925,,,
26.058776622630926,-92.78411885748214,bursting,bursting,75,82,16.0,16.0,0.27685561391338837,0.2711235137102645,0.4954910316123279,0.48531909730647893,27.329015093289343,27.364985153383692,,,
26.058776622630926,-91.72173892393454,bursting,bursting,75,82,16.0,16.0,0.2772531333316722,0.2704347402755465,0.4983430094934342,0.48683121561754517,27.33852621347114,27.420514981777163,,,
26.058776622630926,-88.71816837536491,bursting,bursting,80,81,16.0,16.0,0.2853091748644852,0.2752483948929524,0.5019072475406545,0.48824548983228755,27.10974719812684,27.26844555012462,,,
26.058776622630926,-88.57314278030957,bursting,bursting,80,81,16.0,16.0,0.28195234396532287,0.27842221615042606,0.501114980832352,0.4967833279515137,27.191149795790043,27.228929485985454,,,
26.058776622630926,-88.53522241405496,bursting,bursting,80,81,15.0,15.5,0.2695686689600421,0.2640379530253537,0.5292405398253507,0.518483952921657,27.71087094327921,27.44036524240211,,,
26.058776622630926,-85.52555330351612,bursting,bursting,84,75,14.5,15.5,0.26225008745257367,0.27827110576553954,0.5381696849016494,0.5118100161220155,27.337575098175986,27.784492741250812,,,
26.058776622630926,-84.7239990177665,bursting,bursting,85,79,15.0,15.0,0.26921659471412007,0.2678350894710568,0.5264820469621985,0.5255274982263445,27.663798111981063,27.70243179238838,,,
26.058776622630926,-84.36968645429397,bursting,bursting,83,80,15.0,15.5,0.26904499396230364,0.26317145433466427,0.5250170630545491,0.5152647172484863,27.642490544783946,27.412640198979464,,,
26.058776622630926,-83.78563181339008,bursting,bursting,83,80,15.0,15.5,0.2688847974750132,0.2640362225097025,0.5260389268805891,0.517464424320828,27.67260494369661,27.399947516691448,,,
26.058776622630926,-83.5989607818643,bursting,bursting,80,83,15.0,15.0,0.26882146346615987,0.27107952730756973,0.5281364704639679,0.5323112956456935,27.719419357266787,27.67275502569459,,,
26.058776622630926,-82.85987488320067,bursting,bursting,86,79,15.0,15.0,0.27069738186964376,0.2708686890114551,0.5241502214534686,0.5303351718285956,27.545223456089328,27.638745054915923,,,
26.058776622630926,-82.27821706868562,bursting,bursting,85,79,15.0,15.0,0.2723261747820539,0.26997623448640107,0.531575590048905,0.5281225244256667,27.60962183744794,27.631773706662184,,,
26.51607007797135,-105.14582794454225,bursting,bursting,75,82,16.0,16.0,0.2584285546000706,0.2604963433641048,0.47119802096831187,0.47955880589857325,27.711913534998523,27.76583158008,,,
26.51607007797135,-101.4811769100413,bursting,bursting,75,82,16.0,16.0,0.2670040436814451,0.2614822546972863,0.4842732269546477,0.4744733345985954,27.570918241987965,27.61130867620064,[-52.       -52.       -52.       ... -54.746758 -54.746494 -54.74623 ],[-52.       -52.       -52.       ... -55.996433 -55.996372 -55.996307],"[0.000000e+00 5.000000e-05 1.000000e-04 ... 9.999849e+00 9.999900e+00
 9.999949e+00]"
26.51607007797135,-100.19958492603132,bursting,bursting,74,83,16.0,16.0,0.26597050119102056,0.2666715112758277,0.4812203748706721,0.48446091611559244,27.54991018225952,27.56339802885913,,,
26.51607007797135,-98.2750705740145,bursting,bursting,75,82,16.0,16.0,0.27048614535055693,0.2621541831341366,0.49304802287742827,0.47616780153326027,27.56817782807247,27.60020870154939,,,
26.51607007797135,-94.1611661339811,bursting,bursting,75,82,16.0,16.0,0.2732680629569962,0.2756829310730534,0.4957243772462511,0.49712907956550906,27.48375833878928,27.347963268271034,,,
26.51607007797135,-93.84527381702881,bursting,bursting,75,82,16.0,16.0,0.2737732907727709,0.2721718565234531,0.49489025808526965,0.49270792274339764,27.434601210672067,27.449253136864055,,,
26.51607007797135,-93.13852565023593,bursting,bursting,76,82,16.0,16.0,0.27695518235118755,0.270574420197671,0.4968697207592167,0.4892846658185732,27.330920320715368,27.460761678632416,,,
26.51607007797135,-93.01396526987197,bursting,bursting,76,82,16.0,16.0,0.2738525012893244,0.27202507279996047,0.49117119772096574,0.493559054340852,27.376911065377115,27.460526468969547,,,
26.51607007797135,-92.78411885748214,bursting,bursting,76,82,16.0,16.0,0.2782339581201487,0.2746880526014296,0.4991639004667183,0.49811959851560356,27.29188419713348,27.41859068956885,,,
26.51607007797135,-91.72173892393454,bursting,bursting,75,82,16.0,16.0,0.2743130404618546,0.27702449621694486,0.4955524170569142,0.4994131895023348,27.42731313134094,27.320626223032345,,,
26.51607007797135,-88.71816837536491,bursting,bursting,78,81,16.0,15.5,0.27693752471332533,0.2811181702668359,0.4942665085013839,0.508259212198221,27.282997857455076,27.591784715802074,,,
26.51607007797135,-88.57314278030957,bursting,bursting,77,83,16.0,16.0,0.2759455520146246,0.2818116284272541,0.494083351861459,0.4971537945263365,27.328096791326036,27.15199015754379,,,
26.51607007797135,-88.53522241405496,bursting,bursting,82,76,16.0,16.0,0.2785588752196834,0.2801725218786831,0.5021340697966359,0.5015170891948143,27.334232312485337,27.193980512730054,,,
26.51607007797135,-85.52555330351612,bursting,bursting,83,79,15.0,15.0,0.2693553057624975,0.26710498742665517,0.526495906494327,0.5238893545683153,27.658562422662406,27.703553348742755,,,
26.51607007797135,-84.7239990177665,bursting,bursting,85,79,15.0,15.0,0.269827859330447,0.2724874070520511,0.5280388636603653,0.5330348338263905,27.67218196960838,27.61131105593619,,,
26.51607007797135,-84.36968645429397,bursting,bursting,85,79,15.0,15.0,0.2707303534138671,0.26597487711632994,0.5286669662446143,0.5201425190502197,27.636384724613013,27.67901858951017,,,
26.51607007797135,-83.78563181339008,bursting,bursting,86,79,15.0,15.0,0.27041340605485714,0.274650354361476,0.5269675651463653,0.5389528146810746,27.612474746855945,27.624012003178546,,,
26.51607007797135,-83.5989607818643,bursting,bursting,79,85,15.0,15.0,0.27280530000268205,0.2728479987251334,0.5364375184400398,0.5311943905872355,27.67895214025301,27.558979731733363,,,
26.51607007797135,-82.85987488320067,bursting,bursting,85,79,15.0,15.0,0.2709799889266788,0.26689507270635004,0.5273010097814337,0.5230672664504654,27.595776387441212,27.688865619347464,,,
26.51607007797135,-82.27821706868562,bursting,bursting,86,79,15.0,15.0,0.26964257597228775,0.27025237679086894,0.5248517293864482,0.5296469902809778,27.61028256570995,27.657738091630613,,,
26.932654231414183,-105.14582794454225,bursting,bursting,74,83,16.0,16.0,0.2603263580437519,0.26088409394691614,0.4750480986199852,0.47737254153141107,27.70240052698024,27.695727515804844,,,
26.932654231414183,-101.4811769100413,bursting,bursting,74,83,16.0,16.0,0.26021291225075277,0.26269740162969024,0.47419209521777267,0.48073456241136464,27.681552162577894,27.6648757526302,,,
26.932654231414183,-100.19958492603132,bursting,bursting,75,82,16.0,16.0,0.26437224536981274,0.26579547107598334,0.48168396714915335,0.48489550501866835,27.643419325589427,27.59925669129091,[-52.       -52.       -52.       ... -54.70443  -54.704166 -54.703903],[-52.       -52.       -52.       ... -55.97575  -55.975655 -55.97556 ],"[0.000000e+00 5.000000e-05 1.000000e-04 ... 9.999849e+00 9.999900e+00
 9.999949e+00]"
26.932654231414183,-98.2750705740145,bursting,bursting,83,76,16.0,16.0,0.2664219474497684,0.26741398929859855,0.4829984544049458,0.48422632738541993,27.564029990463634,27.499028904302293,,,
26.932654231414183,-94.1611661339811,bursting,bursting,75,82,16.0,16.0,0.27358934363316756,0.26992651905378,0.4951843323677239,0.48824548983228777,27.455748944581654,27.467446451627428,,,
26.932654231414183,-93.84527381702881,bursting,bursting,75,82,16.0,16.0,0.2733599881534132,0.27064084922351084,0.4936077792586011,0.4914487910359739,27.430629914598246,27.49222805318596,,,
26.932654231414183,-93.13852565023593,bursting,bursting,75,82,16.0,16.0,0.2756437420544906,0.2771532773780977,0.4985417653363909,0.49960031974420466,27.418566024778144,27.320565401086434,,,
26.932654231414183,-93.01396526987197,bursting,bursting,75,82,16.0,16.0,0.27726947643591715,0.27152723354231983,0.49323041258724004,0.48981191222570514,27.28756874586005,27.419801104639053,,,
26.932654231414183,-92.78411885748214,bursting,bursting,82,76,16.0,16.0,0.2665746525255459,0.27214139244214414,0.48428495326650206,0.488233570940338,27.56414534599064,27.380772602239098,,,
26.932654231414183,-91.72173892393454,bursting,bursting,76,82,16.0,16.0,0.27598255439361646,0.2737568309388984,0.4956138177132379,0.4945476125714003,27.35751873304413,27.393546302604268,,,
26.932654231414183,-88.71816837536491,bursting,bursting,77,82,16.0,16.0,0.27942459674403547,0.27950388373841123,0.4986163396574505,0.5011275369581559,27.267202929203744,27.24084132478576,,,
26.932654231414183,-88.57314278030957,bursting,bursting,79,81,15.5,16.0,0.2572266019809988,0.2780134148747286,0.505356781888013,0.49319392385085803,27.58149481188585,27.22968702360564,,,
26.932654231414183,-88.53522241405496,bursting,bursting,77,82,16.0,16.0,0.28012980152441347,0.2803803979625122,0.503106683772294,0.5018442777206232,27.277477639862376,27.198605295456627,,,
26.932654231414183,-85.52555330351612,bursting,bursting,83,77,14.5,15.5,0.2609150958595133,0.27949132118042197,0.5370280865689276,0.512781068122965,27.38903480189747,27.74154031172343,,,
26.932654231414183,-84.7239990177665,bursting,bursting,83,80,15.0,15.0,0.26967479460016386,0.26896424525070506,0.5283597072887222,0.5269675651463651,27.68802064503984,27.67450289126901,,,
26.932654231414183,-84.36968645429397,bursting,bursting,82,80,15.0,15.5,0.2717044366421961,0.26469068168897614,0.5319714863283328,0.5168225748100675,27.660513581899824,27.329501384459945,,,
26.932654231414183,-83.78563181339008,bursting,bursting,84,79,15.5,15.0,0.26586835720435154,0.26588899931997667,0.5217708904020245,0.5230946278181724,27.385248655391806,27.74740741180341,,,
26.932654231414183,-83.5989607818643,bursting,bursting,86,79,15.0,15.0,0.27202044946213644,0.2733135318830112,0.5325380764724679,0.5351743330389872,27.650095341783192,27.6081464874562,,,
26.932654231414183,-82.85987488320067,bursting,bursting,85,79,15.0,15.0,0.2698600901114537,0.27442311839551403,0.5269675651463651,0.5391416864351952,27.638317536404724,27.634121202558894,,,
26.932654231414183,-82.27821706868562,bursting,bursting,86,79,15.0,15.0,0.2754937741519966,0.27062114095730655,0.536711034778875,0.5277323341601138,27.55787811646229,27.60286687153769,,,
27.245528652502802,-105.14582794454225,bursting,bursting,75,83,16.0,16.0,0.2607894736842108,0.2625461474336072,0.47846889952153093,0.4763606049779684,27.760852742344856,27.5790528168743,,,
27.245528652502802,-101.4811769100413,bursting,bursting,74,82,16.0,16.0,0.26021872701824295,0.2635688900708362,0.4744620786183663,0.48352392234605823,27.694957136519026,27.68794822821085,,,
27.245528652502802,-100.19958492603132,bursting,bursting,75,82,16.0,16.0,0.2610240136408846,0.26264647731108676,0.47364183204660615,0.4822298307373293,27.628671205319826,27.701665164967572,,,
27.245528652502802,-98.2750705740145,bursting,bursting,75,82,16.0,16.0,0.26483579796427903,0.26263738895141403,0.480122911465335,0.4789157347764661,27.586270688592172,27.639185490527204,[-52.       -52.       -52.       ... -54.534603 -54.53433  -54.534054],[-52.       -52.       -52.       ... -55.97804  -55.977947 -55.977856],"[0.000000e+00 5.000000e-05 1.000000e-04 ... 9.999849e+00 9.999900e+00
 9.999949e+00]"
27.245528652502802,-94.1611661339811,bursting,bursting,75,82,16.0,16.0,0.2712974130504344,0.2672895838880682,0.4922834568144338,0.48413255549369416,27.500960423305234,27.51931841369547,,,
27.245528652502802,-93.84527381702881,bursting,bursting,84,75,15.0,16.0,0.24376808651063617,0.26677658291704587,0.5076915266284205,0.4921623151315303,27.442145660837564,27.69807776802397,,,
27.245528652502802,-93.13852565023593,bursting,bursting,75,82,16.0,16.0,0.2726261952412717,0.26702879392395307,0.49415659822597785,0.48069989905302135,27.47692855017285,27.470722153185495,,,
27.245528652502802,-93.01396526987197,bursting,bursting,76,82,16.0,16.0,0.27586206896551724,0.27436240944725576,0.4954419342053112,0.4961794184777216,27.363576166940337,27.396097741664285,,,
27.245528652502802,-92.78411885748214,bursting,bursting,75,82,16.0,16.0,0.2743097684783955,0.2717359269083404,0.4952333787297264,0.4912073877591119,27.418039125086416,27.430629914598253,,,
27.245528652502802,-91.72173892393454,bursting,bursting,76,82,16.0,16.0,0.27385850974170817,0.2696097560975609,0.4957612413861484,0.48780487804878053,27.45048551387284,27.46975306335637,,,
27.245528652502802,-88.71816837536491,bursting,bursting,77,82,15.5,16.0,0.25919787868743777,0.2796835094396316,0.5099309043624589,0.500776203114828,27.570893395826534,27.234034251658787,,,
27.245528652502802,-88.57314278030957,bursting,bursting,78,81,16.0,16.0,0.27562715199212967,0.2772508867701441,0.4918839153959665,0.5031319966793286,27.309336213369193,27.380165949721757,,,
27.245528652502802,-88.53522241405496,bursting,bursting,78,82,16.0,16.0,0.2780473240277675,0.2775648364776743,0.49762384613470667,0.49778485738463846,27.30577734418507,27.282723063925644,,,
27.245528652502802,-85.52555330351612,bursting,bursting,82,80,15.0,15.0,0.2680114516849212,0.26627126172497584,0.5253066477556274,0.5225615969482403,27.706334439715704,27.705365426240153,,,
27.245528652502802,-84.7239990177665,bursting,bursting,79,81,16.0,16.0,0.28434577089409646,0.277311133820194,0.5028663381273257,0.49849206151392034,27.094672907963844,27.29615604526454,,,
27.245528652502802,-84.36968645429397,bursting,bursting,85,79,15.0,15.0,0.2693830157808622,0.26728291609929816,0.5277880403230062,0.5237247302817639,27.688020645039845,27.697591929467244,,,
27.245528652502802,-83.78563181339008,bursting,bursting,84,79,15.0,15.0,0.2692034045692902,0.2731279886730958,0.5270231099633719,0.5342879277642723,27.67650293367387,27.598634193414235,,,
27.245528652502802,-83.5989607818643,bursting,bursting,86,79,15.0,15.0,0.26800188254980906,0.27124017583588655,0.522930502536213,0.5328360197149327,27.64951972218548,27.67650293367387,,,
27.245528652502802,-82.85987488320067,bursting,bursting,84,79,15.0,15.0,0.2705007016707711,0.26818062483591487,0.5295628458707338,0.5250721974271463,27.664952886032072,27.667125466553706,,,
27.245528652502802,-82.27821706868562,bursting,bursting,84,76,14.5,15.5,0.2563617469157186,0.2879889864408538,0.5329212075994564,0.5195075068834745,27.520291802785568,27.483215498044096,,,
27.436723822293487,-105.14582794454225,bursting,bursting,75,79,16.0,16.0,0.2549286518963575,0.26072369997603667,0.4693954187007135,0.47927150730889045,27.843315572482826,27.7353966049101,,,
27.436723822293487,-101.4811769100413,bursting,bursting,75,82,16.0,16.0,0.26296287442327454,0.26284494953127613,0.4781143171332266,0.4795128149799804,27.643292996345476,27.627172000051747,,,
27.436723822293487,-100.19958492603132,bursting,bursting,75,82,16.0,16.0,0.26421275775679326,0.2653660430467594,0.48178839853536337,0.48530732086093514,27.63748349036097,27.63897573343962,,,
27.436723822293487,-98.2750705740145,bursting,bursting,74,82,16.0,16.0,0.2687567250317911,0.2681477529043682,0.4890932211679546,0.4850719119109407,27.57945131995812,27.48563144227252,,,
27.436723822293487,-94.1611661339811,bursting,bursting,75,82,16.0,16.0,0.27066676446856874,0.26573426573426584,0.48900951123499353,0.48394512062332135,27.4752241211411,27.59061804820765,[-52.       -52.       -52.       ... -54.256054 -54.25574  -54.255424],[-52.       -52.       -52.       ... -55.824505 -55.82437  -55.824238],"[0.000000e+00 5.000000e-05 1.000000e-04 ... 9.999849e+00 9.999900e+00
 9.999949e+00]"
27.436723822293487,-93.84527381702881,bursting,bursting,76,82,16.0,16.0,0.27154623002255107,0.2748378116377919,0.4902441415825082,0.4971290795655092,27.46727135295739,27.369528777214935,,,
27.436723822293487,-93.13852565023593,bursting,bursting,75,82,16.0,16.0,0.27782416502946966,0.2724583374420668,0.4911591355599214,0.49304802287742827,27.249941319136514,27.44175532346595,,,
27.436723822293487,-93.01396526987197,bursting,bursting,77,82,16.0,16.0,0.2743330130810732,0.2763217013628877,0.4926957849875593,0.49922619939094387,27.385421463500766,27.345815073816745,,,
27.436723822293487,-92.78411885748214,bursting,bursting,83,76,16.0,16.0,0.27330271813330037,0.2684171958964338,0.496462703239419,0.48851978505129445,27.464600612368674,27.542865105997706,,,
27.436723822293487,-91.72173892393454,bursting,bursting,75,82,16.0,16.0,0.27458843916326264,0.27771066143159134,0.49511078103725703,0.5033725963958522,27.388386933352063,27.348563193167955,,,
27.436723822293487,-88.71816837536491,bursting,bursting,76,82,16.0,16.0,0.27584767610302263,0.27600706625861493,0.49105060276461493,0.4976238461347068,27.305219021951288,27.33684620244977,,,
27.436723822293487,-88.57314278030957,bursting,bursting,77,82,16.0,16.0,0.2816752875006278,0.2742784088115259,0.5021845025862502,0.4917146088410285,27.21594554144772,27.333603304525244,,,
27.436723822293487,-88.53522241405496,bursting,bursting,83,77,16.0,16.0,0.275898967276347,0.27614990216233587,0.4976981460744057,0.49538057612761005,27.378746196571218,27.30389705678158,,,
27.436723822293487,-85.52555330351612,bursting,bursting,82,80,15.5,15.5,0.2615234575505597,0.2863791261889017,0.5132943229647879,0.5086211281216622,27.50637284234859,27.405190742198737,,,
27.436723822293487,-84.7239990177665,bursting,bursting,84,75,14.5,15.5,0.26152646718821415,0.28196355908042386,0.5376777697126112,0.5183630096156339,27.36601728681749,27.74593637165419,,,
27.436723822293487,-84.36968645429397,bursting,bursting,81,81,15.5,15.5,0.28518725829432084,0.2651066042641707,0.508854060655404,0.5200208008320333,27.466093301783303,27.36863147776662,,,
27.436723822293487,-83.78563181339008,bursting,bursting,83,78,14.5,15.5,0.2599689557351603,0.28279717383990244,0.5352459455119627,0.5176117394342504,27.39160647784813,27.684052833033725,,,
27.436723822293487,-83.5989607818643,bursting,bursting,85,74,14.5,15.5,0.2709725520516928,0.28142153957168276,0.5522726017562269,0.5154240651496018,27.199753104204884,27.689268868851293,,,
27.436723822293487,-82.85987488320067,bursting,bursting,83,80,15.0,15.0,0.27080956297927644,0.2662661616821211,0.5306869742882161,0.5223978059292148,27.662525079454273,27.716295215268904,,,
27.436723822293487,-82.27821706868562,bursting,bursting,85,79,15.0,15.0,0.26758465719063534,0.27055004124644094,0.5225752508361203,0.532212139758908,27.664228068069797,27.685964306423692,,,
27.890448293658828,-105.14582794454225,bursting,bursting,84,75,16.0,16.0,0.25714687741844716,0.2583374695691224,0.46903215215403005,0.47271266160864117,27.73388150571583,27.7347349126535,,,
27.890448293658828,-101.4811769100413,bursting,bursting,74,82,16.0,16.0,0.2624673801144391,0.258177184122339,0.47882400823577276,0.47198753952895633,27.66954954952975,27.718757926689058,,,
27.890448293658828,-100.19958492603132,bursting,bursting,75,83,16.0,16.0,0.25871838031341127,0.2611966951594088,0.47414712785377283,0.47620181432891245,27.758043704753543,27.65172367959459,,,
27.890448293658828,-98.2750705740145,bursting,bursting,75,82,16.0,16.0,0.26305938812237534,0.2696518150591841,0.4799040191961607,0.494229866310821,27.658506282782547,27.597477910184896,,,
27.890448293658828,-94.1611661339811,bursting,bursting,75,82,16.0,16.0,0.27313626250030576,0.2685996689064176,0.48900951123499353,0.486902327393125,27.363405893756635,27.510210381893753,,,
27.890448293658828,-93.84527381702881,bursting,bursting,75,82,16.0,16.0,0.2724307494625514,0.2759763726540888,0.49420544120190774,0.498467213319044,27.485631442272528,27.359102968581855,[-52.       -52.       -52.       ... -53.844635 -53.844185 -53.843735],[-52.      -52.      -52.      ... -55.72821 -55.72807 -55.72793],"[0.000000e+00 5.000000e-05 1.000000e-04 ... 9.999849e+00 9.999900e+00
 9.999949e+00]"
27.890448293658828,-93.13852565023593,bursting,bursting,76,82,16.0,16.0,0.2739289537228346,0.266740936281514,0.49787159891464,0.4843670533530308,27.472195390996017,27.552743578761433,,,
27.890448293658828,-93.01396526987197,bursting,bursting,76,83,16.0,16.0,0.2644877978547261,0.2704914016951645,0.4799270510882347,0.4899318994659742,27.573982049849363,27.476221816036983,,,
27.890448293658828,-92.78411885748214,bursting,bursting,75,82,16.0,16.0,0.2724088599477086,0.2690804260725104,0.49331557397267034,0.48861526434085784,27.469144199906985,27.52129231932135,,,
27.890448293658828,-91.72173892393454,bursting,bursting,83,77,16.0,16.0,0.27169931128803765,0.2762848297213625,0.4884482000683828,0.49535603715170284,27.42386154521978,27.31539377302177,,,
27.890448293658828,-88.71816837536491,bursting,bursting,76,82,16.0,16.0,0.2752331963279268,0.2757665035453914,0.4922349929856513,0.49935084390292617,27.327131707783437,27.380624493645886,,,
27.890448293658828,-88.57314278030957,bursting,bursting,76,82,16.0,16.0,0.279501246882793,0.27507546142807626,0.49875311720698245,0.49482903656786575,27.259057409812588,27.344307479895498,,,
27.890448293658828,-88.53522241405496,bursting,bursting,77,82,16.0,16.0,0.28082994588393734,0.27619779021949176,0.4987655552507545,0.4954664816925135,27.227388373202476,27.30260792519214,,,
27.890448293658828,-85.52555330351612,bursting,bursting,80,81,16.0,16.0,0.28534788403027483,0.28087684456622847,0.502904272171792,0.5027778476080343,27.095980866727004,27.186398957749965,,,
27.890448293658828,-84.7239990177665,bursting,bursting,80,81,16.0,16.0,0.2860059999495804,0.2799562917525517,0.5041974437189601,0.4966846300941217,27.075395475238633,27.185864157781168,,,
27.890448293658828,-84.36968645429397,bursting,bursting,83,77,14.5,15.5,0.2609221019843721,0.2822158943826044,0.5370425069144222,0.5177323323841572,27.389034801897463,27.71068544746344,,,
27.890448293658828,-83.78563181339008,bursting,bursting,85,79,15.0,15.0,0.27164266354891836,0.2689460045480987,0.5314343412871338,0.5288486963879636,27.636545875887403,27.705970740637635,,,
27.890448293658828,-83.5989607818643,bursting,bursting,84,79,15.0,15.0,0.2689669726706766,0.2729663723464214,0.5275931201857129,0.5367542470679798,27.694523552678493,27.65684478998381,,,
27.890448293658828,-82.85987488320067,bursting,bursting,84,79,15.0,15.0,0.26915764457354113,0.2692704885475969,0.5281225244256668,0.5295908910366741,27.69780692866626,27.701721352679147,,,
27.890448293658828,-82.27821706868562,bursting,bursting,80,83,15.0,15.0,0.27161768599417535,0.27265205903546913,0.5295207836907599,0.5337745869919133,27.59770820491361,27.624286321737422,,,
28.09266555434005,-105.14582794454225,bursting,bursting,75,79,16.0,16.0,0.25373761913660986,0.2554866300108085,0.4672023920762473,0.46994689600075185,27.856050466151714,27.81165181181571,,,
28.09266555434005,-101.4811769100413,bursting,bursting,74,82,16.0,16.0,0.2596520298260148,0.2663812087105455,0.4734288081429754,0.48935649620748717,27.69130130020459,27.667131321699916,,,
28.09266555434005,-100.19958492603132,bursting,bursting,74,82,16.0,16.0,0.26465850902709337,0.26444626664094173,0.4808039041277015,0.48234613158402473,27.612968575341828,27.613717798162565,,,
28.09266555434005,-98.2750705740145,bursting,bursting,74,82,16.0,16.0,0.26871255654725534,0.2655787789146986,0.48905734197334644,0.4849425343096843,27.564145345990614,27.62557428298309,,,
28.09266555434005,-94.1611661339811,bursting,bursting,75,82,16.0,16.0,0.2705440167915457,0.26708860759493686,0.48812632709345183,0.486854917234664,27.462834445445157,27.580408262218036,,,
28.09266555434005,-93.84527381702881,bursting,bursting,82,75,16.0,16.0,0.2728085201459746,0.27777360286565955,0.4965120031776768,0.5009894541719897,27.50592833435024,27.31309140789184,,,
28.09266555434005,-93.13852565023593,bursting,bursting,75,82,16.0,16.0,0.2719940806511285,0.27323333087021867,0.49327907263534354,0.49262297100913804,27.511064357452593,27.373336333656006,[-52.      -52.      -52.      ... -53.78937 -53.78889 -53.78841],[-52.       -52.       -52.       ... -55.618336 -55.61819  -55.618046],"[0.000000e+00 5.000000e-05 1.000000e-04 ... 9.999849e+00 9.999900e+00
 9.999949e+00]"
28.09266555434005,-93.01396526987197,bursting,bursting,75,82,16.0,16.0,0.2709592832689927,0.2712222440558068,0.4855901133852913,0.49125564943996863,27.406769135746124,27.454973845810418,,,
28.09266555434005,-92.78411885748214,bursting,bursting,75,82,16.0,16.0,0.2760027869015625,0.2720912472593796,0.4976609933313426,0.4926957849875594,27.37886156224262,27.458169532920017,,,
28.09266555434005,-91.72173892393454,bursting,bursting,75,82,16.0,16.0,0.27827242858217766,0.2746211186256604,0.5016177171377694,0.49365651379769965,27.349219233543504,27.358016346929052,,,
28.09266555434005,-88.71816837536491,bursting,bursting,76,82,16.0,16.0,0.27763489725086754,0.27474952881658576,0.4993882493944917,0.4959825414145421,27.328274474401532,27.3726992165277,,,
28.09266555434005,-88.57314278030957,bursting,bursting,77,82,16.0,16.0,0.27681797930795515,0.2802327051979261,0.49502499876243755,0.5058808650562793,27.31249530462298,27.223709426405982,,,
28.09266555434005,-88.53522241405496,bursting,bursting,75,82,16.0,16.0,0.2765575527910052,0.27631840796019885,0.4986163396574505,0.49751243781094534,27.37059638192839,27.328840653569404,,,
28.09266555434005,-85.52555330351612,bursting,bursting,84,80,15.0,15.0,0.26857202900073573,0.2717637950826238,0.5253756435851633,0.5339170826770602,27.682368634479936,27.66469886194546,,,
28.09266555434005,-84.7239990177665,bursting,bursting,83,80,15.5,15.0,0.2677144728225277,0.26576235815834104,0.5239030779305829,0.5217164471109951,27.304682297399264,27.721449596142275,,,
28.09266555434005,-84.36968645429397,bursting,bursting,84,79,15.0,15.0,0.268183366969832,0.26572569073025676,0.5242051739050665,0.5217981163088,27.67528973035126,27.723193843497548,,,
28.09266555434005,-83.78563181339008,bursting,bursting,82,80,15.0,15.0,0.27079406376934706,0.26823417771568653,0.530968752488916,0.5271898146927803,27.672318790753415,27.71725460392989,,,
28.09266555434005,-83.5989607818643,bursting,bursting,80,81,16.0,15.5,0.28170914542728626,0.28184493121746373,0.4997501249375311,0.5029801574327892,27.17665495529763,27.468186940253243,,,
28.09266555434005,-82.85987488320067,bursting,bursting,82,80,15.5,15.5,0.26216535635373317,0.2890185347720584,0.5138482092389907,0.5162889152769888,27.45983379366186,27.40304968001502,,,
28.09266555434005,-82.27821706868562,bursting,bursting,85,79,15.0,15.0,0.2693747363981444,0.26689933872152855,0.5272037115141291,0.524824183898394,27.66192059504572,27.72871945718409,,,
28.51520070359418,-105.14582794454225,bursting,bursting,74,83,16.0,16.0,0.25575047823449804,0.25526111594441425,0.4665702421499557,0.4702673469867619,27.750354084028405,27.830086144736494,,,
28.51520070359418,-101.4811769100413,bursting,bursting,74,82,16.0,16.0,0.26302270872341416,0.266408325412493,0.4800998607710403,0.4874363286295728,27.666431946381458,27.622019206129668,,,
28.51520070359418,-100.19958492603132,bursting,bursting,75,82,16.0,16.0,0.2627207888564453,0.2625962253291443,0.478675027523814,0.4796278088203554,27.65790339170122,27.657088807357525,,,
28.51520070359418,-98.2750705740145,bursting,bursting,83,74,15.5,16.0,0.2628523013282166,0.2622598187311179,0.4983926835954049,0.4833836858006041,27.242310425746034,27.74651348506752,,,
28.51520070359418,-94.1611661339811,bursting,bursting,75,82,16.0,16.0,0.270726087169682,0.2674610493617435,0.4902681766926508,0.48536620880454306,27.506649286939332,27.528342290545638,,,
28.51520070359418,-93.84527381702881,bursting,bursting,75,82,16.0,16.0,0.2708201045279149,0.2686559851046104,0.4884482000683828,0.4899799108236563,27.466000566418618,27.554964151527496,,,
28.51520070359418,-93.13852565023593,bursting,bursting,74,82,16.0,16.0,0.2642261776080325,0.27074601844090534,0.4804112320146044,0.4930723337113554,27.608420348206735,27.52329438282867,,,
28.51520070359418,-93.01396526987197,bursting,bursting,75,82,16.0,16.0,0.2681422616580945,0.26882691932018,0.48753138483289843,0.48837663606173076,27.57271679629978,27.505662339269865,[-52.       -52.       -52.       ... -54.288044 -54.28774  -54.287434],[-52.       -52.       -52.       ... -55.87415  -55.874023 -55.873898],"[0.000000e+00 5.000000e-05 1.000000e-04 ... 9.999849e+00 9.999900e+00
 9.999949e+00]"
28.51520070359418,-92.78411885748214,bursting,bursting,75,82,16.0,16.0,0.2721466122930281,0.26781386330586526,0.4913280597454921,0.4847309743092582,27.44897910033317,27.503444624309584,,,
28.51520070359418,-91.72173892393454,bursting,bursting,75,82,16.0,16.0,0.27797117081780753,0.2729648439426062,0.49029221415963914,0.4930723337113556,27.24269963347252,27.417926527200766,,,
28.51520070359418,-88.71816837536491,bursting,bursting,76,82,16.0,16.0,0.27821542001150384,0.2758809749289736,0.5001625528296695,0.498429945671136,27.31355867398319,27.371169788962167,,,
28.51520070359418,-88.57314278030957,bursting,bursting,76,82,16.0,16.0,0.2792619113191961,0.2740385790773291,0.5007385894193936,0.4889616898516002,27.28760915819864,27.307274900525595,,,
28.51520070359418,-88.53522241405496,bursting,bursting,76,82,16.0,16.0,0.2758374031868187,0.2741269525420356,0.49331557397267023,0.4974629390110436,27.32192426116425,27.42564066079314,,,
28.51520070359418,-85.52555330351612,bursting,bursting,77,82,16.0,16.0,0.27592574354934013,0.27742938845131176,0.49241678156391555,0.5016806301108713,27.304128766750004,27.324456369810118,,,
28.51520070359418,-84.7239990177665,bursting,bursting,82,80,15.5,15.5,0.28626913411012106,0.29193258485503637,0.5077044144898839,0.5209825731329286,27.417884996871386,27.368995296522804,,,
28.51520070359418,-84.36968645429397,bursting,bursting,81,81,15.5,15.5,0.2609897139348036,0.28889225563719917,0.511744537127066,0.5050122465469787,27.50197699141036,27.3203679829747,,,
28.51520070359418,-83.78563181339008,bursting,bursting,83,80,15.5,15.5,0.26400973689662327,0.2895266226986837,0.517920033146882,0.5092816582210793,27.453806154114304,27.3246159436059,,,
28.51520070359418,-83.5989607818643,bursting,bursting,82,81,15.5,16.0,0.2605667933576513,0.28468527256299564,0.5101650383899191,0.501957634775625,27.49478215472718,27.06163954768978,,,
28.51520070359418,-82.85987488320067,bursting,bursting,86,79,15.0,15.0,0.2710411802165147,0.26680037507814136,0.5306728932286139,0.5209418628881017,27.665829841774933,27.65684478998383,,,
28.51520070359418,-82.27821706868562,bursting,bursting,82,81,15.5,16.0,0.26044681391216046,0.28401151871791663,0.5077430820005078,0.5008138224615001,27.447042244761043,27.076295312456594,,,
28.562660416844494,-105.14582794454225,bursting,bursting,74,82,16.0,16.0,0.2620146097654746,0.26182315012344487,0.4805843906189927,0.47939787626740804,27.733500339063564,27.693172956370454,,,
28.562660416844494,-101.4811769100413,bursting,bursting,74,82,16.0,16.0,0.26158342441667043,0.26539550414982943,0.4752174119659744,0.48394512062332135,27.65197915591109,27.600576390778386,,,
28.562660416844494,-100.19958492603132,bursting,bursting,74,82,16.0,16.0,0.26522170347613655,0.2641924033516047,0.4838046396864945,0.4829401395697002,27.636348157621804,27.65560473408726,,,
28.562660416844494,-98.2750705740145,bursting,bursting,74,82,16.0,16.0,0.26336562612127756,0.2631705268210726,0.47841167324482714,0.48001920076803084,27.62201920612967,27.63081603506437,,,
28.562660416844494,-94.1611661339811,bursting,bursting,75,82,16.0,16.0,0.2707782672540379,0.26910201588271193,0.4894762604013705,0.48869883934025665,27.48058778816689,27.518578928948294,,,
28.562660416844494,-93.84527381702881,bursting,bursting,75,82,16.0,16.0,0.26962764662935024,0.2699889529888302,0.4867364322219519,0.49097827421136603,27.479541003844304,27.522217879211663,,,
28.562660416844494,-93.13852565023593,bursting,bursting,75,82,16.0,16.0,0.26596077487666947,0.2689227906065578,0.4812898568162676,0.48975194064206473,27.547514570298965,27.547622134241358,,,
28.562660416844494,-93.01396526987197,bursting,bursting,75,82,16.0,16.0,0.27096235132212737,0.2738385093167701,0.49149710016710896,0.49689440993788814,27.51280284327314,27.42556509258889,,,
28.562660416844494,-92.78411885748214,bursting,bursting,75,82,16.0,16.0,0.2692842336300452,0.26636825550447607,0.4877453969028167,0.4839099927413502,27.523250652162755,27.544439189918258,[-52.       -52.       -52.       ... -54.312267 -54.311966 -54.311665],[-52.       -52.       -52.       ... -55.921146 -55.921036 -55.920925],"[0.000000e+00 5.000000e-05 1.000000e-04 ... 9.999849e+00 9.999900e+00
 9.999949e+00]"
28.562660416844494,-91.72173892393454,bursting,bursting,77,82,16.0,16.0,0.282060408827418,0.27851818387169636,0.508491813281806,0.5019702331651732,27.250244275472927,27.309382837068906,,,
28.562660416844494,-88.71816837536491,bursting,bursting,76,82,16.0,16.0,0.28009340631748125,0.27682686797717826,0.5021845025862502,0.4982933452923736,27.268688868187976,27.313142019874743,,,
28.562660416844494,-88.57314278030957,bursting,bursting,76,82,16.0,16.0,0.27679843972695206,0.2737373235235633,0.5000875153151801,0.49711672300656184,27.367839552167105,27.447901427153564,,,
28.562660416844494,-88.53522241405496,bursting,bursting,76,82,16.0,16.0,0.2753174661655983,0.27090071547584027,0.49124358313069527,0.4900519455062238,27.320497635786644,27.449484845415647,,,
28.562660416844494,-85.52555330351612,bursting,bursting,80,81,15.0,15.5,0.26941728277287547,0.262816236465336,0.5299838354930175,0.5131626212346694,27.735245914991243,27.416804238156125,,,
28.562660416844494,-84.7239990177665,bursting,bursting,82,80,15.5,15.5,0.26630024225689664,0.2637989116351388,0.5209825731329287,0.5182689816014512,27.367976579259818,27.426908456437506,,,
28.562660416844494,-84.36968645429397,bursting,bursting,80,81,15.5,16.0,0.26087178831650226,0.28179201601802023,0.5113127956027099,0.5005631335252159,27.505900177257644,27.14297810799113,,,
28.562660416844494,-83.78563181339008,bursting,bursting,82,80,15.5,15.5,0.2660696569369746,0.26359865180191866,0.5221659443371104,0.5185377236193934,27.3852486553918,27.44277027278238,,,
28.562660416844494,-83.5989607818643,bursting,bursting,84,79,15.0,15.0,0.27436813408181354,0.27050241826783306,0.5371867529746718,0.5285831329122286,27.628513322450015,27.623644978679447,,,
28.562660416844494,-82.85987488320067,bursting,bursting,75,84,15.5,14.5,0.2828049603071654,0.2648956150140179,0.5188605821615733,0.5443806309371513,27.732834639003276,27.29444920815147,,,
28.562660416844494,-82.27821706868562,bursting,bursting,84,80,15.0,15.5,0.26933825467967315,0.26591867548289677,0.5272871078302135,0.5206435153850159,27.676502933673856,27.28304284568854,,,
29.033456525669827,-105.14582794454225,bursting,bursting,74,83,16.0,16.0,0.2595494379881883,0.2630686908307307,0.47628119641836547,0.4842497760344785,27.76142434357272,27.731983470229135,,,
29.033456525669827,-101.4811769100413,bursting,bursting,74,82,16.0,16.0,0.2599214379240568,0.264499248994622,0.4761337935960003,0.4845195988177721,27.74343202189207,27.661612670886175,,,
29.033456525669827,-100.19958492603132,bursting,bursting,74,82,16.0,16.0,0.25964787056864147,0.26249006813858844,0.4758505829169639,0.48154479570462044,27.750555324229342,27.701707359296407,,,
29.033456525669827,-98.2750705740145,bursting,bursting,75,82,16.0,16.0,0.26571380202665096,0.26141237015152946,0.48368763452562336,0.4765081482893359,27.610763343719217,27.659508182645993,,,
29.033456525669827,-94.1611661339811,bursting,bursting,75,82,16.0,16.0,0.27163284359490925,0.26267935786333263,0.49137634514274475,0.47355211441019085,27.487987873921192,27.530664386140074,,,
29.033456525669827,-93.84527381702881,bursting,bursting,74,82,16.0,16.0,0.26407590205568066,0.2658012859395849,0.4791796444487038,0.4852602207934003,27.58817338255961,27.617105736672222,,,
29.033456525669827,-93.13852565023593,bursting,bursting,75,82,16.0,16.0,0.2657062729212112,0.2683224061030002,0.47939787626740804,0.48746008920519635,27.527298108073676,27.532208755772714,,,
29.033456525669827,-93.01396526987197,bursting,bursting,75,82,16.0,16.0,0.2688573380171741,0.26774917105519797,0.48790007806401253,0.48761458942851554,27.539063474215936,27.558681457989703,,,
29.033456525669827,-92.78411885748214,bursting,bursting,75,82,16.0,16.0,0.27131821089406094,0.2671805686859138,0.4920533385819022,0.4848132257047973,27.496142878942752,27.541527523213357,,,
29.033456525669827,-91.72173892393454,bursting,bursting,74,82,16.0,16.0,0.27282622139764995,0.2687689859684654,0.494743351886209,0.4821833261005834,27.485390388008952,27.424254149468734,[-52.       -52.       -52.       ... -53.023613 -53.022167 -53.020718],[-52.       -52.       -52.       ... -55.57098  -55.57083  -55.570686],"[0.000000e+00 5.000000e-05 1.000000e-04 ... 9.999849e+00 9.999900e+00
 9.999949e+00]"
29.033456525669827,-88.71816837536491,bursting,bursting,75,82,16.0,16.0,0.27415922710040375,0.2752448665042508,0.4891769597651951,0.497190871575598,27.339263376212283,27.370533095929293,,,
29.033456525669827,-88.57314278030957,bursting,bursting,76,82,16.0,16.0,0.2746800167698339,0.2735307223845127,0.49323041258724015,0.49512303807496155,27.36944669825944,27.41327074885889,,,
29.033456525669827,-88.53522241405496,bursting,bursting,75,82,16.0,16.0,0.2772090717561035,0.27442482478516067,0.4957243772462511,0.4953069664924837,27.3036453522563,27.384824369787417,,,
29.033456525669827,-85.52555330351612,bursting,bursting,79,81,16.0,16.0,0.2815750924845445,0.27454040929587237,0.4965613129081112,0.4955155839651156,27.17270666054301,27.370844795233413,,,
29.033456525669827,-84.7239990177665,bursting,bursting,81,80,15.5,15.0,0.28661570820294463,0.2659969654162089,0.5130046683424819,0.5232041019201591,27.473104193955262,27.737099945181132,,,
29.033456525669827,-84.36968645429397,bursting,bursting,77,82,15.5,16.0,0.2581733329951554,0.28194486366837684,0.5072665939584549,0.503068719187041,27.561669892545098,27.144327318758492,,,
29.033456525669827,-83.78563181339008,bursting,bursting,80,81,15.5,15.5,0.262156175955496,0.284270628063261,0.5150922015040692,0.5052801778586227,27.49672080036297,27.4368062402053,,,
29.033456525669827,-83.5989607818643,bursting,bursting,81,80,15.5,15.0,0.26524771024146543,0.2658644182829099,0.5203996669442131,0.5220705317288366,27.433702391223896,27.71229061015981,,,
29.033456525669827,-82.85987488320067,bursting,bursting,83,80,15.5,15.5,0.26603381014304284,0.28834215927230344,0.5201560468140441,0.5067524767527302,27.353600588003317,27.34787326704264,,,
29.033456525669827,-82.27821706868562,bursting,bursting,84,75,14.5,16.0,0.2650471158559833,0.2770400405473897,0.5446919766871834,0.5068423720223011,27.319491364192572,27.427963439631224,,,
30.141865553727637,-105.14582794454225,bursting,bursting,74,84,16.0,16.0,0.2538441734734477,0.2589289949248208,0.4680880941793245,0.47431579945928004,27.881088445329972,27.73235450544637,,,
30.141865553727637,-101.4811769100413,bursting,bursting,83,75,16.0,16.0,0.2607589467873175,0.26031859248692324,0.48004224371744697,0.4755111745126011,27.779270642261306,27.68303613553054,,,
30.141865553727637,-100.19958492603132,bursting,bursting,74,83,16.0,16.0,0.2602720216477963,0.25920194276463004,0.4747323696266231,0.47616780153326027,27.69303444729276,27.75427529674935,,,
30.141865553727637,-98.2750705740145,bursting,bursting,74,82,16.0,16.0,0.2626691810087606,0.26359742010011544,0.4774067266607787,0.48132460531382354,27.640596752480537,27.630487111387023,,,
30.141865553727637,-94.1611661339811,bursting,bursting,75,82,16.0,16.0,0.26535235708088295,0.2623268499246391,0.4820206304829848,0.47848034641977083,27.588462080092047,27.645232322537026,,,
30.141865553727637,-93.84527381702881,bursting,bursting,75,82,16.0,16.0,0.2686832740213523,0.2651048681931883,0.487495734412324,0.4810467577448527,27.553049557215232,27.55191491184506,,,
30.141865553727637,-93.13852565023593,bursting,bursting,75,83,16.0,16.0,0.26180432385791663,0.26861520445008313,0.47936340539763195,0.4879476920074167,27.70994826890872,27.527377519473713,,,
30.141865553727637,-93.01396526987197,bursting,bursting,75,82,16.0,16.0,0.2702980976662092,0.26335941800081364,0.49029221415963914,0.47861775193241907,27.516899263085165,27.595418607096924,,,
30.141865553727637,-92.78411885748214,bursting,bursting,75,82,16.0,16.0,0.2678450363196128,0.26680442445605923,0.48426150121065364,0.48620396256229464,27.51609224237025,27.573018042714537,,,
30.141865553727637,-91.72173892393454,bursting,bursting,74,82,16.0,16.0,0.2686371259813809,0.26952743604764706,0.48613305461704875,0.4881859011911736,27.50864832776146,27.49463761427958,,,
30.141865553727637,-88.71816837536491,bursting,bursting,75,82,16.0,16.0,0.2723403208345636,0.2684984802431612,0.49207755142210413,0.4863221884498479,27.447652444162074,27.500234777607545,[-52.       -52.       -52.       ... -54.01839  -54.018013 -54.017635],[-52.       -52.       -52.       ... -55.721996 -55.721855 -55.721714],"[0.000000e+00 5.000000e-05 1.000000e-04 ... 9.999849e+00 9.999900e+00
 9.999949e+00]"
30.141865553727637,-88.57314278030957,bursting,bursting,83,76,16.0,16.0,0.27108257951561154,0.27179987797437455,0.4863340142009533,0.4881025015253203,27.407319018741873,27.3920293719351,,,
30.141865553727637,-88.53522241405496,bursting,bursting,76,82,16.0,16.0,0.2727563944605984,0.2755180927205169,0.49282933320191213,0.4987655552507544,27.44053049359355,27.388495296972756,,,
30.141865553727637,-85.52555330351612,bursting,bursting,79,81,15.5,16.0,0.2567171717171718,0.27973349244232293,0.505050505050505,0.4972155926809866,27.59770273164491,27.20603651214389,,,
30.141865553727637,-84.7239990177665,bursting,bursting,80,81,15.5,15.5,0.2846081352996612,0.28851277626938016,0.5094113751560072,0.5074982871932806,27.488966529013176,27.347233176114358,,,
30.141865553727637,-84.36968645429397,bursting,bursting,79,82,15.5,16.0,0.25790939002784136,0.28027741871333384,0.5062009617818274,0.4971661529283086,27.564142937301643,27.19168532128065,,,
30.141865553727637,-83.78563181339008,bursting,bursting,81,81,15.5,15.5,0.2597326394203785,0.2870680186968403,0.5102301137813154,0.5108426349263111,27.54543728109445,27.40551085244004,,,
30.141865553727637,-83.5989607818643,bursting,bursting,80,81,16.0,16.0,0.28501649167862647,0.2808159397521257,0.5035627061459829,0.4987406797835466,27.10992797729794,27.176519272502233,,,
30.141865553727637,-82.85987488320067,bursting,bursting,80,81,15.5,15.5,0.2884336798231121,0.29234320693053867,0.5082979642666531,0.5187529179851638,27.377210786754127,27.327798214857374,,,
30.141865553727637,-82.27821706868562,bursting,bursting,85,79,15.0,15.0,0.26918822103987755,0.2687794974556382,0.526787125322657,0.527328815883144,27.6675571058863,27.685099149639168,,,
30.75524957292389,-105.14582794454225,bursting,bursting,75,81,16.5,16.5,0.2483253588516747,0.26914744775917326,0.4556846662109821,0.4513246378119782,27.598829078765252,27.587841849749516,,,
30.75524957292389,-101.4811769100413,bursting,bursting,74,83,16.0,16.0,0.25839530147302586,0.2596594161419579,0.47364183204660637,0.4770082045411181,27.76632206567199,27.754275296749313,,,
30.75524957292389,-100.19958492603132,bursting,bursting,74,82,16.0,16.0,0.2620272023838133,0.2603213196033563,0.4806074878646609,0.4767353165522502,27.73976358025203,27.701889416647024,,,
30.75524957292389,-98.2750705740145,bursting,bursting,74,82,16.0,16.0,0.2672220050811021,0.2661077321960794,0.4885675200312683,0.4846252635149869,27.649717648421586,27.59061804820764,,,
30.75524957292389,-94.1611661339811,bursting,bursting,75,82,16.0,16.0,0.2738742766311502,0.26797353946061214,0.49673397412015985,0.48462526351498714,27.479722465244315,27.49682168061164,,,
30.75524957292389,-93.84527381702881,bursting,bursting,74,82,16.0,16.0,0.2688898682728564,0.26484369368287,0.489691983742226,0.48057284282865176,27.588207675474894,27.551914911845063,,,
30.75524957292389,-93.13852565023593,bursting,bursting,75,82,16.0,16.0,0.2673839652199255,0.2651239111025311,0.4857552279406407,0.48261383653869355,27.57452611705741,27.592478339275512,,,
30.75524957292389,-93.01396526987197,bursting,bursting,75,82,16.0,16.0,0.27500433136153263,0.2689682075287691,0.49501274657822436,0.48761458942851577,27.381680764550993,27.510202870082097,,,
30.75524957292389,-92.78411885748214,bursting,bursting,74,82,16.0,16.0,0.2641831195657397,0.2604151855538179,0.4803766152663688,0.47395611166406,27.612486211221622,27.65559821197161,,,
30.75524957292389,-91.72173892393454,bursting,bursting,74,82,16.0,16.0,0.26951767707447466,0.2693952351863166,0.4859676831490706,0.48869883934025643,27.467490694414696,27.50656256623011,,,
30.75524957292389,-88.71816837536491,bursting,bursting,75,82,16.0,16.0,0.27529108016186293,0.27780159911216523,0.4965120031776768,0.5044517870204555,27.390632511733266,27.370491780429735,,,
30.75524957292389,-88.57314278030957,bursting,bursting,76,82,16.0,16.0,0.2778096831381558,0.2741525319112165,0.4993882493944916,0.4937905834135743,27.331804747830176,27.377374968026857,[-52.       -52.       -52.       ... -54.176186 -54.17585  -54.175514],[-52.       -52.       -52.       ... -55.78374  -55.783604 -55.783466],"[0.000000e+00 5.000000e-05 1.000000e-04 ... 9.999849e+00 9.999900e+00
 9.999949e+00]"
30.75524957292389,-88.53522241405496,bursting,bursting,75,82,16.0,16.0,0.27159107552604606,0.271305206020232,0.4882097349021139,0.4934616333580063,27.419242283563236,27.481155803979735,,,
30.75524957292389,-85.52555330351612,bursting,bursting,77,81,16.0,16.0,0.2750296208530807,0.27229954427885195,0.4936808846761454,0.4926715112698608,27.35907499231241,27.428666546939766,,,
30.75524957292389,-84.7239990177665,bursting,bursting,77,82,16.0,16.0,0.27842863552520064,0.27691008864499783,0.4985293384515679,0.49661063243364034,27.29680892954407,27.28737255606029,,,
30.75524957292389,-84.36968645429397,bursting,bursting,77,82,16.0,16.0,0.2835930945056061,0.27989942242581156,0.5085047418067175,0.49790878311093406,27.177844889430308,27.204702071420922,,,
30.75524957292389,-83.78563181339008,bursting,bursting,78,81,15.5,15.5,0.2565796107693858,0.28414893890015147,0.5041847332862762,0.513228463650594,27.582140216866847,27.553586142085567,,,
30.75524957292389,-83.5989607818643,bursting,bursting,79,81,15.5,15.5,0.26548510871551273,0.25484161537306693,0.5220432773876953,0.5004253615573236,27.440753234139905,27.585383841326582,,,
30.75524957292389,-82.85987488320067,bursting,bursting,80,82,16.0,16.0,0.2851075593084035,0.2814152606396373,0.5026135906714917,0.503651473180559,27.096845739189657,27.16261149542203,,,
30.75524957292389,-82.27821706868562,bursting,bursting,82,80,15.0,15.5,0.269501481795089,0.26604142243063705,0.5292125317527518,0.5210368633580826,27.71138986019539,27.317070923764778,,,
31.251003830990477,-105.14582794454225,bursting,bursting,75,81,16.5,16.0,0.2781951400482288,0.2526173747149968,0.46373585605639017,0.4653110604439068,27.504230385040067,27.865910452697207,,,
31.251003830990477,-101.4811769100413,bursting,bursting,74,83,16.0,16.0,0.25984983911333565,0.25652845376263556,0.4767012275056609,0.4679895170348184,27.770883464591453,27.726821903436267,,,
31.251003830990477,-100.19958492603132,bursting,bursting,74,82,16.0,16.0,0.26011891969338774,0.2637320111258917,0.47758913007139964,0.483734429798041,27.76912122119924,27.681614071886422,,,
31.251003830990477,-98.2750705740145,bursting,bursting,74,82,16.0,16.0,0.2594588179444575,0.26130244357753174,0.47472110135295503,0.4786635713089055,27.732407707380574,27.703486660949427,,,
31.251003830990477,-94.1611661339811,bursting,bursting,74,82,16.0,16.0,0.2628638284663688,0.26144506606356394,0.4775435161529094,0.4761337935960005,27.63084834848077,27.628899118726704,,,
31.251003830990477,-93.84527381702881,bursting,bursting,75,82,16.0,16.0,0.2639415008391275,0.2670936514532967,0.4795013186286261,0.48891387782042195,27.59910158076607,27.627710987716306,,,
31.251003830990477,-93.13852565023593,bursting,bursting,75,82,16.0,16.0,0.26477076539420685,0.2628546737721444,0.4795703050067139,0.4800998607710405,27.569155484237722,27.65215461989503,,,
31.251003830990477,-93.01396526987197,bursting,bursting,75,82,16.0,16.0,0.26686323319718663,0.26663419386263987,0.48336032095125325,0.4870920603994155,27.545333291217663,27.60413395011214,,,
31.251003830990477,-92.78411885748214,bursting,bursting,75,82,16.0,16.0,0.26217942606540184,0.2650336773755878,0.47668986557345805,0.4845665552163588,27.64016711592143,27.62664659239066,,,
31.251003830990477,-91.72173892393454,bursting,bursting,75,82,16.0,16.0,0.2629077709318434,0.27150331010884937,0.47762334622916364,0.4958964568198159,27.613748576121793,27.536677222023407,,,
31.251003830990477,-88.71816837536491,bursting,bursting,75,82,16.0,16.0,0.2739266656875704,0.26817741153659724,0.4895481470602633,0.4847309743092582,27.354598049460943,27.489063069983523,,,
31.251003830990477,-88.57314278030957,bursting,bursting,75,82,16.0,16.0,0.2708828502119527,0.2708933008586118,0.49006395334591163,0.4920412330553302,27.487965684232538,27.476472280471704,,,
31.251003830990477,-88.53522241405496,bursting,bursting,76,82,16.0,16.0,0.2740832201506358,0.2737303020557604,0.4938881343375725,0.49476783019568055,27.40649611221321,27.411501605138387,[-52.       -52.       -52.       ... -53.990456 -53.99007  -53.989685],[-52.       -52.       -52.       ... -55.77423  -55.774094 -55.773952],"[0.000000e+00 5.000000e-05 1.000000e-04 ... 9.999849e+00 9.999900e+00
 9.999949e+00]"
31.251003830990477,-85.52555330351612,bursting,bursting,77,82,15.5,16.0,0.25805387854497475,0.2786905620044244,0.5073309319669219,0.49712907956550906,27.574870710765527,27.24210301553336,,,
31.251003830990477,-84.7239990177665,bursting,bursting,82,78,16.0,15.5,0.283069182389937,0.2596119570199113,0.5031446540880503,0.5092427560217957,27.187220100141534,27.503603340760105,,,
31.251003830990477,-84.36968645429397,bursting,bursting,81,78,16.0,16.0,0.274140590020397,0.2796733525769128,0.4974876871797422,0.49342511040386855,27.453156738165895,27.180578242477853,,,
31.251003830990477,-83.78563181339008,bursting,bursting,78,82,16.0,16.0,0.2774304700959885,0.2809886123148244,0.49224710804824023,0.5038798750377909,27.262889950995785,27.160767772715356,,,
31.251003830990477,-83.5989607818643,bursting,bursting,81,80,16.0,15.5,0.2830953640049357,0.2633795901491069,0.5036387902596258,0.5168359304338839,27.177729369713752,27.427209864082855,,,
31.251003830990477,-82.85987488320067,bursting,bursting,77,82,16.0,16.0,0.27837784273893884,0.2743775933609961,0.4954664816925136,0.4939735230191662,27.253057944039423,27.352362130556557,,,
31.251003830990477,-82.27821706868562,bursting,bursting,81,80,15.5,15.5,0.2654964058756118,0.26273022751896014,0.5208875924575476,0.5159160088737551,27.41318525753078,27.462681425885844,,,
31.99326355599359,-105.14582794454225,bursting,bursting,76,81,17.0,16.5,0.2654748603351957,0.26870363669260006,0.446927374301676,0.4523249502442555,27.3797105600322,27.622108578586605,,,
31.99326355599359,-101.4811769100413,bursting,bursting,74,82,16.0,16.0,0.25706334606858167,0.25688656589913844,0.47167586434602143,0.47087630079578086,27.803253113961524,27.750435083396205,,,
31.99326355599359,-100.19958492603132,bursting,bursting,74,83,16.0,16.0,0.25583522953857707,0.2541301101362703,0.469164184006193,0.46667911144297175,27.806376479255952,27.80846555533079,,,
31.99326355599359,-98.2750705740145,bursting,bursting,74,83,16.0,16.0,0.2560955576936613,0.25736268939393925,0.4693403421491096,0.47348484848484845,27.781741985915644,27.792819502361358,,,
31.99326355599359,-94.1611661339811,bursting,bursting,75,82,16.0,16.0,0.26457420690319156,0.2612868568700013,0.48139411736388577,0.4774979109466397,27.619722199849317,27.687358269037826,,,
31.99326355599359,-93.84527381702881,bursting,bursting,75,83,16.0,16.0,0.26603557225461744,0.2676524057689978,0.48795959694537283,0.4847897224578838,27.675949156252393,27.50096042330522,,,
31.99326355599359,-93.13852565023593,bursting,bursting,74,83,16.0,16.0,0.26134585289514894,0.2663445347389999,0.47422582633850224,0.48807867828293905,27.627239994329226,27.6387356119879,,,
31.99326355599359,-93.01396526987197,bursting,bursting,75,82,16.0,16.0,0.26497229583232956,0.2614770935842927,0.48181161165984104,0.4777146132900207,27.599256691290925,27.676695954885037,,,
31.99326355599359,-92.78411885748214,bursting,bursting,75,83,16.0,16.0,0.2664048397326439,0.2708563569832265,0.4878762745767674,0.49117119772096574,27.645478046712284,27.485390388008945,,,
31.99326355599359,-91.72173892393454,bursting,bursting,75,83,16.0,16.0,0.2646973506091666,0.26593358894595964,0.4834654805646876,0.48228797414936453,27.63381194713064,27.548957658550435,,,
31.99326355599359,-88.71816837536491,bursting,bursting,75,82,16.0,16.0,0.2740437898677437,0.2678316085407529,0.4925744403122923,0.48471922638811477,27.393626506897593,27.50192110033771,,,
31.99326355599359,-88.57314278030957,bursting,bursting,75,82,16.0,16.0,0.2724556763639925,0.26904901101042605,0.4897639337839162,0.487186982363831,27.419242283563232,27.47361828716152,,,
31.99326355599359,-88.53522241405496,bursting,bursting,75,82,16.0,16.0,0.2714492504722883,0.26490415757023256,0.49068917294339903,0.47981191372981785,27.461569889844988,27.544576388071743,,,
31.99326355599359,-85.52555330351612,bursting,bursting,75,82,16.0,16.0,0.27383917342736663,0.27795164302660147,0.493181762138436,0.5047700772298219,27.388206441965607,27.355746788598356,[-52.       -52.       -52.       ... -53.398106 -53.397305 -53.3965  ],[-52.       -52.       -52.       ... -55.590126 -55.589977 -55.589832],"[0.000000e+00 5.000000e-05 1.000000e-04 ... 9.999849e+00 9.999900e+00
 9.999949e+00]"
31.99326355599359,-84.7239990177665,bursting,bursting,76,82,16.0,16.0,0.2772615162310969,0.2770633971291867,0.4982685169037595,0.4984051036682615,27.33543022316639,27.30273385343696,,,
31.99326355599359,-84.36968645429397,bursting,bursting,79,81,16.0,16.0,0.2795351839896706,0.2737687261333593,0.4965983016338085,0.4895721139723881,27.233495882401044,27.326525289942133,,,
31.99326355599359,-83.78563181339008,bursting,bursting,80,81,15.5,15.5,0.2879872303176975,0.28585904646096144,0.5149065444621801,0.5066626133657597,27.455491362898627,27.401811635628427,,,
31.99326355599359,-83.5989607818643,bursting,bursting,76,82,16.0,16.0,0.2849705577598624,0.2779861796643634,0.5054461826177059,0.493583415597236,27.134796094480897,27.220968538016447,,,
31.99326355599359,-82.85987488320067,bursting,bursting,77,82,15.5,16.0,0.2584668424254716,0.2791265157740093,0.5069965524234434,0.49799556783944626,27.54367918147145,27.226400673086026,,,
31.99326355599359,-82.27821706868562,bursting,bursting,77,82,16.0,16.0,0.28722705216336436,0.279841580187497,0.5054589567327133,0.5013285205795358,27.025371658594462,27.21327178716142,,,
32.23647207728248,-105.14582794454225,bursting,bursting,74,81,16.5,16.5,0.24593021939457055,0.27005915022350646,0.4528267711187085,0.4515284237142729,27.67965615968184,27.571175569822405,,,
32.23647207728248,-101.4811769100413,bursting,bursting,74,83,16.0,16.0,0.2558743040483155,0.25836581424089733,0.4718316504671132,0.4753303545964446,27.861021617129,27.781741985915648,,,
32.23647207728248,-100.19958492603132,bursting,bursting,74,82,16.0,16.0,0.26098519334898646,0.2598234048123377,0.4791796444487038,0.47599781041007205,27.767370606553644,27.7199575309469,,,
32.23647207728248,-98.2750705740145,bursting,bursting,74,83,16.0,16.0,0.2589677327580075,0.2589615931721195,0.474169610469665,0.474158368895211,27.749752657161135,27.72731079802789,,,
32.23647207728248,-94.1611661339811,bursting,bursting,74,82,16.0,16.0,0.26353392471829296,0.2624781766436276,0.4795013186286263,0.4783201396694808,27.632395238005305,27.632274060988035,,,
32.23647207728248,-93.84527381702881,bursting,bursting,74,82,16.0,16.0,0.2656250000000001,0.26583377550528187,0.48374613003095984,0.48236939848536003,27.62557428298309,27.553775202912934,,,
32.23647207728248,-93.13852565023593,bursting,bursting,75,82,16.0,16.0,0.26934954168913283,0.2678606285379659,0.4901720503896866,0.4879953152449737,27.568102725440408,27.570664229966344,,,
32.23647207728248,-93.01396526987197,bursting,bursting,74,82,16.0,16.0,0.26411844906355364,0.2658366098733071,0.4783887865668429,0.48541332945002663,27.581720242874383,27.611999597034917,,,
32.23647207728248,-92.78411885748214,bursting,bursting,75,82,16.0,16.0,0.2709591866804186,0.2721387626013046,0.4911350130150778,0.49416880806483493,27.508193352181078,27.461418581903978,,,
32.23647207728248,-91.72173892393454,bursting,bursting,75,82,16.0,16.0,0.2691857059168132,0.2619739789353284,0.4881859011911736,0.4765762760329791,27.52739121141021,27.624435269768583,,,
32.23647207728248,-88.71816837536491,bursting,bursting,75,82,16.0,16.0,0.2762337208722121,0.27453744929256946,0.49897709695124987,0.4947066389630949,27.39285426730766,27.38209457780577,,,
32.23647207728248,-88.57314278030957,bursting,bursting,75,82,16.0,16.0,0.26841901442540445,0.2733316733067728,0.48407396650208157,0.49800796812749004,27.488762912548008,27.461673075559258,,,
32.23647207728248,-88.53522241405496,bursting,bursting,75,82,16.0,16.0,0.27257516854485525,0.2693979198203034,0.4921017666453421,0.48830509302212016,27.43448302697725,27.489901099556917,,,
32.23647207728248,-85.52555330351612,bursting,bursting,75,82,16.0,16.0,0.27767681545470385,0.26948263779813,0.4978963877617067,0.48329023995360404,27.32601259182963,27.404402601042303,,,
32.23647207728248,-84.7239990177665,bursting,bursting,83,77,16.0,16.0,0.2733311930457115,0.27367463809079073,0.49391252809127495,0.49155749993855535,27.428445076885353,27.364538350452012,[-52.      -52.      -52.      ... -56.03522 -56.03517 -56.03512],[-52.       -52.       -52.       ... -54.42246  -54.422184 -54.42191 ],"[0.000000e+00 5.000000e-05 1.000000e-04 ... 9.999849e+00 9.999900e+00
 9.999949e+00]"
32.23647207728248,-84.36968645429397,bursting,bursting,85,75,14.5,16.0,0.25826105464800725,0.27396190284216904,0.5321130208056192,0.503930659141302,27.43460414636938,27.544425638468617,,,
32.23647207728248,-83.78563181339008,bursting,bursting,77,81,16.0,16.0,0.2800753295668548,0.27931628135759956,0.5021971123666039,0.4918839153959665,27.27743501085218,27.177424686180515,,,
32.23647207728248,-83.5989607818643,bursting,bursting,79,81,16.0,16.0,0.2779730302350509,0.2760615353928239,0.49851691218624594,0.49866606826738474,27.300465096419902,27.35551873402935,,,
32.23647207728248,-82.85987488320067,bursting,bursting,85,76,15.0,16.0,0.2530576816854731,0.27478810371633494,0.526052763092138,0.5015296654797131,27.265780713549056,27.450068362280728,,,
32.23647207728248,-82.27821706868562,bursting,bursting,78,82,16.0,16.0,0.2811776710385507,0.27523501690147806,0.4977476916950798,0.4934738088775937,27.194112328355782,27.31195570102979,,,
32.29037388755989,-105.14582794454225,bursting,bursting,75,80,16.5,16.5,0.24762575544145043,0.24720769283479135,0.45440087244967503,0.45681916813229484,27.606647908445172,27.637595731064238,,,
32.29037388755989,-101.4811769100413,bursting,bursting,73,83,16.0,16.0,0.25394970552491364,0.2581463137189847,0.4674207721791156,0.4739673436500226,27.860390517551476,27.760037182691562,,,
32.29037388755989,-100.19958492603132,bursting,bursting,74,83,16.0,16.0,0.2590244134131281,0.25934196460387204,0.4749691270067445,0.47511580947856036,27.770677819759037,27.72893227637938,,,
32.29037388755989,-98.2750705740145,bursting,bursting,75,83,16.0,16.0,0.26196757482732147,0.2658047020653256,0.4796623177283192,0.4842497760344785,27.72230121446177,27.596092564197605,,,
32.29037388755989,-94.1611661339811,bursting,bursting,74,82,16.0,16.0,0.26310488705577684,0.26276373586807794,0.47959330487746377,0.48006528887928757,27.656139109492926,27.654982202600433,,,
32.29037388755989,-93.84527381702881,bursting,bursting,74,82,16.0,16.0,0.2628467485220558,0.26904028581988404,0.4786864842871162,0.4927929037821857,27.640221278338803,27.603517844542598,,,
32.29037388755989,-93.13852565023593,bursting,bursting,74,82,16.0,16.0,0.2703307512602975,0.26893282177854894,0.4918234353866962,0.4887466093203978,27.556630593926187,27.533262034503377,,,
32.29037388755989,-93.01396526987197,bursting,bursting,75,82,16.0,16.0,0.2702888414439617,0.2627966828710323,0.49080959041939665,0.47659898961014197,27.527615128347016,27.581269462145325,,,
32.29037388755989,-92.78411885748214,bursting,bursting,75,82,16.0,16.0,0.2702338349919111,0.26632813444565345,0.4902201088288641,0.48361745859025507,27.52525869669836,27.544550259073866,,,
32.29037388755989,-91.72173892393454,bursting,bursting,75,82,16.0,16.0,0.26794594987991555,0.2672380210362291,0.48518958783144517,0.4869497467861318,27.537004878466284,27.56435118953954,,,
32.29037388755989,-88.71816837536491,bursting,bursting,75,82,16.0,16.0,0.27356384561960534,0.2697573572403041,0.49608096041273936,0.48723445722081454,27.469594759728935,27.46790057515528,,,
32.29037388755989,-88.57314278030957,bursting,bursting,82,75,16.0,16.0,0.26601617355091783,0.2727787070746825,0.484238051426081,0.4919807143559973,27.59739116767943,27.398779631690495,,,
32.29037388755989,-88.53522241405496,bursting,bursting,75,82,16.0,16.0,0.27020152612013304,0.27407850765624225,0.48914106828409315,0.49877799391490846,27.492883282710203,27.43486471193013,,,
32.29037388755989,-85.52555330351612,bursting,bursting,76,82,16.0,16.0,0.2750883739198742,0.2717745117380153,0.4909662215239591,0.49319392385085803,27.324052765522925,27.46718672348505,,,
32.29037388755989,-84.7239990177665,bursting,bursting,76,82,16.0,16.0,0.2783518050586674,0.27531723695255056,0.5003627630031773,0.49375401175134537,27.330500269556275,27.313850081728322,,,
32.29037388755989,-84.36968645429397,bursting,bursting,75,82,16.0,16.0,0.2733996179654209,0.27476967039463984,0.48978792182984765,0.4926836478297285,27.371873049260547,27.326681263172972,[-52.       -52.       -52.       ... -51.7794   -51.767715 -51.75582 ],[-52.       -52.       -52.       ... -55.542976 -55.542828 -55.542683],"[0.000000e+00 5.000000e-05 1.000000e-04 ... 9.999849e+00 9.999900e+00
 9.999949e+00]"
32.29037388755989,-83.78563181339008,bursting,bursting,77,82,16.0,16.0,0.2784045326915361,0.27496259351620966,0.501403931006819,0.49875311720698257,27.304251770097615,27.402592975670355,,,
32.29037388755989,-83.5989607818643,bursting,bursting,85,75,15.0,16.0,0.2542927228127556,0.2694108031800285,0.5275235407380054,0.495331500606781,27.197296520441654,27.623093301793684,,,
32.29037388755989,-82.85987488320067,bursting,bursting,76,82,16.0,16.0,0.28078460769615177,0.276402048338817,0.4997501249375311,0.49476783019568055,27.21591708590129,27.274590497101347,,,
32.29037388755989,-82.27821706868562,bursting,bursting,77,82,16.0,16.0,0.28111523417911943,0.2794794996350457,0.5014542172299669,0.5033852659132666,27.219104316923424,27.22726762177255,,,
32.875714500088364,-105.14582794454225,bursting,bursting,74,81,16.0,16.5,0.25330504325118347,0.25053005162241876,0.4663200354403225,0.46091445427728617,27.872152310791275,27.523575924820406,,,
32.875714500088364,-101.4811769100413,bursting,bursting,82,73,16.0,16.5,0.24187675394855865,0.26665757968150117,0.46385416425075954,0.4543492582748359,27.243829596373125,27.718868364699702,,,
32.875714500088364,-100.19958492603132,bursting,bursting,75,82,16.5,16.0,0.27742635515744735,0.2529484286677985,0.46172315079878107,0.46523529274930797,27.492172382424584,27.84089233179742,,,
32.875714500088364,-98.2750705740145,bursting,bursting,74,82,16.0,16.0,0.25868552373294224,0.25413568773234196,0.47300333467350936,0.4646840148698885,27.738526402934266,27.76923637989586,,,
32.875714500088364,-94.1611661339811,bursting,bursting,74,82,16.0,16.0,0.2625430546523111,0.2611059446312326,0.4817303755088277,0.47690583494289035,27.732407707380577,27.668533689907257,,,
32.875714500088364,-93.84527381702881,bursting,bursting,75,83,16.0,16.0,0.26308689263086904,0.26542468910548817,0.4818000048180001,0.48014596437316925,27.701109415867,27.526691010283777,,,
32.875714500088364,-93.13852565023593,bursting,bursting,75,83,16.0,16.0,0.2600338635442254,0.2655759099038137,0.4769513271170676,0.48334863937358014,27.756017892612668,27.577043362259467,,,
32.875714500088364,-93.01396526987197,bursting,bursting,74,83,16.0,16.0,0.2610236031981617,0.2643413640177391,0.47876669698855745,0.479443845139638,27.729328461693434,27.569885630037355,,,
32.875714500088364,-92.78411885748214,bursting,bursting,75,82,16.0,16.0,0.26337616262345404,0.26066768263644186,0.4794323520951194,0.47623583198399844,27.63744759272844,27.679456705778748,,,
32.875714500088364,-91.72173892393454,bursting,bursting,75,82,16.0,16.0,0.2644290790358206,0.2621034260166876,0.4801690194948621,0.47816004016544333,27.600660371789406,27.65530416997654,,,
32.875714500088364,-88.71816837536491,bursting,bursting,75,82,16.0,16.0,0.27145870119678256,0.27072299544278855,0.49048459878359824,0.4926715112698608,27.46686776290723,27.502951544553532,,,
32.875714500088364,-88.57314278030957,bursting,bursting,75,82,16.0,16.0,0.2672862363561558,0.27167930983191996,0.48403881991335707,0.4958104021022362,27.536258905660475,27.51367345744036,,,
32.875714500088364,-88.53522241405496,bursting,bursting,75,82,16.0,16.0,0.27095329494561754,0.26984555700149776,0.4921502042423347,0.49107471701819416,27.51097314249051,27.52462117821077,,,
32.875714500088364,-85.52555330351612,bursting,bursting,75,82,16.0,16.0,0.27931137575364995,0.2751220956045584,0.4982809307887787,0.4933155739726701,27.271787096050463,27.322630519651433,,,
32.875714500088364,-84.7239990177665,bursting,bursting,75,82,16.0,16.0,0.27393174929109226,0.27689452831134975,0.4889019262735894,0.5015296654797131,27.32805622382211,27.36909624842438,,,
32.875714500088364,-84.36968645429397,bursting,bursting,75,82,16.0,16.0,0.2731306856001772,0.27318555860330623,0.49306017799472424,0.4942298663108212,27.43294558960862,27.40745275410489,,,
32.875714500088364,-83.78563181339008,bursting,bursting,82,76,16.0,16.0,0.27242705047318594,0.2790663171949954,0.4929022082018927,0.4945353840067257,27.44955056376696,27.215799176327916,[-52.       -52.       -52.       ... -55.744473 -55.74433  -55.744194],[-52.       -52.       -52.       ... -52.46715  -52.46342  -52.459663],"[0.000000e+00 5.000000e-05 1.000000e-04 ... 9.999849e+00 9.999900e+00
 9.999949e+00]"
32.875714500088364,-83.5989607818643,bursting,bursting,76,82,16.0,16.0,0.2748642860700233,0.27387971698113217,0.4980327705563025,0.4913522012578615,27.440355589531368,27.346350257243714,,,
32.875714500088364,-82.85987488320067,bursting,bursting,77,82,16.0,16.0,0.27540471527381805,0.27903858317520597,0.4958226938046954,0.5060088551549652,27.348626635864534,27.324344259271175,,,
32.875714500088364,-82.27821706868562,bursting,bursting,82,76,16.0,15.5,0.2817857142857142,0.2825526102792392,0.5102040816326531,0.5058680696074461,27.25807438969272,27.497134977473657,,,
33.44467334979136,-105.14582794454225,bursting,bursting,75,78,17.0,16.5,0.2612344582593252,0.26577244540307365,0.4440497335701599,0.44935741889098596,27.51119147036523,27.67078873167971,,,
33.44467334979136,-101.4811769100413,bursting,bursting,74,83,16.0,16.0,0.2607541030671324,0.25646831293190847,0.4784917938657352,0.4717092384254345,27.747881535456074,27.81021639756234,,,
33.44467334979136,-100.19958492603132,bursting,bursting,74,83,16.0,16.0,0.25531864932137305,0.25485641891891875,0.4696379091720284,0.46921921921921905,27.836807051733974,27.833568009570037,,,
33.44467334979136,-98.2750705740145,bursting,bursting,74,83,16.0,16.0,0.25687598522457256,0.26086539614047705,0.4705550196456719,0.47944384513963784,27.770329206428848,27.742715653291825,,,
33.44467334979136,-94.1611661339811,bursting,bursting,74,82,16.0,16.0,0.2612293709638843,0.2636486291138631,0.4783544606553457,0.4818580446200548,27.728101022633414,27.641153677823684,,,
33.44467334979136,-93.84527381702881,bursting,bursting,74,83,16.0,16.0,0.2680284061790761,0.2659398824843394,0.48807867828293927,0.4856019035594621,27.5917262520454,27.611999597034906,,,
33.44467334979136,-93.13852565023593,bursting,bursting,75,82,16.0,16.0,0.26438129892514284,0.26091607045233045,0.4787781581404257,0.47538684604596987,27.58190317911245,27.645134106742777,,,
33.44467334979136,-93.01396526987197,bursting,bursting,74,82,16.0,16.0,0.26554397867700497,0.26820712831456833,0.484613520717228,0.4905928814972894,27.630752321975805,27.605685816638694,,,
33.44467334979136,-92.78411885748214,bursting,bursting,75,82,16.0,16.0,0.2649980709876544,0.26600519152858954,0.4822530864197531,0.48518958783144517,27.618060419706943,27.606951252017947,,,
33.44467334979136,-91.72173892393454,bursting,bursting,74,82,16.0,16.0,0.26518350505513594,0.2666116184184964,0.4825905460512027,0.4857198367981347,27.618060419706946,27.587424133326216,,,
33.44467334979136,-88.71816837536491,bursting,bursting,76,80,16.0,16.0,0.2691353170995404,0.26485332565781594,0.4914367152369952,0.47971984361133096,27.587598308819125,27.540417247083493,,,
33.44467334979136,-88.57314278030957,bursting,bursting,75,82,16.0,16.0,0.2716876487766571,0.27036085626911316,0.49080959041939676,0.48929663608562685,27.471635312483656,27.45652130599137,,,
33.44467334979136,-88.53522241405496,bursting,bursting,74,82,16.0,16.0,0.2704926108374385,0.26889471384884245,0.4926108374384236,0.48541332945002663,27.55795581229203,27.457409755439066,,,
33.44467334979136,-85.52555330351612,bursting,bursting,75,82,16.0,16.0,0.2699832308552264,0.27362253802044373,0.4860621673512042,0.4986287708800797,27.447834358142284,27.46346002516025,,,
33.44467334979136,-84.7239990177665,bursting,bursting,75,82,16.0,16.0,0.2745247335069016,0.26973780220849336,0.4912315174141572,0.4864523033516562,27.36020718592764,27.43208557434659,,,
33.44467334979136,-84.36968645429397,bursting,bursting,77,82,16.0,16.0,0.27924889246878754,0.2814616040527664,0.5034232782923883,0.5015799769273209,27.334278723267975,27.16022362530428,,,
33.44467334979136,-83.78563181339008,bursting,bursting,76,82,16.0,16.0,0.2748037116345466,0.27253957329662776,0.4922592237072042,0.49159374692753904,27.353452332042085,27.404882216810655,,,
33.44467334979136,-83.5989607818643,bursting,bursting,83,77,16.0,16.0,0.27395936570862256,0.2722384541727026,0.4955401387512389,0.4910506027646148,27.422513381887494,27.402339971379245,[-52.       -52.       -52.       ... -56.0395   -56.03945  -56.039402],[-52.      -52.      -52.      ... -54.43196 -54.43169 -54.43142],"[0.000000e+00 5.000000e-05 1.000000e-04 ... 9.999849e+00 9.999900e+00
 9.999949e+00]"
33.44467334979136,-82.85987488320067,bursting,bursting,76,82,16.0,16.0,0.27850790513834,0.27608494921514326,0.49407114624505916,0.4991140725212746,27.241464462718437,27.363822350981447,,,
33.44467334979136,-82.27821706868562,bursting,bursting,76,82,16.0,16.0,0.2742038844523317,0.2717388636642534,0.49295080350980985,0.490857773959995,27.37269921652771,27.418935546422954,,,
34.58567830264926,-105.14582794454225,bursting,bursting,76,75,17.0,17.0,0.2592608781170096,0.2606823451473995,0.43709159254321733,0.44164734459534066,27.51043247990507,27.474817792142638,,,
34.58567830264926,-101.4811769100413,bursting,bursting,75,82,16.0,16.0,0.2541601145351704,0.25228743068391846,0.46940643556223155,0.4621072088724585,27.899908854020335,27.806957998286975,,,
34.58567830264926,-100.19958492603132,bursting,bursting,77,79,17.0,16.5,0.26808108958511256,0.27192381474376565,0.4494988088281565,0.45674614049511264,27.30041339321879,27.571139209344658,,,
34.58567830264926,-98.2750705740145,bursting,bursting,74,83,16.0,16.0,0.2554729160819533,0.2557105554117951,0.4677706052951632,0.47048860241360657,27.789676483502618,27.817562057963812,,,
34.58567830264926,-94.1611661339811,bursting,bursting,74,83,16.0,16.0,0.25879770586985784,0.25690777065258363,0.47204323916070706,0.47152018106374954,27.713905511990863,27.772500077518295,,,
34.58567830264926,-93.84527381702881,bursting,bursting,74,82,16.0,16.0,0.2586878971863263,0.2631464212183604,0.4724893099293628,0.48443744701465413,27.712080101273667,27.734634777775476,,,
34.58567830264926,-93.13852565023593,bursting,bursting,74,83,16.0,16.0,0.2636631316879323,0.26313389492884076,0.47877815814042557,0.4799961600307197,27.61894548292056,27.6363481576218,,,
34.58567830264926,-93.01396526987197,bursting,bursting,74,82,16.0,16.0,0.2615760713258557,0.26305061985948236,0.47934042757166145,0.4795818046663308,27.73450166703138,27.62598523250986,,,
34.58567830264926,-92.78411885748214,bursting,bursting,74,82,16.0,16.0,0.2617068672303527,0.2579784092788133,0.4790533905003714,0.4724446649186214,27.708063640667124,27.740119996436274,,,
34.58567830264926,-91.72173892393454,bursting,bursting,75,83,16.0,16.0,0.27010554481938437,0.2731696472680566,0.4955155839651156,0.4940223298093075,27.639023076067836,27.417717919548974,,,
34.58567830264926,-88.71816837536491,bursting,bursting,83,75,16.0,16.0,0.2697983940279451,0.26648518581532726,0.4911229526311912,0.48610942323116935,27.553775202912913,27.583416501611353,,,
34.58567830264926,-88.57314278030957,bursting,bursting,75,82,16.0,16.0,0.26212849389092147,0.2642270531400965,0.4782057719436672,0.48309178743961345,27.666768676295746,27.640221278338835,,,
34.58567830264926,-88.53522241405496,bursting,bursting,75,82,16.0,16.0,0.2677773753470963,0.27105048154291816,0.4829168175781722,0.4951598128295906,27.49407274777114,27.531116832438716,,,
34.58567830264926,-85.52555330351612,bursting,bursting,75,82,16.0,16.0,0.27301265572473793,0.27396003768159055,0.49436424757761516,0.495810402102236,27.462172991219234,27.407936876704795,,,
34.58567830264926,-84.7239990177665,bursting,bursting,75,82,16.0,16.0,0.2753791434075978,0.27520341337566956,0.49399792520871405,0.4961301845604286,27.35229950727526,27.361534079152175,,,
34.58567830264926,-84.36968645429397,bursting,bursting,76,82,16.0,16.0,0.2759813805292113,0.27458274433945895,0.49784681253578267,0.49599484165364666,27.38818122119504,27.382628949648314,,,
34.58567830264926,-83.78563181339008,bursting,bursting,75,82,16.0,16.0,0.2744854638893716,0.2796129293748103,0.49653665681868964,0.5066369439659538,27.42029447904123,27.28226284114158,,,
34.58567830264926,-83.5989607818643,bursting,bursting,75,82,16.0,16.0,0.27366991729416107,0.27268687666633734,0.49376620170349345,0.49372963365261174,27.415653924426053,27.429839995965377,,,
34.58567830264926,-82.85987488320067,bursting,bursting,77,82,16.0,16.0,0.2773936831633921,0.2762312633832978,0.4973887092762995,0.49798316816891575,27.3125859327408,27.338944940698866,[-52.       -52.       -52.       ... -56.134407 -56.106174 -56.078056],[-52.       -52.       -52.       ... -55.519363 -55.519287 -55.51921 ],"[0.000000e+00 5.000000e-05 1.000000e-04 ... 9.999849e+00 9.999900e+00
 9.999949e+00]"
34.58567830264926,-82.27821706868562,bursting,bursting,77,82,16.0,16.0,0.2767738112872165,0.2739773287333662,0.4937540117513455,0.492853622474125,27.295671548854514,27.365269573844206,,,
35.72502321403998,-105.14582794454225,bursting,bursting,77,75,16.5,16.5,0.24613185716230304,0.24791781072670713,0.45374109533100415,0.45762401610836534,27.693706451901225,27.625329467003198,,,
35.72502321403998,-101.4811769100413,bursting,bursting,74,81,16.0,16.0,0.2534594581938236,0.25319734876773736,0.4682853731063709,0.4667662434652725,27.90261325951036,27.869917507450666,,,
35.72502321403998,-100.19958492603132,bursting,bursting,76,79,17.0,16.5,0.2640880293431141,0.2701205090663365,0.44459264199177506,0.4505011825656042,27.40738335913497,27.555724325261025,,,
35.72502321403998,-98.2750705740145,bursting,bursting,74,82,16.0,16.0,0.2529780637340607,0.25649664271410083,0.46623306991164865,0.47119802096831187,27.877788198644634,27.786770446867205,,,
35.72502321403998,-94.1611661339811,bursting,bursting,75,82,16.0,16.0,0.25969405905371756,0.25785895340298,0.4743270484999405,0.4737876957335417,27.712080101273667,27.775423594816754,,,
35.72502321403998,-93.84527381702881,bursting,bursting,75,82,16.0,16.0,0.25893573823126687,0.25897399324870474,0.4721658246376128,0.47544335092473733,27.709718153230696,27.756501587210252,,,
35.72502321403998,-93.13852565023593,bursting,bursting,74,82,16.0,16.0,0.2594220806995864,0.26400950948522633,0.47526258257687376,0.485177817670176,27.746339417912793,27.70200140948598,,,
35.72502321403998,-93.01396526987197,bursting,bursting,74,82,16.0,16.0,0.26289465457955596,0.2663865340922973,0.48091951811864286,0.4886033273886594,27.689479423396723,27.65022854126548,,,
35.72502321403998,-92.78411885748214,bursting,bursting,75,83,16.0,16.0,0.2631718231246692,0.25977384394762215,0.48116248857239097,0.4701789030726191,27.68519053179178,27.613202305262675,,,
35.72502321403998,-91.72173892393454,bursting,bursting,74,82,16.0,16.0,0.2624949207639169,0.26539283286394133,0.4780457489781771,0.48557832378362625,27.650011812563257,27.641717125707377,,,
35.72502321403998,-88.71816837536491,bursting,bursting,75,82,16.0,16.0,0.26666024421377127,0.26351513407204885,0.48168396714915346,0.4796853264258645,27.52910108210013,27.61434366564323,,,
35.72502321403998,-88.57314278030957,bursting,bursting,75,82,16.0,16.0,0.26416913767749106,0.26379214769468073,0.48214845350883545,0.48203224795738825,27.650132020090503,27.64303748019249,,,
35.72502321403998,-88.53522241405496,bursting,bursting,74,82,16.0,16.0,0.26439828425466305,0.2631780625074838,0.4819509373945731,0.4789845527481739,27.636372889004942,27.60771628510944,,,
35.72502321403998,-85.52555330351612,bursting,bursting,75,82,16.0,16.0,0.27063702394974487,0.26930601066171084,0.49077345897133895,0.48906930111996877,27.507332703575816,27.497139508732786,,,
35.72502321403998,-84.7239990177665,bursting,bursting,74,82,16.0,16.0,0.2706204468782086,0.2719285292380391,0.4889258299515962,0.49222287851939356,27.474380131385946,27.43834300875197,,,
35.72502321403998,-84.36968645429397,bursting,bursting,75,82,16.0,16.0,0.27226325734337803,0.268087167070218,0.49078550219626516,0.48426150121065364,27.44137025221895,27.470223396402826,,,
35.72502321403998,-83.78563181339008,bursting,bursting,75,82,16.0,16.0,0.2750837768578751,0.27199843087258174,0.4928050463236743,0.49035231814058405,27.349403852381972,27.40750680446886,,,
35.72502321403998,-83.5989607818643,bursting,bursting,75,82,16.0,16.0,0.2766379050867865,0.2778277153558049,0.5016554630279926,0.4993757802746568,27.41859068956885,27.293049323713674,,,
35.72502321403998,-82.85987488320067,bursting,bursting,75,82,16.0,16.0,0.2722903384011769,0.2675569102740885,0.49043648847474247,0.48382804751191416,27.42523039662208,27.491422356151944,,,
35.72502321403998,-82.27821706868562,bursting,bursting,84,75,15.0,16.0,0.2470703124999998,0.2700520188258607,0.5139802631578947,0.4954173891503593,27.368946632887173,27.584375540130512,[-52.       -52.       -52.       ... -56.03752  -56.03747  -56.037422],[-52.       -52.       -52.       ... -54.38287  -54.38259  -54.382313],"[0.000000e+00 5.000000e-05 1.000000e-04 ... 9.999849e+00 9.999900e+00
 9.999949e+00]"
