g_syn_i,tau_i,regime_A,regime_B,spike_count_A,spike_count_B,mean_spikes_per_burst_A,mean_spikes_per_burst_B,duty_cycle_A,duty_cycle_B,interburst_freq_A,interburst_freq_B,intraburst_freq_A,intraburst_freq_B,V_trace_A,V_trace_B,time
26.058776622630926,39.00462398585954,bursting,bursting,87,79,15.0,15.0,0.27669457196867414,0.27410704708784717,0.5401026194977046,0.5363080553469912,27.613758998967118,27.641993824518345,[-52.       -52.       -52.       ... -53.22135  -53.20955  -53.197784],[-52.       -52.       -52.       ... -55.506832 -55.506687 -55.506542],"[0.000000e+00 5.000000e-05 1.000000e-04 ... 9.999849e+00 9.999900e+00
 9.999949e+00]"
26.058776622630926,44.17062526144672,bursting,bursting,83,80,15.5,15.5,0.2684375907686621,0.2643746911814424,0.5281085791238678,0.5201154656333706,27.381044664556303,27.48499187254648,,,
26.058776622630926,44.21787801655311,bursting,bursting,84,80,15.0,15.5,0.2682894667440267,0.2671691572340259,0.5274539796402763,0.5252514641384562,27.745546470039557,27.39318752873934,,,
26.058776622630926,44.39297493308039,bursting,bursting,85,80,15.5,15.5,0.28908265400887423,0.29322113380575254,0.5159426271798574,0.5210504376823677,27.451036152076508,27.360573492958956,,,
26.058776622630926,44.41090652794522,bursting,bursting,83,80,15.0,15.0,0.26970371548205846,0.26710839902574446,0.5300259712725923,0.5237933111594166,27.73766449100941,27.715512951978514,,,
26.058776622630926,44.6851439225174,bursting,bursting,86,80,15.0,15.0,0.2721263214237925,0.27292401410708556,0.5352602703064364,0.5343593031954688,27.726477368479696,27.64027566871777,,,
26.058776622630926,45.787885714675056,bursting,bursting,83,80,16.0,15.5,0.2807894142164864,0.2851340996168585,0.5021718934391242,0.5108556832694765,27.268159342743807,27.486959089893084,,,
26.058776622630926,46.300099423249314,bursting,bursting,84,79,15.0,15.0,0.27081171681698457,0.2728980490030324,0.5320988639689254,0.5367254381021388,27.713711155103844,27.681933417959378,,,
26.058776622630926,47.39163038187516,bursting,bursting,82,81,15.5,16.0,0.2597505292962273,0.2817798735828233,0.510165038389919,0.5016554630279924,27.554193429182366,27.17958841888548,,,
26.058776622630926,48.70189663111327,bursting,bursting,79,82,16.0,16.0,0.28071539657853806,0.27831331257106123,0.5016806301108715,0.49433980918483367,27.255486909059016,27.223608763143083,,,
26.058776622630926,49.856902694344555,bursting,bursting,79,81,16.0,16.0,0.2785134027277468,0.27930792728729503,0.4968573770899063,0.500776203114828,27.280067238109726,27.242010276607132,,,
26.058776622630926,50.00928939680185,bursting,bursting,79,82,16.0,16.0,0.2821089897585032,0.28151114206128136,0.5057529396889621,0.4974134500596897,27.237025625339342,27.1567773804432,,,
26.058776622630926,50.07933725696112,bursting,bursting,77,82,16.0,16.0,0.2750842496248738,0.27595832710233803,0.49196861240252865,0.4984796371068242,27.33397185533276,27.353628035321595,,,
26.058776622630926,51.02375430003072,bursting,bursting,76,82,16.0,16.0,0.2798588490770904,0.27357139329283375,0.49353469548909296,0.49390033091322166,27.20097645997824,27.391417358740355,,,
26.058776622630926,52.305808116447096,bursting,bursting,78,81,16.0,16.0,0.2797405189620761,0.2774084730628041,0.499001996007984,0.49608096041273925,27.240457775429533,27.241682056482304,,,
26.058776622630926,52.53984467836355,bursting,bursting,79,81,15.5,15.5,0.2644664638110844,0.2600893426930441,0.5201425190502198,0.5105296745373324,27.4782077903274,27.488217672384824,,,
26.058776622630926,52.8462555449608,bursting,bursting,75,82,16.0,16.0,0.2750309023485784,0.2718282623063178,0.49443757725587134,0.4895601302229946,27.359174857700463,27.378104622629543,,,
26.058776622630926,53.201081461658184,bursting,bursting,76,82,16.0,16.0,0.27909711969169926,0.2766864436356383,0.5004879757763819,0.4985790497083312,27.268992166030266,27.303929835888347,,,
26.058776622630926,54.28223164775316,bursting,bursting,76,82,16.0,16.0,0.2722037055190666,0.27376435285073025,0.49014802470346036,0.4959948416536469,27.404701627989926,27.386185384057345,,,
26.058776622630926,57.28937686253878,bursting,bursting,75,82,16.0,16.0,0.27632876442165455,0.27464178772055725,0.49304802287742816,0.49493924620752794,27.272786890985593,27.31153785363515,,,
26.51607007797135,39.00462398585954,bursting,bursting,84,81,15.5,15.5,0.2692165068602004,0.265448669498814,0.5297451925623773,0.521254137454716,27.417688657174697,27.42449166364908,,,
26.51607007797135,44.17062526144672,bursting,bursting,83,80,15.5,15.5,0.26676113254086986,0.2623166023166023,0.5248104122385787,0.5148005148005148,27.455587298981577,27.47890102486375,[-52.       -52.       -52.       ... -51.784565 -51.762836 -51.740795],[-52.       -52.       -52.       ... -55.732395 -55.732277 -55.73216 ],"[0.000000e+00 5.000000e-05 1.000000e-04 ... 9.999849e+00 9.999900e+00
 9.999949e+00]"
26.51607007797135,44.21787801655311,bursting,bursting,85,79,15.5,15.0,0.2932918540207046,0.2690343239738535,0.5228484785109275,0.5292825574933178,27.40789213667244,27.740521800682043,,,
26.51607007797135,44.39297493308039,bursting,bursting,84,80,15.0,15.0,0.26954170753041606,0.27234565920697335,0.5301243141516686,0.5347450602925056,27.74700956592743,27.67559181543182,,,
26.51607007797135,44.41090652794522,bursting,bursting,83,80,16.0,15.5,0.2845086941002498,0.26411973014190826,0.5099179032175819,0.516969524646522,27.18451315518151,27.432385027909767,,,
26.51607007797135,44.6851439225174,bursting,bursting,85,79,15.5,15.0,0.2670229767612462,0.26642840372524984,0.5239854332049569,0.5217436673362378,27.44335299768673,27.703067928076166,,,
26.51607007797135,45.787885714675056,bursting,bursting,83,80,15.5,15.5,0.2657085041249418,0.26269828967085207,0.5188605821615733,0.5167157546633597,27.41512254277045,27.49495532768891,,,
26.51607007797135,46.300099423249314,bursting,bursting,84,80,16.0,15.5,0.28726013197481876,0.28349953058790694,0.5056506459687004,0.5074725330491486,27.107309380464883,27.495588682670352,,,
26.51607007797135,47.39163038187516,bursting,bursting,79,82,16.0,16.0,0.27946237095406734,0.27763534536403217,0.49872824298039986,0.49782202862476665,27.27961909636904,27.27856400100107,,,
26.51607007797135,48.70189663111327,bursting,bursting,77,82,16.0,16.0,0.2789177001127397,0.2765613738598802,0.5010647626205686,0.49705494942465894,27.30500982403554,27.32169678064362,,,
26.51607007797135,49.856902694344555,bursting,bursting,77,82,16.0,16.0,0.28317981072555193,0.2785549233483242,0.5047318611987381,0.49693144830670616,27.166813365484867,27.241425253434333,,,
26.51607007797135,50.00928939680185,bursting,bursting,78,82,16.0,16.0,0.28066798330041753,0.28041767554479385,0.49998750031249223,0.5044390637610976,27.230682997367037,27.20336224485995,,,
26.51607007797135,50.07933725696112,bursting,bursting,78,82,16.0,16.0,0.2846096096096098,0.28091068301225913,0.5005005005005005,0.5003752814610959,27.13259063565009,27.168285936965535,,,
26.51607007797135,51.02375430003072,bursting,bursting,76,82,16.0,16.0,0.2823044017515882,0.281113770946201,0.5062394006125498,0.5039687539372558,27.194727210090594,27.19836821795958,,,
26.51607007797135,52.305808116447096,bursting,bursting,83,77,16.0,16.0,0.27864182904388596,0.2749090729148626,0.5041466058329764,0.49484127965954916,27.34512104789138,27.342073738574996,,,
26.51607007797135,52.53984467836355,bursting,bursting,76,82,16.0,16.0,0.275819326689474,0.2766679137049505,0.495810402102236,0.4988153136301283,27.33554995256309,27.319115413607822,,,
26.51607007797135,52.8462555449608,bursting,bursting,83,76,16.0,16.0,0.28140258557441733,0.27626139363450697,0.5059832519543603,0.4980823828261195,27.20517134287488,27.33379673236416,,,
26.51607007797135,53.201081461658184,bursting,bursting,77,82,16.0,16.0,0.2754137115839242,0.27528719878392166,0.49251379038613075,0.4983926835954048,27.31904924213086,27.377489718973372,,,
26.51607007797135,54.28223164775316,bursting,bursting,75,82,16.0,16.0,0.271708615091668,0.2745370945694047,0.48824548983228777,0.49707965701503687,27.394116833647956,27.37668447350301,,,
26.51607007797135,57.28937686253878,bursting,bursting,75,82,16.0,16.0,0.27261337394978624,0.2722496299950666,0.491328059745492,0.49333991119881593,27.39656031075592,27.3986816325066,,,
26.932654231414183,39.00462398585954,bursting,bursting,87,80,15.0,15.0,0.2740434887524468,0.27663546344894785,0.5362361584041612,0.5410962610248364,27.66537400048895,27.611771226826335,,,
26.932654231414183,44.17062526144672,bursting,bursting,84,80,15.5,15.5,0.26709199747952095,0.2652715079717142,0.5250997689561016,0.5218798110795084,27.464561521094772,27.42251172940881,,,
26.932654231414183,44.21787801655311,bursting,bursting,81,83,15.5,15.5,0.2610549021621896,0.2657051365494262,0.5135843048636434,0.5206841790112208,27.56718888322827,27.440180435580793,[-52.       -52.       -52.       ... -56.09928  -56.099243 -56.099205],[-52.       -52.       -52.       ... -73.40039  -73.29018  -73.180504],"[0.000000e+00 5.000000e-05 1.000000e-04 ... 9.999849e+00 9.999900e+00
 9.999949e+00]"
26.932654231414183,44.39297493308039,bursting,bursting,83,81,15.0,15.5,0.2690093990917732,0.2662507179032006,0.5280388636603652,0.5221114185767245,27.727134243694852,27.42198109532369,,,
26.932654231414183,44.41090652794522,bursting,bursting,86,79,15.0,15.0,0.27002888718098206,0.27391631304721487,0.5300400180213606,0.5371434710211098,27.72427693402222,27.647579494337812,,,
26.932654231414183,44.6851439225174,bursting,bursting,82,81,15.5,15.5,0.2672253014263573,0.2628080792406961,0.5253618429693452,0.5172369203713761,27.44865709117028,27.489795551470205,,,
26.932654231414183,45.787885714675056,bursting,bursting,82,81,15.5,15.5,0.26428812547064456,0.26187532199896973,0.5193321388694139,0.5151983513652757,27.511204022879298,27.516606749242328,,,
26.932654231414183,46.300099423249314,bursting,bursting,78,82,16.0,16.0,0.2772003978120339,0.2803487252268233,0.49726504226752855,0.506868062243398,27.342822561763406,27.239615738297616,,,
26.932654231414183,47.39163038187516,bursting,bursting,79,81,16.0,15.5,0.2819725751666877,0.28102439395090795,0.5032079506856209,0.5066241102414065,27.226658537400635,27.56488299615609,,,
26.932654231414183,48.70189663111327,bursting,bursting,85,76,15.0,16.0,0.253308775161163,0.2704435076301061,0.5262465465070386,0.49306017799472424,27.26191291277607,27.523505246454125,,,
26.932654231414183,49.856902694344555,bursting,bursting,77,82,16.0,16.0,0.2773702594810377,0.2779131395845371,0.4990019960079841,0.502373715807189,27.338526213471138,27.336772893966597,,,
26.932654231414183,50.00928939680185,bursting,bursting,78,82,16.0,16.0,0.2818239232032333,0.2810783699059563,0.5052418845522295,0.5015673981191222,27.242270336844328,27.18060791974368,,,
26.932654231414183,50.07933725696112,bursting,bursting,79,81,16.0,16.0,0.2824564056042737,0.27955809371804796,0.5039814534825119,0.4987655552507544,27.197555206613423,27.2251750116578,,,
26.932654231414183,51.02375430003072,bursting,bursting,75,82,16.0,16.0,0.2700613887054564,0.2710600167396978,0.48915303152591283,0.4923440500221554,27.477018644086503,27.482467025948967,,,
26.932654231414183,52.305808116447096,bursting,bursting,75,82,16.0,16.0,0.2770848315024675,0.27351770889620275,0.4959456443573783,0.4912315174141572,27.316049987356667,27.33318509032114,,,
26.932654231414183,52.53984467836355,bursting,bursting,77,83,16.0,16.0,0.2707599765258216,0.27094266277939744,0.4890453834115805,0.4859086491739553,27.448301090648226,27.378908430357807,,,
26.932654231414183,52.8462555449608,bursting,bursting,76,82,16.0,16.0,0.27440333687094276,0.27398989898989895,0.4936199619912629,0.49514755397108323,27.368200364410253,27.38140428111274,,,
26.932654231414183,53.201081461658184,bursting,bursting,83,77,16.0,16.0,0.2723706609429356,0.2730042507186906,0.49342511040386844,0.4914125654192979,27.45719688330931,27.37801059266945,,,
26.932654231414183,54.28223164775316,bursting,bursting,75,82,16.0,16.0,0.271018430134371,0.27619429947812113,0.4895122010916122,0.5018065034122843,27.44414792415551,27.383856465779143,,,
26.932654231414183,57.28937686253878,bursting,bursting,76,81,16.0,16.0,0.2721543722520762,0.2690569816574265,0.48851978505129445,0.48848398993722975,27.371596795618856,27.4631755022538,,,
27.245528652502802,39.00462398585954,bursting,bursting,87,80,15.5,15.0,0.2694663167104112,0.2713539723983591,0.5302367507091917,0.5328502158043372,27.35666097586252,27.70596638275385,,,
27.245528652502802,44.17062526144672,bursting,bursting,83,78,16.0,16.0,0.2813254223652457,0.28182935701562933,0.5028157683024939,0.501743558867063,27.258087158376934,27.194214484146354,,,
27.245528652502802,44.21787801655311,bursting,bursting,84,80,15.5,15.5,0.2631633445508673,0.2845611265310283,0.5177323323841575,0.5092816582210791,27.541686525041797,27.49243100757508,,,
27.245528652502802,44.39297493308039,bursting,bursting,81,81,15.5,15.5,0.2562288295069628,0.28533523828962115,0.5018190942165349,0.5102561485865904,27.591807639889794,27.48833564504696,[-52.       -52.       -52.       ... -53.009617 -52.99123  -52.97282 ],[-52.       -52.       -52.       ... -55.850674 -55.85061  -55.850544],"[0.000000e+00 5.000000e-05 1.000000e-04 ... 9.999849e+00 9.999900e+00
 9.999949e+00]"
27.245528652502802,44.41090652794522,bursting,bursting,80,81,16.0,16.0,0.28164085765336494,0.2802800525730462,0.49632717887631533,0.505510059650187,27.218728371246755,27.2819357749209,,,
27.245528652502802,44.6851439225174,bursting,bursting,83,79,16.0,15.5,0.28295477590752355,0.26218600092845706,0.5069965524234434,0.5158095631092999,27.23824552300081,27.51745285686109,,,
27.245528652502802,45.787885714675056,bursting,bursting,78,82,16.0,16.0,0.2777916065116743,0.2767560823456019,0.49783442027181746,0.49906425452276976,27.33360837781121,27.345843075453917,,,
27.245528652502802,46.300099423249314,bursting,bursting,81,81,15.5,15.5,0.25630294473578064,0.28236338278179285,0.5042355788624445,0.507163687080005,27.628888760053453,27.529260736343904,,,
27.245528652502802,47.39163038187516,bursting,bursting,78,82,16.0,16.0,0.28289690486450847,0.2779973979183343,0.5069837004740297,0.500400320256205,27.22111377248687,27.30937589292855,,,
27.245528652502802,48.70189663111327,bursting,bursting,77,82,16.0,16.0,0.2851510835283343,0.2790330265566618,0.5086987486010783,0.5015422423953657,27.118807115456605,27.28376985351531,,,
27.245528652502802,49.856902694344555,bursting,bursting,77,82,16.0,16.0,0.27735990037359926,0.2765099326135424,0.4981320049813201,0.5010145544728075,27.315490700372287,27.3833541826751,,,
27.245528652502802,50.00928939680185,bursting,bursting,75,82,16.0,16.0,0.2769012542305396,0.2706680940100237,0.49771053155484773,0.48659432631015537,27.348514800567976,27.40525213546075,,,
27.245528652502802,50.07933725696112,bursting,bursting,76,82,16.0,16.0,0.2766357917677942,0.27347793936406223,0.49531923324582705,0.49297510475720974,27.31888749928133,27.38488083030744,,,
27.245528652502802,51.02375430003072,bursting,bursting,75,82,16.0,16.0,0.27465984302339896,0.2721061685917917,0.49208965873582156,0.4915212582944211,27.342794048763142,27.410871406940142,,,
27.245528652502802,52.305808116447096,bursting,bursting,76,82,16.0,16.0,0.2743025685141943,0.2711506856035517,0.4915816640039326,0.4905928814972894,27.3526255684441,27.43225225060414,,,
27.245528652502802,52.53984467836355,bursting,bursting,75,82,16.0,16.0,0.2736469024588349,0.2736857700190128,0.4922592237072041,0.493839354058125,27.39454592947379,27.36758241315313,,,
27.245528652502802,52.8462555449608,bursting,bursting,75,82,16.0,16.0,0.27421488413110573,0.2752981006198501,0.4899318994659743,0.4978715989146398,27.33469876343843,27.36682024938543,,,
27.245528652502802,53.201081461658184,bursting,bursting,75,82,16.0,16.0,0.27400583147526525,0.27603453853236143,0.49003993825496794,0.49767337696269925,27.32864409665248,27.334425740324242,,,
27.245528652502802,54.28223164775316,bursting,bursting,75,82,16.0,16.0,0.27183729410900914,0.269350528354623,0.48948824004503294,0.49035231814058383,27.39419686476468,27.50679443596946,,,
27.245528652502802,57.28937686253878,bursting,bursting,75,82,16.0,16.0,0.27405599921127854,0.2745283488476279,0.49295080350980963,0.49778485738463824,27.356182873053818,27.377386957810923,,,
27.436723822293487,39.00462398585954,bursting,bursting,86,80,15.0,15.0,0.2724643889900398,0.27021591871295514,0.5355039091785369,0.5292125317527517,27.719516732571314,27.705784537346027,,,
27.436723822293487,44.17062526144672,bursting,bursting,82,82,15.5,15.5,0.2903377110694183,0.2882277834525028,0.5211590577444234,0.5107252298263533,27.467661494424412,27.412352332744188,,,
27.436723822293487,44.21787801655311,bursting,bursting,81,81,16.0,16.0,0.2841303903535662,0.28135779633055047,0.510933987328837,0.4999250112483127,27.20900801522932,27.202644678741944,,,
27.436723822293487,44.39297493308039,bursting,bursting,81,81,16.0,16.0,0.2833266512979851,0.2791176249153009,0.5011526510975243,0.5019198434010088,27.191869518324957,27.3029422755626,,,
27.436723822293487,44.41090652794522,bursting,bursting,80,81,16.0,16.0,0.28346079099467436,0.280762827304374,0.5047828171929029,0.5045154129458655,27.208365779419594,27.239886274189985,[-52.      -52.      -52.      ... -66.50718 -66.43053 -66.35425],[-52.       -52.       -52.       ... -55.58617  -55.5862   -55.586227],"[0.000000e+00 5.000000e-05 1.000000e-04 ... 9.999849e+00 9.999900e+00
 9.999949e+00]"
27.436723822293487,44.6851439225174,bursting,bursting,78,82,16.0,16.0,0.2823963973081008,0.2801749051340689,0.5059960532307848,0.5026009599678335,27.256896004717863,27.244283654431715,,,
27.436723822293487,45.787885714675056,bursting,bursting,79,81,16.0,15.5,0.275730906921241,0.2825280712075095,0.4972155926809866,0.5115482006292044,27.396716138715824,27.607745238560188,,,
27.436723822293487,46.300099423249314,bursting,bursting,82,78,16.0,15.5,0.28068987992278954,0.26051366008390486,0.5013662229575593,0.511613629387087,27.26666124882802,27.503586213157508,,,
27.436723822293487,47.39163038187516,bursting,bursting,83,80,15.0,15.5,0.2683879824700354,0.26175837688287745,0.5280109826284386,0.5123475765959626,27.754781946498262,27.475247825954327,,,
27.436723822293487,48.70189663111327,bursting,bursting,78,80,15.5,15.5,0.26559974977844963,0.25927713291509,0.5212948965229629,0.5079881130781538,27.443295452823413,27.518412183438485,,,
27.436723822293487,49.856902694344555,bursting,bursting,76,82,16.0,16.0,0.28234320535647106,0.2763053207359522,0.5015422423953657,0.49726504226752855,27.194271425776495,27.31985735563705,,,
27.436723822293487,50.00928939680185,bursting,bursting,76,82,16.0,16.0,0.2732816511949439,0.27619285535848087,0.4937783922575546,0.49962528103922055,27.44053049359354,27.368341534516283,,,
27.436723822293487,50.07933725696112,bursting,bursting,86,76,15.0,16.5,0.24675192596170967,0.2904468225141993,0.5085047418067172,0.48753138483289865,27.301627691123578,27.326770440881514,,,
27.436723822293487,51.02375430003072,bursting,bursting,77,82,16.0,16.0,0.27716876775125837,0.27819036071536835,0.4982809307887787,0.5052035970496109,27.320132630225228,27.358454891208687,,,
27.436723822293487,52.305808116447096,bursting,bursting,76,82,16.0,16.0,0.2728342691807861,0.2700781631656083,0.490400411936346,0.48851978505129445,27.391319544145453,27.448705856059995,,,
27.436723822293487,52.53984467836355,bursting,bursting,76,82,16.0,16.0,0.27421026653504443,0.2762396488077425,0.4935834155972358,0.4988526389304597,27.379791388917322,27.342888646269664,,,
27.436723822293487,52.8462555449608,bursting,bursting,77,83,16.0,16.0,0.26902702177293913,0.27833860680026146,0.48600311041990674,0.5022349455075084,27.482390025386234,27.270570942305426,,,
27.436723822293487,53.201081461658184,bursting,bursting,76,86,16.5,15.0,0.2857142857142859,0.2515452137329246,0.4828701803520124,0.5193995740923493,27.437457144661018,27.199444218184652,,,
27.436723822293487,54.28223164775316,bursting,bursting,76,82,16.0,16.0,0.2741664193133471,0.2704934002240514,0.4947066389630949,0.487068335687497,27.401329838046756,27.40040115164288,,,
27.436723822293487,57.28937686253878,bursting,bursting,75,82,16.0,16.0,0.26887021565960734,0.27126774351443944,0.4857198367981349,0.4894762604013705,27.461936226366348,27.38668432057067,,,
27.890448293658828,39.00462398585954,bursting,bursting,87,80,15.0,15.0,0.2716412325948101,0.27541479760038906,0.5345163962904562,0.540452899529806,27.747483610595264,27.667860913002908,,,
27.890448293658828,44.17062526144672,bursting,bursting,81,82,15.5,15.5,0.26306796116504844,0.28506396073345047,0.517799352750809,0.508634063223214,27.54345333224209,27.47020724281831,,,
27.890448293658828,44.21787801655311,bursting,bursting,80,82,16.0,16.0,0.2808140407020351,0.2817341360808123,0.5000250012500626,0.5038164093004508,27.265648681533882,27.19749930330219,,,
27.890448293658828,44.39297493308039,bursting,bursting,81,82,16.0,15.5,0.2835567493601599,0.2848759264412012,0.5068038415731191,0.505906457895935,27.220075673774808,27.43478864034219,,,
27.890448293658828,44.41090652794522,bursting,bursting,80,82,16.0,16.0,0.2815016789113585,0.2804234134567031,0.5049357469262036,0.5028663381273257,27.276173383456662,27.264973554359315,,,
27.890448293658828,44.6851439225174,bursting,bursting,81,81,16.0,16.0,0.2830929201284472,0.2799840151855738,0.5097099750242112,0.49952545082171934,27.245723958878198,27.248825023544306,[-52.       -52.       -52.       ... -54.21185  -54.19164  -54.171482],[-52.       -52.       -52.       ... -55.822987 -55.822906 -55.822826],"[0.000000e+00 5.000000e-05 1.000000e-04 ... 9.999849e+00 9.999900e+00
 9.999949e+00]"
27.890448293658828,45.787885714675056,bursting,bursting,77,82,16.0,16.0,0.27810284127535095,0.27124911232460786,0.4958595725690484,0.48975194064206473,27.297549255984727,27.454666471009748,,,
27.890448293658828,46.300099423249314,bursting,bursting,81,81,15.5,15.5,0.2923739678957898,0.28595557375371067,0.5128468126570593,0.5118231139318251,27.33651088358705,27.477690437144467,,,
27.890448293658828,47.39163038187516,bursting,bursting,76,82,16.0,16.0,0.27890798989064886,0.27395970160350924,0.5004629282085928,0.49567523358695376,27.30576443642176,27.43383059426758,,,
27.890448293658828,48.70189663111327,bursting,bursting,76,82,16.0,16.0,0.2761219849742982,0.2747783446431223,0.4942665085013839,0.49531923324582705,27.338076237043072,27.372648805762562,,,
27.890448293658828,49.856902694344555,bursting,bursting,76,82,16.0,16.0,0.2738229940473261,0.2717997885783122,0.49195651104442384,0.4916783440273373,27.392825991966717,27.440489193166947,,,
27.890448293658828,50.00928939680185,bursting,bursting,75,82,16.0,16.0,0.27430384728918633,0.2704528763769887,0.4919807143559974,0.489596083231334,27.360421989483598,27.46545106579447,,,
27.890448293658828,50.07933725696112,bursting,bursting,75,82,16.0,16.0,0.27407646795604834,0.276299112801014,0.4971908715755979,0.4970302442903649,27.462248708343445,27.315207328026943,,,
27.890448293658828,51.02375430003072,bursting,bursting,76,82,16.0,16.0,0.27638713511104485,0.26864369821194944,0.4951843323677239,0.4845665552163588,27.333359816353845,27.456207888351095,,,
27.890448293658828,52.305808116447096,bursting,bursting,75,82,16.0,16.0,0.2701169104338894,0.26980234440139317,0.4891649953529326,0.49046054244935994,27.472393722292093,27.507701295456332,,,
27.890448293658828,52.53984467836355,bursting,bursting,76,82,16.0,16.0,0.27553637484586935,0.27137883691281733,0.49321824907521583,0.49034029616553876,27.325136661521796,27.41904908567283,,,
27.890448293658828,52.8462555449608,bursting,bursting,75,82,16.0,16.0,0.2774043044198061,0.2713257714355408,0.5016806301108714,0.4878643737041104,27.370232172474868,27.376568529728537,,,
27.890448293658828,53.201081461658184,bursting,bursting,75,82,16.0,16.0,0.2744546441614847,0.2752690832611655,0.49353469548909296,0.494865767660522,27.37001998761487,27.318649322327293,,,
27.890448293658828,54.28223164775316,bursting,bursting,76,82,16.0,16.0,0.2693343033830483,0.2746682629951114,0.4850248575239481,0.49885263893045995,27.44707199386691,27.39388250960861,,,
27.890448293658828,57.28937686253878,bursting,bursting,75,82,16.0,16.0,0.2691137453447896,0.27035806751013625,0.48681936567436657,0.48849592105905926,27.475258686434483,27.402490729828685,,,
28.09266555434005,39.00462398585954,bursting,bursting,86,81,15.5,15.0,0.2939053099659952,0.2695166794529246,0.523149359142035,0.5290865321023253,27.412290884337672,27.726463875003677,,,
28.09266555434005,44.17062526144672,bursting,bursting,82,82,16.0,15.5,0.2845756085256654,0.2859894077997112,0.5044772354647497,0.506803841573119,27.165638911148744,27.41981836569002,,,
28.09266555434005,44.21787801655311,bursting,bursting,80,82,16.0,16.0,0.28605039465695226,0.2804301939893456,0.5059704513256426,0.5025630716654941,27.142303330742884,27.246039753867585,,,
28.09266555434005,44.39297493308039,bursting,bursting,77,82,16.0,16.0,0.2805986640550449,0.2804973392852639,0.5022349455075084,0.5044008978335982,27.28498569466705,27.27433837573373,,,
28.09266555434005,44.41090652794522,bursting,bursting,81,81,15.5,15.5,0.26571197115007733,0.257365596841146,0.5226435309796953,0.5062265870203502,27.496545780139247,27.601160734246573,,,
28.09266555434005,44.6851439225174,bursting,bursting,77,82,16.0,16.0,0.2810291491662684,0.27740458774941534,0.503005457609215,0.4975867044832561,27.271511008305204,27.32041766381898,,,
28.09266555434005,45.787885714675056,bursting,bursting,81,82,15.0,15.0,0.2708677355776912,0.2691880748493497,0.5326799126404943,0.528597103287874,27.730514349009336,27.70687928526349,[-52.       -52.       -52.       ... -56.05392  -56.053867 -56.053814],[-52.       -52.       -52.       ... -60.639427 -60.5919   -60.5446  ],"[0.000000e+00 5.000000e-05 1.000000e-04 ... 9.999849e+00 9.999900e+00
 9.999949e+00]"
28.09266555434005,46.300099423249314,bursting,bursting,77,82,16.0,16.0,0.27511783676507084,0.2808573540280858,0.4961548002976927,0.5097229655682136,27.408529008207832,27.263988874448607,,,
28.09266555434005,47.39163038187516,bursting,bursting,81,81,15.5,15.5,0.25780776228017,0.2862424349851865,0.505356781888013,0.5064445063432175,27.581281300670636,27.390367357232407,,,
28.09266555434005,48.70189663111327,bursting,bursting,77,82,16.0,16.0,0.2780413882195116,0.27594141224207025,0.4968573770899063,0.49482903656786575,27.310432666590142,27.3050248359142,,,
28.09266555434005,49.856902694344555,bursting,bursting,75,82,16.0,16.0,0.2746873759428345,0.27515446266842014,0.49622866216752687,0.4962656013498423,27.422010421160245,27.363092609612135,,,
28.09266555434005,50.00928939680185,bursting,bursting,75,82,16.0,16.0,0.2714201589949945,0.2762040367705837,0.4907252919815488,0.49960031974420466,27.471236037336098,27.356438338581615,,,
28.09266555434005,50.07933725696112,bursting,bursting,75,82,16.0,16.0,0.281082040361018,0.27583200478278164,0.5070479667376533,0.49820645675567954,27.277298490896744,27.369195861046702,,,
28.09266555434005,51.02375430003072,bursting,bursting,76,82,16.0,16.0,0.28063201328435544,0.27644296469302065,0.5031952900920846,0.49693144830670594,27.25363038491434,27.312041442943983,,,
28.09266555434005,52.305808116447096,bursting,bursting,75,82,16.0,16.0,0.2760927631743178,0.27082422652872895,0.49926358621033967,0.4856962455680219,27.39388653591804,27.37335716138046,,,
28.09266555434005,52.53984467836355,bursting,bursting,75,82,16.0,16.0,0.26964481874771173,0.2711772129971047,0.48822165263029405,0.49493924620752794,27.477635154266093,27.53097863323302,,,
28.09266555434005,52.8462555449608,bursting,bursting,76,82,16.0,16.0,0.27159474489424246,0.278054800040294,0.48568445081230716,0.5036768409388538,27.373081612219647,27.30597464864056,,,
28.09266555434005,53.201081461658184,bursting,bursting,75,82,16.0,16.0,0.2684563758389262,0.2655172413793105,0.48283520834339233,0.48227634434530986,27.449009311019783,27.54331623037529,,,
28.09266555434005,54.28223164775316,bursting,bursting,76,82,16.0,16.0,0.2745374144618197,0.26965039034088184,0.494083351861459,0.48489550501866835,27.37360298249617,27.396232802965947,,,
28.09266555434005,57.28937686253878,bursting,bursting,75,82,16.0,16.0,0.26864731255755353,0.26607464298571926,0.484660495323026,0.48001920076803084,27.454784966711472,27.461203191673025,,,
28.51520070359418,39.00462398585954,bursting,bursting,85,81,15.5,15.0,0.2916688512557017,0.2722228179283725,0.5243013684265716,0.5361355350632638,27.49160557966937,27.734250786878142,,,
28.51520070359418,44.17062526144672,bursting,bursting,81,82,16.0,15.5,0.2850443339654555,0.25847953216374236,0.5125313925477936,0.5085176709890669,27.227414575470434,27.568582092226055,,,
28.51520070359418,44.21787801655311,bursting,bursting,79,83,16.0,16.0,0.28595419847328274,0.28181772933154126,0.5089058524173028,0.4977353043651388,27.119933904379977,27.183605272455754,,,
28.51520070359418,44.39297493308039,bursting,bursting,79,82,16.0,16.0,0.2805949795444213,0.28072562358276654,0.5050760139400979,0.5039052658100278,27.322795158864164,27.25955551653878,,,
28.51520070359418,44.41090652794522,bursting,bursting,80,81,16.0,16.0,0.28042965416854887,0.2761724301279017,0.5019324398935903,0.49864120272258083,27.27949760315964,27.402068185667797,,,
28.51520070359418,44.6851439225174,bursting,bursting,79,82,16.0,16.0,0.28087124538907426,0.27781090078004667,0.501869463752478,0.4968450340338849,27.272011764156446,27.30079736436653,,,
28.51520070359418,45.787885714675056,bursting,bursting,78,82,16.0,16.0,0.2811582565929791,0.2774747649250968,0.5018442777206232,0.49359559712727363,27.25452154344122,27.27851426184627,,,
28.51520070359418,46.300099423249314,bursting,bursting,75,82,16.0,16.0,0.275771781956012,0.2746482362267144,0.49872824298039997,0.4954419342053112,27.426541891628016,27.399634399993552,[-52.       -52.       -52.       ... -53.20066  -53.19956  -53.198452],[-52.       -52.       -52.       ... -55.628338 -55.628197 -55.62805 ],"[0.000000e+00 5.000000e-05 1.000000e-04 ... 9.999849e+00 9.999900e+00
 9.999949e+00]"
28.51520070359418,47.39163038187516,bursting,bursting,75,83,16.0,16.0,0.27638289525304044,0.27544521317781057,0.49038838760298153,0.4995379274171391,27.29736002113845,27.414713574199656,,,
28.51520070359418,48.70189663111327,bursting,bursting,77,82,16.0,16.0,0.27500988533017,0.27702364255660183,0.4942665085013839,0.5009016229212584,27.37910810224459,27.353177094974896,,,
28.51520070359418,49.856902694344555,bursting,bursting,77,82,16.0,16.0,0.2793962529509269,0.2808848928172306,0.5022853985634638,0.5079752108097126,27.30739170542635,27.24184111158565,,,
28.51520070359418,50.00928939680185,bursting,bursting,76,82,16.0,16.0,0.27450352338244727,0.27735311183430483,0.4927807618390578,0.5045535962057569,27.367289392955183,27.368355662685698,,,
28.51520070359418,50.07933725696112,bursting,bursting,82,76,16.0,16.0,0.2752516400420655,0.27716351529306543,0.500776203114828,0.49693144830670594,27.46848127666692,27.282954786703108,,,
28.51520070359418,51.02375430003072,bursting,bursting,76,82,16.0,16.0,0.27908731855802366,0.27859340219593304,0.5031319966793287,0.500212590350899,27.33490773122808,27.25588386096992,,,
28.51520070359418,52.305808116447096,bursting,bursting,75,82,16.0,16.0,0.2706448931697061,0.26992545521202493,0.4889258299515962,0.4888182818037395,27.453679260689118,27.470262802806115,,,
28.51520070359418,52.53984467836355,bursting,bursting,75,82,16.0,16.0,0.27220849802371555,0.2701854982969445,0.49407114624505927,0.49008797079075694,27.47270824234938,27.473168392861872,,,
28.51520070359418,52.8462555449608,bursting,bursting,75,82,16.0,16.0,0.2680861359787079,0.267922782930451,0.4839099927413501,0.486866768908688,27.475774590074444,27.51466707399066,,,
28.51520070359418,53.201081461658184,bursting,bursting,76,82,16.0,16.0,0.2688470336302134,0.26612864370031303,0.4866890543631673,0.48181161165984104,27.504564291169846,27.50223379723956,,,
28.51520070359418,54.28223164775316,bursting,bursting,75,82,16.0,16.0,0.2709952676360248,0.2702351469975235,0.490400411936346,0.490400411936346,27.457621602208103,27.4667905881452,,,
28.51520070359418,57.28937686253878,bursting,bursting,76,82,16.0,16.0,0.26647088558842624,0.2685042641057598,0.48142888091856617,0.48872272316301346,27.483009906993935,27.511539859839136,,,
28.562660416844494,39.00462398585954,bursting,bursting,86,80,15.5,15.0,0.2900165443077244,0.2691503164138001,0.5170096163788646,0.5295628458707338,27.45498475257155,27.764049018793454,,,
28.562660416844494,44.17062526144672,bursting,bursting,79,82,16.0,16.0,0.2844651779341289,0.28251986091017556,0.5098399102681759,0.5076270971344449,27.177576747971884,27.20733369495786,,,
28.562660416844494,44.21787801655311,bursting,bursting,78,83,16.0,16.0,0.2793870538961203,0.28277836906390963,0.5015925563664634,0.5068166844052507,27.33099761620144,27.1756186776013,,,
28.562660416844494,44.39297493308039,bursting,bursting,82,82,15.5,15.5,0.2674574577207331,0.26371640288141274,0.5260250913968595,0.5163822261237767,27.468732947153196,27.436619412232908,,,
28.562660416844494,44.41090652794522,bursting,bursting,78,82,16.0,16.0,0.2747630712889418,0.2788725997325327,0.49489025808526965,0.5046554464939064,27.419434419463396,27.352502626546833,,,
28.562660416844494,44.6851439225174,bursting,bursting,77,83,16.0,16.0,0.2808005632102986,0.2811768894313907,0.5028663381273257,0.5085952598921779,27.265172867448364,27.326564643485654,,,
28.562660416844494,45.787885714675056,bursting,bursting,80,81,16.0,16.0,0.28333627137424755,0.2787102916123862,0.5036641567402855,0.5010522096402446,27.19418328504367,27.285236823322354,,,
28.562660416844494,46.300099423249314,bursting,bursting,76,82,16.0,16.0,0.2765750970438938,0.2753938614498059,0.4976609933313427,0.49464546286449185,27.37640778352884,27.346020869479197,,,
28.562660416844494,47.39163038187516,bursting,bursting,76,82,16.0,16.0,0.27801460873033657,0.2740508979823111,0.4985914790716227,0.4927200610972875,27.32719342904435,27.368994569869397,[-52.       -52.       -52.       ... -58.39     -58.351902 -58.313976],[-52.       -52.       -52.       ... -55.561295 -55.561256 -55.56122 ],"[0.000000e+00 5.000000e-05 1.000000e-04 ... 9.999849e+00 9.999900e+00
 9.999949e+00]"
28.562660416844494,48.70189663111327,bursting,bursting,75,82,16.0,16.0,0.27854671280276816,0.2751019399481035,0.5014793641241663,0.4942542938341777,27.337859975043894,27.35791049256986,,,
28.562660416844494,49.856902694344555,bursting,bursting,75,82,16.0,16.0,0.2764772017489067,0.2745907756604805,0.4996876951905059,0.49753719090502013,27.37990712088675,27.409893328554926,,,
28.562660416844494,50.00928939680185,bursting,bursting,76,82,16.0,16.0,0.2787851763773288,0.2713340469008467,0.4954419342053112,0.4865233044662838,27.2658165410374,27.379993034609306,,,
28.562660416844494,50.07933725696112,bursting,bursting,75,82,16.0,16.0,0.27460999210110604,0.27154239622270326,0.4936808846761454,0.4918355301987016,27.36749176990852,27.452744373145205,,,
28.562660416844494,51.02375430003072,bursting,bursting,76,82,16.0,16.0,0.27129824905586325,0.27360083428514687,0.49046054244935994,0.4965983016338084,27.456816144497086,27.44256216744047,,,
28.562660416844494,52.305808116447096,bursting,bursting,75,82,16.0,16.0,0.2729827476662918,0.268646896854212,0.4887346659498557,0.48734130948609844,27.354998936465957,27.495943601935362,,,
28.562660416844494,52.53984467836355,bursting,bursting,75,82,16.0,16.0,0.27214909037124685,0.27083741910178477,0.49302371444066456,0.4902922141596389,27.46616187490164,27.442742268440508,,,
28.562660416844494,52.8462555449608,bursting,bursting,75,82,16.0,16.0,0.26820806443786704,0.2663617000677704,0.4852249017419575,0.48407396650208145,27.49871742182414,27.5310359710875,,,
28.562660416844494,53.201081461658184,bursting,bursting,76,82,16.0,16.0,0.2687682259658255,0.2697237812798707,0.4820090135685537,0.4901840641160756,27.418572152109178,27.493356977828718,,,
28.562660416844494,54.28223164775316,bursting,bursting,75,82,16.0,16.0,0.27014600503802966,0.2706120135071847,0.4891291056274303,0.49296295383401934,27.46086323482119,27.49882936827022,,,
28.562660416844494,57.28937686253878,bursting,bursting,76,82,16.0,16.0,0.2667005395465873,0.2712589423998818,0.4838982845805813,0.4916783440273375,27.517984793064894,27.432080927813967,,,
29.033456525669827,39.00462398585954,bursting,bursting,82,82,15.5,15.5,0.2917521542880593,0.28892559423955405,0.5129257283545342,0.5161689937285466,27.380631374342943,27.47238614860118,,,
29.033456525669827,44.17062526144672,bursting,bursting,83,79,16.0,16.0,0.27954967153101623,0.2811041604607287,0.5014793641241664,0.49647502730612647,27.318107674495696,27.218083918695246,,,
29.033456525669827,44.21787801655311,bursting,bursting,82,78,15.5,15.5,0.2864731795802019,0.28523489932885904,0.5182689816014512,0.508440105755542,27.595390966631733,27.464513540521498,,,
29.033456525669827,44.39297493308039,bursting,bursting,78,82,16.0,16.0,0.27828303018189077,0.27923717163638195,0.4997001798920648,0.499887525306806,27.355977103069566,27.261702845152033,,,
29.033456525669827,44.41090652794522,bursting,bursting,78,82,16.0,16.0,0.28326559462802625,0.279232810856828,0.5048847600535177,0.500776203114828,27.219796275974332,27.288432776830906,,,
29.033456525669827,44.6851439225174,bursting,bursting,78,82,16.0,16.0,0.28147374701670647,0.2758990740971822,0.4972155926809865,0.499138985250443,27.226086657122433,27.39389635492088,,,
29.033456525669827,45.787885714675056,bursting,bursting,77,82,16.0,16.0,0.2785557111422283,0.276706787194726,0.5001000200040007,0.4994256604904358,27.332387560039372,27.35535486910767,,,
29.033456525669827,46.300099423249314,bursting,bursting,83,76,16.0,16.0,0.275556874088358,0.27566084788029915,0.4944498009839551,0.49875311720698257,27.368241298805195,27.4166818627894,,,
29.033456525669827,47.39163038187516,bursting,bursting,75,82,16.0,16.0,0.2721058542063376,0.272864346450465,0.48825740930618616,0.49436424757761516,27.407797155236768,27.44270808511666,,,
29.033456525669827,48.70189663111327,bursting,bursting,77,82,16.0,16.0,0.28011393448766936,0.2729759704251385,0.49971266521749985,0.4929143561306222,27.264797549074746,27.419374750352713,[-52.      -52.      -52.      ... -74.25919 -74.14435 -74.03007],[-52.       -52.       -52.       ... -55.59574  -55.595726 -55.59571 ],"[0.000000e+00 5.000000e-05 1.000000e-04 ... 9.999849e+00 9.999900e+00
 9.999949e+00]"
29.033456525669827,49.856902694344555,bursting,bursting,75,82,16.0,16.0,0.2810623382497047,0.2755358462675538,0.5025251890751025,0.4927322000492731,27.24880866518025,27.299598608754728,,,
29.033456525669827,50.00928939680185,bursting,bursting,75,82,16.0,16.0,0.27572467377228815,0.2772987428457175,0.49805757545572255,0.4998625378021043,27.40575096317593,27.322403564599618,,,
29.033456525669827,50.07933725696112,bursting,bursting,75,82,16.0,16.0,0.27294424486983926,0.27686447473937464,0.4921017666453421,0.5012028869286286,27.420267803506288,27.363375539478017,,,
29.033456525669827,51.02375430003072,bursting,bursting,75,82,16.0,16.0,0.27153342006431186,0.27130204372040534,0.490930067011954,0.4906891729433989,27.475134255027186,27.422661743967794,,,
29.033456525669827,52.305808116447096,bursting,bursting,75,82,16.0,16.0,0.27035060789903265,0.269965320177795,0.48729381380503384,0.4884482000683828,27.46121326245047,27.444626935041605,,,
29.033456525669827,52.53984467836355,bursting,bursting,75,82,16.0,16.0,0.2726892616459248,0.2699369959059595,0.4919081115647598,0.49030423377705884,27.41687736473972,27.492998093128843,,,
29.033456525669827,52.8462555449608,bursting,bursting,75,82,16.0,16.0,0.2739759869558772,0.2700472272262527,0.4940955580809328,0.48687862115974473,27.394444453741794,27.421036977866585,,,
29.033456525669827,53.201081461658184,bursting,bursting,75,82,16.0,16.0,0.2745068997013011,0.26975304127355626,0.49371744550593677,0.48757892683878196,27.36772739749826,27.446421822607483,,,
29.033456525669827,54.28223164775316,bursting,bursting,76,80,16.0,16.0,0.26561140647655906,0.26989653312411144,0.4833252779120346,0.49036434070514373,27.586372000141417,27.473453187483692,,,
29.033456525669827,57.28937686253878,bursting,bursting,83,76,16.0,16.0,0.2667153107138515,0.2652092865616,0.48644047184725775,0.48417943689931475,27.574517645898418,27.568465681024495,,,
30.141865553727637,39.00462398585954,bursting,bursting,80,83,16.0,16.0,0.2829861995213117,0.28348663592121703,0.5092427560217956,0.5095930899177008,27.30510616522998,27.234095427887667,,,
30.141865553727637,44.17062526144672,bursting,bursting,80,81,16.0,16.0,0.28177327422419285,0.2749131580892315,0.506649778340722,0.4927200610972875,27.298992844856702,27.36330741442182,,,
30.141865553727637,44.21787801655311,bursting,bursting,77,83,16.0,16.0,0.2792681388012619,0.27778193706171533,0.5047318611987381,0.4991140725212748,27.370663777565262,27.33790640583835,,,
30.141865553727637,44.39297493308039,bursting,bursting,79,83,16.0,16.0,0.2783396491580292,0.2757647757647758,0.5019198434010089,0.495000495000495,27.376599110544124,27.35273547329762,,,
30.141865553727637,44.41090652794522,bursting,bursting,76,83,16.0,16.0,0.2732222934016655,0.2739053943553781,0.4927807618390579,0.49557697549371854,27.45630400140351,27.442673874742425,,,
30.141865553727637,44.6851439225174,bursting,bursting,77,83,16.0,16.0,0.27515629651682016,0.2755921167085022,0.4961794184777215,0.49705494942465894,27.42933058485894,27.38813044285825,,,
30.141865553727637,45.787885714675056,bursting,bursting,75,83,16.0,16.0,0.2730974237488895,0.2777148894423061,0.49353469548909285,0.5031066837722941,27.459160821729686,27.375643457036777,,,
30.141865553727637,46.300099423249314,bursting,bursting,75,83,16.0,16.0,0.27937731429003265,0.27599881767574747,0.5037910274818006,0.49263510517759485,27.355322487402027,27.309082662932813,,,
30.141865553727637,47.39163038187516,bursting,bursting,76,82,16.0,16.0,0.27669975557439996,0.2717045732452924,0.49882775477627583,0.4891171435558816,27.398423922895173,27.423564309309565,,,
30.141865553727637,48.70189663111327,bursting,bursting,75,82,16.0,16.0,0.2729707154088052,0.2756870295816561,0.4913522012578617,0.5001125253181965,27.43148227189015,27.38698009989699,,,
30.141865553727637,49.856902694344555,bursting,bursting,75,82,16.0,16.0,0.2685205406323552,0.2681879194630869,0.48530732086093503,0.4881025015253203,27.50832054343983,27.5328970135232,[-52.       -52.       -52.       ... -54.073353 -54.072994 -54.072636],[-52.       -52.       -52.       ... -55.771767 -55.77163  -55.77149 ],"[0.000000e+00 5.000000e-05 1.000000e-04 ... 9.999849e+00 9.999900e+00
 9.999949e+00]"
30.141865553727637,50.00928939680185,bursting,bursting,75,82,16.0,16.0,0.2680067813029787,0.26973490427098684,0.48437878420925157,0.4909180166912126,27.510730916172573,27.506316721603863,,,
30.141865553727637,50.07933725696112,bursting,bursting,75,82,16.0,16.0,0.27461937759233035,0.27159561510353236,0.49673397412015996,0.48721071863580995,27.44240359707675,27.38485242620828,,,
30.141865553727637,51.02375430003072,bursting,bursting,75,82,16.0,16.0,0.266179440330801,0.26635786001843137,0.4808154630252909,0.48503662026482997,27.527490646936556,27.567237466253466,,,
30.141865553727637,52.305808116447096,bursting,bursting,75,82,16.0,16.0,0.2702131840062877,0.2630497131931166,0.4912073877591119,0.47801147227533447,27.513252564433696,27.598211191708423,,,
30.141865553727637,52.53984467836355,bursting,bursting,75,82,16.0,16.0,0.2710153846153847,0.26674695893050704,0.4923076923076921,0.48175358304227384,27.511257363611275,27.49363199498703,,,
30.141865553727637,52.8462555449608,bursting,bursting,75,82,16.0,16.0,0.2698401074087634,0.2742769108438524,0.48822165263029405,0.4969684921975947,27.48337365366767,27.395680080935808,,,
30.141865553727637,53.201081461658184,bursting,bursting,75,82,16.0,16.0,0.2707436399217221,0.2685935333187361,0.4892367906066537,0.4865824878962606,27.459481009068845,27.49594360193534,,,
30.141865553727637,54.28223164775316,bursting,bursting,75,82,16.0,16.0,0.27001389938793935,0.2673069908814588,0.48769782242922294,0.4863221884498479,27.456928233416132,27.542481577328815,,,
30.141865553727637,57.28937686253878,bursting,bursting,75,82,16.0,16.0,0.2664100142853681,0.26579984049109406,0.4842497760344785,0.48336032095125303,27.549142249078535,27.537098514358075,,,
30.75524957292389,39.00462398585954,bursting,bursting,85,81,15.5,15.5,0.2630775203830721,0.28836148345592943,0.5176653293645658,0.5125970730707128,27.57896952711073,27.44944379193552,,,
30.75524957292389,44.17062526144672,bursting,bursting,76,83,16.0,16.0,0.27816080427206846,0.2746766255286524,0.5014165016170682,0.49464546286449207,27.383215402189716,27.39461384679624,,,
30.75524957292389,44.21787801655311,bursting,bursting,77,82,16.0,16.0,0.2741420001966764,0.2758156576356522,0.49169043170419907,0.49849206151392034,27.400081710781965,27.396477769438267,,,
30.75524957292389,44.39297493308039,bursting,bursting,83,77,16.0,16.0,0.2748285117804947,0.2790088040360075,0.49706730291281437,0.4946087644673064,27.454481749951697,27.24067617819192,,,
30.75524957292389,44.41090652794522,bursting,bursting,76,82,16.0,16.0,0.2766528666415759,0.2763220343216845,0.5018190942165349,0.4995878400319737,27.44354082702689,27.399854525416618,,,
30.75524957292389,44.6851439225174,bursting,bursting,76,83,16.0,16.0,0.2764783376003581,0.2786365338993632,0.49712907956550906,0.49943813210138593,27.38335980585016,27.291132862877024,,,
30.75524957292389,45.787885714675056,bursting,bursting,78,82,16.0,16.0,0.2779707955689831,0.2791180739776768,0.5035246727089628,0.5005255518294208,27.419837215610947,27.267853804120403,,,
30.75524957292389,46.300099423249314,bursting,bursting,75,82,16.0,16.0,0.2713791156178643,0.2699505217263508,0.4910506027646148,0.4898838975162885,27.494360623286845,27.520378521037397,,,
30.75524957292389,47.39163038187516,bursting,bursting,74,82,16.0,16.0,0.27197354784582733,0.2722344069592645,0.4935103390416029,0.492865768008083,27.50523232647564,27.44836740736279,,,
30.75524957292389,48.70189663111327,bursting,bursting,75,82,16.0,16.0,0.2716765824636692,0.2737612304322938,0.48766214766409827,0.4977476916950797,27.410972675252857,27.44646270018074,,,
30.75524957292389,49.856902694344555,bursting,bursting,74,82,16.0,16.0,0.2731929283636273,0.27785055675920795,0.49730213591267375,0.5038544868242051,27.48690187599584,27.35712048995748,,,
30.75524957292389,50.00928939680185,bursting,bursting,75,82,16.0,16.0,0.2749534335030421,0.27307168503157125,0.49670930088165893,0.4952333787297265,27.40298132722808,27.4481800907089,[-52.       -52.       -52.       ... -53.809666 -53.8092   -53.808735],[-52.       -52.       -52.       ... -55.692394 -55.69225  -55.692104],"[0.000000e+00 5.000000e-05 1.000000e-04 ... 9.999849e+00 9.999900e+00
 9.999949e+00]"
30.75524957292389,50.07933725696112,bursting,bursting,75,82,16.0,16.0,0.26835787529766236,0.26883034361405733,0.48597949166545157,0.4887824429346499,27.50902519940473,27.532477717365996,,,
30.75524957292389,51.02375430003072,bursting,bursting,75,82,16.0,16.0,0.26871129747915584,0.27180617831396914,0.4875908137890681,0.4954542076448585,27.528346868681616,27.501981281629455,,,
30.75524957292389,52.305808116447096,bursting,bursting,75,82,16.0,16.0,0.2735601446045661,0.2709357184981327,0.4952211162283959,0.4914487910359741,27.43375615186509,27.478463950418384,,,
30.75524957292389,52.53984467836355,bursting,bursting,75,82,16.0,16.0,0.2708030456102309,0.26844232361104364,0.4928171894635684,0.48692603593514144,27.51778394599442,27.509394578224363,,,
30.75524957292389,52.8462555449608,bursting,bursting,75,82,16.0,16.0,0.27198721101819967,0.2620642321255296,0.4918839153959665,0.4733391711831112,27.4589888136339,27.549658025051986,,,
30.75524957292389,53.201081461658184,bursting,bursting,75,82,16.0,16.0,0.2672589571803085,0.26785670798529093,0.48548402757549275,0.4870564741981834,27.544853667743986,27.52629346005545,,,
30.75524957292389,54.28223164775316,bursting,bursting,75,82,16.0,16.0,0.26354673894792374,0.2671974367687751,0.4797428578282042,0.4854604592455945,27.617425021083182,27.51435681796912,,,
30.75524957292389,57.28937686253878,bursting,bursting,83,76,16.0,16.0,0.2625448457306863,0.2604902565075151,0.4783544606553455,0.47413588734531303,27.6127513878233,27.606117529520077,,,
31.251003830990477,39.00462398585954,bursting,bursting,82,82,16.0,16.0,0.2783717311649852,0.28352363756580135,0.5019324398935902,0.5086081936780001,27.411394739663933,27.23269992929251,,,
31.251003830990477,44.17062526144672,bursting,bursting,77,81,16.0,16.0,0.27776672964104604,0.27688855646970817,0.4971661529283086,0.4986287708800797,27.34093501438054,27.363454515644605,,,
31.251003830990477,44.21787801655311,bursting,bursting,77,83,16.0,16.0,0.2797263898944002,0.27825498985750385,0.4992885138677385,0.5008639903834113,27.302773011529364,27.321181934304835,,,
31.251003830990477,44.39297493308039,bursting,bursting,83,75,16.0,16.0,0.27327022204599494,0.2775468551658911,0.4956383822363204,0.49779724718122303,27.505088911226117,27.326545175064563,,,
31.251003830990477,44.41090652794522,bursting,bursting,83,77,16.0,16.0,0.2741598727381189,0.2769280429060933,0.497116723006562,0.4965983016338083,27.482991707071285,27.333989539857168,,,
31.251003830990477,44.6851439225174,bursting,bursting,75,83,16.0,16.0,0.2790409469131745,0.27594129854728716,0.5058296871443384,0.4941199723292816,27.41074337931315,27.33115280330962,,,
31.251003830990477,45.787885714675056,bursting,bursting,83,76,16.0,16.0,0.2723669309173271,0.2770868570291515,0.49239253532916444,0.4974629390110436,27.48204797861096,27.333699814627252,,,
31.251003830990477,46.300099423249314,bursting,bursting,75,83,16.0,16.0,0.2776162790697673,0.27434787983681513,0.5012028869286288,0.4944987019409075,27.386869815535363,27.393786133494526,,,
31.251003830990477,47.39163038187516,bursting,bursting,76,82,16.0,16.0,0.2760537629095222,0.274225331297108,0.49414438899046303,0.49263510517759507,27.354868542408948,27.35953446721584,,,
31.251003830990477,48.70189663111327,bursting,bursting,75,82,16.0,16.0,0.2723887039092366,0.27376813033975744,0.4932790726353433,0.4967216371945161,27.483676552667095,27.454719852723308,,,
31.251003830990477,49.856902694344555,bursting,bursting,75,82,16.0,16.0,0.2729095996236415,0.26959301190708584,0.49520885433431555,0.4879953152449737,27.482295361084425,27.483080393140483,,,
31.251003830990477,50.00928939680185,bursting,bursting,82,75,16.0,16.0,0.2686800185397506,0.2716727567010816,0.48788817603005374,0.4904725703215049,27.53984556249259,27.418931335263515,,,
31.251003830990477,50.07933725696112,bursting,bursting,75,82,16.0,16.0,0.27305909046068844,0.2662581110310024,0.49324257669922056,0.48065368901706323,27.445034584243235,27.498396151504345,[-52.       -52.       -52.       ... -54.221962 -54.221638 -54.221313],[-52.       -52.       -52.       ... -55.7943   -55.794163 -55.794025],"[0.000000e+00 5.000000e-05 1.000000e-04 ... 9.999849e+00 9.999900e+00
 9.999949e+00]"
31.251003830990477,51.02375430003072,bursting,bursting,75,82,16.0,16.0,0.2671811122668664,0.2659257645093339,0.4838046396864946,0.4842497760344785,27.53480649182132,27.56723746625346,,,
31.251003830990477,52.305808116447096,bursting,bursting,75,82,16.0,16.0,0.2699130179827989,0.2716552951646397,0.488663017982799,0.4944131316127757,27.489113884756048,27.48508109897839,,,
31.251003830990477,52.53984467836355,bursting,bursting,75,82,16.0,16.0,0.2657398069442443,0.2630012004801924,0.48023819814628055,0.4801920768307322,27.532466750261776,27.62568789075043,,,
31.251003830990477,52.8462555449608,bursting,bursting,75,82,16.0,16.0,0.27200626652305887,0.26661379094863824,0.4895721139723881,0.48068834571105823,27.40977223516447,27.48018394649157,,,
31.251003830990477,53.201081461658184,bursting,bursting,75,82,16.0,16.0,0.26729711473511536,0.265629912690159,0.48248576666988313,0.4837110310300628,27.474269325411278,27.57692376076614,,,
31.251003830990477,54.28223164775316,bursting,bursting,75,82,16.0,16.0,0.26421669951449306,0.2658059202558013,0.48069989905302135,0.4844726515188218,27.59464519342681,27.562343589364843,,,
31.251003830990477,57.28937686253878,bursting,bursting,75,83,16.0,16.0,0.26198289697463284,0.263070342205323,0.4790763408149087,0.47528517110266155,27.66550795961681,27.501080352644074,,,
31.99326355599359,39.00462398585954,bursting,bursting,80,83,16.0,16.0,0.282713359010744,0.2824828771450955,0.5067909993918507,0.5054717314934163,27.28939316244528,27.24881640517882,,,
31.99326355599359,44.17062526144672,bursting,bursting,75,83,16.0,16.0,0.272909500358831,0.27610203008836265,0.49493924620752794,0.500638313850159,27.510247101119607,27.426671234162846,,,
31.99326355599359,44.21787801655311,bursting,bursting,76,83,16.0,16.0,0.277089513173966,0.2729064039408868,0.4985417653363911,0.4926108374384236,27.382707694357666,27.44250217851721,,,
31.99326355599359,44.39297493308039,bursting,bursting,77,83,16.0,16.0,0.2764855942376953,0.27180026409742253,0.5002000800320128,0.48906930111996877,27.441973300271336,27.43001861808983,,,
31.99326355599359,44.41090652794522,bursting,bursting,77,83,16.0,16.0,0.27375024895439154,0.28002219196045797,0.49790878311093417,0.5043627376809401,27.517776708747515,27.30650667348478,,,
31.99326355599359,44.6851439225174,bursting,bursting,75,82,16.0,16.0,0.2755956534742299,0.2770863652331009,0.4984547901505332,0.501831685652632,27.446159153625704,27.384365281903563,,,
31.99326355599359,45.787885714675056,bursting,bursting,75,83,16.0,16.0,0.2736002363716945,0.2712883435582821,0.49244103018663504,0.49079754601227005,27.429234453630297,27.4626456054731,,,
31.99326355599359,46.300099423249314,bursting,bursting,75,83,16.0,16.0,0.2698618096586746,0.27113501245775457,0.48830509302212016,0.49337642154081446,27.520835493646917,27.50901837035689,,,
31.99326355599359,47.39163038187516,bursting,bursting,75,82,16.0,16.0,0.2756073376301439,0.2709376450186847,0.4957858205255329,0.48848398993722975,27.399831991382506,27.439942250493832,,,
31.99326355599359,48.70189663111327,bursting,bursting,83,75,16.0,16.0,0.27525189232542985,0.2737208147044209,0.5012782595618828,0.49677098857426727,27.479773453830266,27.45370064369545,,,
31.99326355599359,49.856902694344555,bursting,bursting,74,82,16.0,16.0,0.26973491862391585,0.27207096217814475,0.48728194133125435,0.4927929037821855,27.484004463317596,27.442234216345334,,,
31.99326355599359,50.00928939680185,bursting,bursting,76,83,16.0,16.0,0.26767478397486233,0.2667035717724079,0.49096622152395925,0.481370944449793,27.65954730870613,27.495794413078574,,,
31.99326355599359,50.07933725696112,bursting,bursting,74,82,16.0,16.0,0.2689651818712313,0.26413281118612286,0.4862867146469557,0.48050356773899044,27.494525795230025,27.5970814159569,,,
31.99326355599359,51.02375430003072,bursting,bursting,75,82,16.0,16.0,0.2666794939631537,0.2707475275606085,0.48102361825965656,0.4932547414112018,27.5066727989604,27.500712783088307,[-52.       -52.       -52.       ... -54.256542 -54.256233 -54.25592 ],[-52.       -52.       -52.       ... -55.86503  -55.864902 -55.864777],"[0.000000e+00 5.000000e-05 1.000000e-04 ... 9.999849e+00 9.999900e+00
 9.999949e+00]"
31.99326355599359,52.305808116447096,bursting,bursting,75,82,16.0,16.0,0.26459666019789635,0.26249760582263953,0.4791681640671792,0.4788354721317755,27.55772919350828,27.62674699797747,,,
31.99326355599359,52.53984467836355,bursting,bursting,75,82,16.0,16.0,0.26766455481936435,0.27114876380072644,0.4836291531653527,0.49398572381258177,27.51198314018109,27.491533872189052,,,
31.99326355599359,52.8462555449608,bursting,bursting,75,82,16.0,16.0,0.26527021163766096,0.2690248612706868,0.4820903437304151,0.48891387782042195,27.583834680838727,27.491562090262864,,,
31.99326355599359,53.201081461658184,bursting,bursting,75,82,16.0,16.0,0.26843636185866854,0.272722764912977,0.4888660751387159,0.4958595725690484,27.553412208480154,27.455533097031672,,,
31.99326355599359,54.28223164775316,bursting,bursting,75,82,16.0,16.0,0.2624400944183495,0.26299790103500725,0.47686035144607897,0.4825206880745012,27.59745621473271,27.666686822787803,,,
31.99326355599359,57.28937686253878,bursting,bursting,75,82,16.0,16.0,0.2630471682325661,0.2632148005766461,0.47813717755624086,0.4805382027871215,27.58374196588343,27.59787176674433,,,
32.23647207728248,39.00462398585954,bursting,bursting,82,82,16.0,15.5,0.28250687302718663,0.2870551326887474,0.5091131249363609,0.5142974696564493,27.33548174292338,27.506147100297515,,,
32.23647207728248,44.17062526144672,bursting,bursting,75,83,16.0,16.0,0.2733371289947272,0.2723121117631171,0.49508626878233525,0.4910506027646148,27.49958334737493,27.44490752661693,,,
32.23647207728248,44.21787801655311,bursting,bursting,75,83,16.0,16.0,0.27429699062654167,0.2734286138173187,0.49333991119881593,0.4945353840067257,27.421296590970478,27.439680278758562,,,
32.23647207728248,44.39297493308039,bursting,bursting,83,75,16.0,16.0,0.270219235862475,0.2720245398773008,0.49046054244935994,0.4907975460122698,27.548227478398093,27.457929077965364,,,
32.23647207728248,44.41090652794522,bursting,bursting,77,82,16.0,16.0,0.2760049321824908,0.27393774703557316,0.4932182490752157,0.49407114624505927,27.36933176723799,27.407608744667602,,,
32.23647207728248,44.6851439225174,bursting,bursting,78,82,16.0,16.0,0.2787011886665502,0.27783933518005516,0.4983926835954048,0.503651473180559,27.318062909777503,27.389125793200545,,,
32.23647207728248,45.787885714675056,bursting,bursting,75,83,16.0,16.0,0.2753486525385878,0.27789051734936726,0.49630254603206103,0.5010647626205686,27.425048380420797,27.33788653384237,,,
32.23647207728248,46.300099423249314,bursting,bursting,77,82,16.0,16.0,0.2789228223258613,0.2757777777777777,0.5014793641241663,0.4938271604938273,27.347380332323656,27.342042656521098,,,
32.23647207728248,47.39163038187516,bursting,bursting,75,82,16.0,16.0,0.2767024195559988,0.2764446437915828,0.49887752556747317,0.49836784530662087,27.390912675214853,27.350918426727535,,,
32.23647207728248,48.70189663111327,bursting,bursting,75,82,16.0,16.0,0.27028749295360405,0.27209221958925744,0.4901840641160754,0.4936808846761454,27.526656394923275,27.47449847544343,,,
32.23647207728248,49.856902694344555,bursting,bursting,76,82,16.0,16.0,0.26525861034441384,0.2697518872796123,0.48001920076803084,0.49179924754715115,27.558606022027984,27.54776560399863,,,
32.23647207728248,50.00928939680185,bursting,bursting,75,82,16.0,16.0,0.2677260725273131,0.2658393207054213,0.4844843874906129,0.48382804751191416,27.534030558319287,27.573464113431292,,,
32.23647207728248,50.07933725696112,bursting,bursting,75,82,16.0,16.0,0.27238916256157664,0.2691185055458258,0.4926108374384237,0.48647596808717647,27.465573348144176,27.479862142469205,,,
32.23647207728248,51.02375430003072,bursting,bursting,75,82,16.0,16.0,0.26816939560306663,0.2668576144473031,0.4837110310300627,0.4854604592455945,27.484610709725644,27.54760304053716,,,
32.23647207728248,52.305808116447096,bursting,bursting,77,81,16.0,16.0,0.2671655251419796,0.26705813840628934,0.4874838520973992,0.4852955449868968,27.596702562689316,27.540998850070064,[-52.       -52.       -52.       ... -55.433792 -55.43357  -55.43335 ],[-52.       -52.       -52.       ... -55.23424  -55.235188 -55.236134],"[0.000000e+00 5.000000e-05 1.000000e-04 ... 9.999849e+00 9.999900e+00
 9.999949e+00]"
32.23647207728248,52.53984467836355,bursting,bursting,75,82,16.0,16.0,0.2640695752174225,0.2633754746911501,0.47916816406717944,0.48069989905302135,27.585439312723327,27.630276404393953,,,
32.23647207728248,52.8462555449608,bursting,bursting,75,82,16.0,16.0,0.2692119312337757,0.2662759155202478,0.48978792182984776,0.484402247626429,27.529539915401287,27.57037071155765,,,
32.23647207728248,53.201081461658184,bursting,bursting,75,82,16.0,16.0,0.2630176106615897,0.26442865429234313,0.47596382674916704,0.48337200309358075,27.568202734267473,27.61188028762756,,,
32.23647207728248,54.28223164775316,bursting,bursting,75,82,16.0,16.0,0.2666005466992428,0.26846542175170346,0.4838046396864945,0.49012400137234713,27.54337165507742,27.553735668193564,,,
32.23647207728248,57.28937686253878,bursting,bursting,75,82,16.0,16.0,0.26122099657664494,0.2576456196480663,0.4754659566375049,0.4704996706502306,27.628738021358185,27.65955377549592,,,
32.29037388755989,39.00462398585954,bursting,bursting,80,83,16.0,16.0,0.2818218788125255,0.2838450051884283,0.508336722244815,0.5061881501354053,27.356438292910923,27.206657959289906,,,
32.29037388755989,44.17062526144672,bursting,bursting,76,82,16.0,16.0,0.27173297204089164,0.27274297416664633,0.4926715112698608,0.4934738088775937,27.53198429077791,27.462645605473075,,,
32.29037388755989,44.21787801655311,bursting,bursting,75,83,16.0,16.0,0.27623688155922044,0.27624544046369837,0.49975012493753124,0.4996752111127768,27.439717411464848,27.407618245776675,,,
32.29037388755989,44.39297493308039,bursting,bursting,75,82,16.0,16.0,0.2750292266746262,0.27437332804914283,0.49747531278760293,0.4953928465272961,27.461050294562508,27.422001569540683,,,
32.29037388755989,44.41090652794522,bursting,bursting,75,83,16.0,16.0,0.2763043207570663,0.2764154704944177,0.49806997883202586,0.4984051036682615,27.417184708425218,27.375269573053004,,,
32.29037388755989,44.6851439225174,bursting,bursting,75,83,16.0,16.0,0.2742425364841842,0.27122259820509076,0.4938637429933081,0.49041243685939867,27.419626233385774,27.482456770887826,,,
32.29037388755989,45.787885714675056,bursting,bursting,74,82,16.0,16.0,0.2710913074518107,0.27268449727587885,0.4923561704537061,0.49529470034670625,27.540333241843225,27.498771869532167,,,
32.29037388755989,46.300099423249314,bursting,bursting,82,75,15.0,16.0,0.24673781039249618,0.27417099480623275,0.5167825120797912,0.4994007191370356,27.47936638940211,27.472482446120694,,,
32.29037388755989,47.39163038187516,bursting,bursting,75,82,16.0,16.0,0.27039695327376606,0.26571414756793343,0.48825740930618616,0.48351223285949135,27.488170054405828,27.585465940131687,,,
32.29037388755989,48.70189663111327,bursting,bursting,76,83,16.0,16.0,0.26896045059385326,0.27194276441953075,0.4897759275131626,0.4917146088410285,27.5677808162875,27.45324714873487,,,
32.29037388755989,49.856902694344555,bursting,bursting,76,83,16.0,16.0,0.26671545310403677,0.2727610185849686,0.4878643737041102,0.49493924620752794,27.645114598698985,27.44829654660568,,,
32.29037388755989,50.00928939680185,bursting,bursting,75,82,16.0,16.0,0.2673926194797336,0.2719361495810439,0.48396854204476725,0.49727740620104943,27.532135041486907,27.52320526991456,,,
32.29037388755989,50.07933725696112,bursting,bursting,75,82,16.0,16.0,0.26560399462262335,0.26734500594963434,0.4801229114653351,0.48568445081230716,27.54577861299402,27.542221474958005,,,
32.29037388755989,51.02375430003072,bursting,bursting,76,83,16.0,16.0,0.26120615502246,0.2660737716868346,0.4778744146038421,0.4859794916654518,27.686862198491042,27.60167987987866,,,
32.29037388755989,52.305808116447096,bursting,bursting,74,82,16.0,16.0,0.267062892775369,0.26729422066549924,0.48716324840454034,0.48647596808717647,27.590676408156945,27.552136996776326,,,
32.29037388755989,52.53984467836355,bursting,bursting,74,82,16.0,16.0,0.26335868761773024,0.2638878838314397,0.4768830921099692,0.48242757556021904,27.57446768589733,27.636549128094316,[-52.       -52.       -52.       ... -54.490517 -54.490246 -54.489975],[-52.       -52.       -52.       ... -55.933903 -55.933796 -55.93369 ],"[0.000000e+00 5.000000e-05 1.000000e-04 ... 9.999849e+00 9.999900e+00
 9.999949e+00]"
32.29037388755989,52.8462555449608,bursting,bursting,75,82,16.0,16.0,0.26570686920155767,0.2665580230097537,0.48069989905302113,0.4864641354316153,27.536193170255725,27.561078290669364,,,
32.29037388755989,53.201081461658184,bursting,bursting,75,82,16.0,16.0,0.2635455530148031,0.2652046287086681,0.48140570465760035,0.48518958783144495,27.65104495253378,27.60659687535563,,,
32.29037388755989,54.28223164775316,bursting,bursting,76,83,16.0,16.0,0.26065562079539756,0.2614872891423141,0.47543204887441465,0.47517224994060353,27.661502728796776,27.60051998729523,,,
32.29037388755989,57.28937686253878,bursting,bursting,75,82,16.0,16.0,0.26150074966086784,0.25887121625145193,0.4759751540969561,0.47407969279635903,27.614915933702413,27.68920390492483,,,
32.875714500088364,39.00462398585954,bursting,bursting,80,83,16.0,16.0,0.27941732402530295,0.2814554465459694,0.5040449608105042,0.5057145746940428,27.399005696694115,27.29873025378159,,,
32.875714500088364,44.17062526144672,bursting,bursting,75,83,16.0,16.0,0.2732044267287267,0.27198957385595196,0.4951598128295906,0.4917992475471514,27.50447366985058,27.467260005063896,,,
32.875714500088364,44.21787801655311,bursting,bursting,75,83,16.0,16.0,0.2756370493511647,0.2715746019264793,0.4962409746172741,0.4914487910359741,27.417138595253586,27.488069495636406,,,
32.875714500088364,44.39297493308039,bursting,bursting,76,83,16.0,16.0,0.2762921123662903,0.27632992678843604,0.4998500449865039,0.49973763774018637,27.439717411464834,27.404439789938582,,,
32.875714500088364,44.41090652794522,bursting,bursting,75,83,16.0,16.0,0.2757081587871533,0.27115450496745463,0.4987033712347896,0.4894043948514657,27.451107840317256,27.459017208204305,,,
32.875714500088364,44.6851439225174,bursting,bursting,75,82,16.0,16.0,0.27548684113345984,0.27588887217290986,0.4923804131071665,0.5014793641241664,27.370522920897095,27.445688238670165,,,
32.875714500088364,45.787885714675056,bursting,bursting,75,83,16.0,16.0,0.2739865199722468,0.2684584941850582,0.4955892556249379,0.4855901133852916,27.46175230758488,27.517837595242945,,,
32.875714500088364,46.300099423249314,bursting,bursting,74,83,16.0,16.0,0.2704387084110316,0.2726755968563093,0.4907252919815487,0.4942909396470762,27.54293147730829,27.473854417678833,,,
32.875714500088364,47.39163038187516,bursting,bursting,74,83,16.0,16.0,0.2686065214212606,0.2729164086687308,0.48740069210898285,0.49535603715170284,27.553381558410763,27.474755476871493,,,
32.875714500088364,48.70189663111327,bursting,bursting,75,82,16.0,16.0,0.26868966186387233,0.27237877128348115,0.485130742735167,0.4978592054167081,27.49885884140654,27.519244274505063,,,
32.875714500088364,49.856902694344555,bursting,bursting,74,82,16.0,16.0,0.27078296906606136,0.2695972495088411,0.493364250826385,0.4911591355599213,27.560515227851685,27.528781711233986,,,
32.875714500088364,50.00928939680185,bursting,bursting,75,82,16.0,16.0,0.2686425173801683,0.2641427850777104,0.4878643737041102,0.48043431261860714,27.549896070267867,27.588722736808045,,,
32.875714500088364,50.07933725696112,bursting,bursting,75,82,16.0,16.0,0.2677974315483401,0.26770192401601733,0.4846135207172279,0.4883289383728879,27.525510078320405,27.5750540491938,,,
32.875714500088364,51.02375430003072,bursting,bursting,74,82,16.0,16.0,0.26765509168942647,0.26475466980791895,0.48770971517752637,0.48080390412770163,27.57583508705408,27.570664229966322,,,
32.875714500088364,52.305808116447096,bursting,bursting,83,74,15.0,16.0,0.24159886805801198,0.26484040482678073,0.5053312446308554,0.48657065005838845,27.514628718815228,27.66452059955669,,,
32.875714500088364,52.53984467836355,bursting,bursting,75,82,16.0,16.0,0.26587397102007404,0.26325275147786786,0.48139411736388577,0.4806074878646609,27.547868000542767,27.624914596019998,,,
32.875714500088364,52.8462555449608,bursting,bursting,76,83,16.0,16.0,0.26922507038079696,0.2674982507781023,0.49390033091322166,0.48254397181943204,27.628979927724217,27.468374054654976,[-52.       -52.       -52.       ... -55.30581  -55.305584 -55.305363],[-52.       -52.       -52.       ... -55.637627 -55.638176 -55.63872 ],"[0.000000e+00 5.000000e-05 1.000000e-04 ... 9.999849e+00 9.999900e+00
 9.999949e+00]"
32.875714500088364,53.201081461658184,bursting,bursting,75,82,16.0,16.0,0.2692703736393056,0.2700549786194257,0.49034029616553876,0.48869883934025643,27.565732201590283,27.443636237440334,,,
32.875714500088364,54.28223164775316,bursting,bursting,75,82,16.0,16.0,0.26368889959065744,0.2651723049275082,0.4815795810257645,0.4857080408966169,27.640581636191822,27.61882984463275,,,
32.875714500088364,57.28937686253878,bursting,bursting,75,82,16.0,16.0,0.25942994895065224,0.259245184428663,0.47267914539610517,0.47502553262237845,27.654395569934824,27.68651362984108,,,
33.44467334979136,39.00462398585954,bursting,bursting,83,81,15.5,15.0,0.2885371404924477,0.2686579010026719,0.5172770535899028,0.5291145268393345,27.51935225377539,27.77533020402173,,,
33.44467334979136,44.17062526144672,bursting,bursting,75,82,16.0,16.0,0.2759433962264152,0.267671366067088,0.496524329692155,0.48614487117160904,27.411296310717237,27.569605633428914,,,
33.44467334979136,44.21787801655311,bursting,bursting,74,83,16.0,16.0,0.2690734699839329,0.27533796493692175,0.48687862115974473,0.5016177171377691,27.521515660183532,27.486842597239004,,,
33.44467334979136,44.39297493308039,bursting,bursting,74,83,16.0,16.0,0.2722381281469051,0.2720138203356367,0.49363214532530364,0.493583415597236,27.512705213827996,27.513754125047697,,,
33.44467334979136,44.41090652794522,bursting,bursting,75,82,16.0,16.0,0.2789623760377503,0.27770809292057624,0.5046809154911805,0.5017309718528925,27.403980561453412,27.36370787000327,,,
33.44467334979136,44.6851439225174,bursting,bursting,74,83,16.0,15.0,0.2693657152810609,0.25009130275995206,0.49767337696269925,0.5217300568685762,27.733963812786477,27.32986876370118,,,
33.44467334979136,45.787885714675056,bursting,bursting,74,83,16.0,16.0,0.2719683872561125,0.26816588078829645,0.4939491232403062,0.48361745859025507,27.52892472641513,27.49000557732094,,,
33.44467334979136,46.300099423249314,bursting,bursting,74,83,16.0,16.0,0.2705006632928806,0.2690533714034701,0.4913280597454921,0.48807867828293927,27.54754412625751,27.53393884451078,,,
33.44467334979136,47.39163038187516,bursting,bursting,74,83,16.0,16.0,0.26735637779941585,0.2646613287167279,0.48685491723466423,0.4808963908725864,27.600790042812434,27.606875301796126,,,
33.44467334979136,48.70189663111327,bursting,bursting,75,82,16.0,16.0,0.26713174914613763,0.26250982446947857,0.4844609161155922,0.476337914116274,27.566713355703705,27.604397161231304,,,
33.44467334979136,49.856902694344555,bursting,bursting,75,82,16.0,16.0,0.2698544495457655,0.26998844101227204,0.48842434306925864,0.4918718182041759,27.505662339269872,27.53916668954924,,,
33.44467334979136,50.00928939680185,bursting,bursting,75,82,16.0,16.0,0.2625190766882868,0.26512226512226494,0.4769172071728348,0.4856608630193536,27.618641896481954,27.657458503039496,,,
33.44467334979136,50.07933725696112,bursting,bursting,75,82,16.0,16.0,0.26671027448700235,0.2630016992556781,0.48453133706422474,0.4786635713089053,27.58241429339104,27.608903052651346,,,
33.44467334979136,51.02375430003072,bursting,bursting,74,82,16.0,16.0,0.26667638342321337,0.2666261545940689,0.48583782733323605,0.48614487117160904,27.6017525066901,27.57167278691174,,,
33.44467334979136,52.305808116447096,bursting,bursting,74,82,16.0,16.0,0.2645618774269799,0.26228492445545964,0.4823810327777911,0.4766217053524616,27.623602312114617,27.594704030409023,,,
33.44467334979136,52.53984467836355,bursting,bursting,75,82,16.0,16.0,0.26343944785422585,0.26360385012361687,0.4776347527046069,0.48006528887928757,27.585571464485568,27.597655477804548,,,
33.44467334979136,52.8462555449608,bursting,bursting,75,82,16.0,16.0,0.26930702763566955,0.26637458926615554,0.4895601302229946,0.48679566751855896,27.52044341404446,27.613657541152712,,,
33.44467334979136,53.201081461658184,bursting,bursting,75,82,16.0,16.0,0.26486798719584104,0.26357577653201153,0.4813593588293339,0.48119721868007603,27.595443497622913,27.615353269451127,[-52.       -52.       -52.       ... -54.98149  -54.981247 -54.981003],[-52.       -52.       -52.       ... -56.01408  -56.01412  -56.014156],"[0.000000e+00 5.000000e-05 1.000000e-04 ... 9.999849e+00 9.999900e+00
 9.999949e+00]"
33.44467334979136,54.28223164775316,bursting,bursting,75,83,16.0,16.0,0.26195916207701003,0.2658578272068559,0.4810120493518363,0.4814520594111842,27.728178471869615,27.505714903728265,,,
33.44467334979136,57.28937686253878,bursting,bursting,75,83,16.0,16.0,0.25663446395411676,0.2547222351139369,0.4701125919657757,0.464101731099457,27.725076802569575,27.69303676521538,,,
34.58567830264926,39.00462398585954,bursting,bursting,83,78,16.0,16.0,0.2766362157427108,0.2828652318793377,0.5005631335252156,0.5010898704682685,27.471212203849753,27.22766976028362,,,
34.58567830264926,44.17062526144672,bursting,bursting,83,75,16.0,16.0,0.26921481047570217,0.2746936364978593,0.48815015498767406,0.4921502042423347,27.570905899899753,27.369694984891378,,,
34.58567830264926,44.21787801655311,bursting,bursting,83,75,16.0,16.0,0.2716643232442833,0.27342345669892376,0.49335208071240033,0.49247740759892633,27.53320989612882,27.42921907859179,,,
34.58567830264926,44.39297493308039,bursting,bursting,74,83,16.0,16.0,0.266736022064694,0.26846785225718167,0.48387486995862855,0.48856752003126847,27.592882968910523,27.550893230676465,,,
34.58567830264926,44.41090652794522,bursting,bursting,74,83,16.0,16.0,0.27413703123835076,0.2747945205479454,0.49703024429036513,0.49813200498132,27.485268657529485,27.462778361673926,,,
34.58567830264926,44.6851439225174,bursting,bursting,74,83,16.0,16.0,0.2715496010245295,0.27115010226964703,0.49256230913210514,0.492865768008083,27.51965739648692,27.536800461705248,,,
34.58567830264926,45.787885714675056,bursting,bursting,74,83,16.0,16.0,0.26834806387030613,0.26860108171319996,0.48830509302212016,0.4872581981191832,27.592146596920728,27.543954701750838,,,
34.58567830264926,46.300099423249314,bursting,bursting,75,82,16.0,16.0,0.2675933338184992,0.27168130644562644,0.4851660480799552,0.4948657676605222,27.567408993166396,27.532147023201436,,,
34.58567830264926,47.39163038187516,bursting,bursting,75,82,16.0,16.0,0.27157223448614176,0.26536064113980434,0.4905567819475105,0.4813361892613897,27.493095903258528,27.560515227851667,,,
34.58567830264926,48.70189663111327,bursting,bursting,74,82,16.0,16.0,0.266187050359712,0.26497723604653994,0.4828352083433925,0.4817767928118902,27.57193560325804,27.593080101652408,,,
34.58567830264926,49.856902694344555,bursting,bursting,75,82,16.0,16.0,0.265583961832245,0.2682255169531114,0.4819160984072673,0.4917508790046962,27.573982049849388,27.632409530558284,,,
34.58567830264926,50.00928939680185,bursting,bursting,74,83,16.0,16.0,0.26454490657022317,0.2661096985107157,0.482218203737191,0.48432013560963794,27.628746290802773,27.583851502063,,,
34.58567830264926,50.07933725696112,bursting,bursting,74,82,16.0,16.0,0.2664335494524176,0.2662526683485348,0.4856608630193536,0.4851542790607412,27.616377334517786,27.581286320266404,,,
34.58567830264926,51.02375430003072,bursting,bursting,74,82,16.0,16.0,0.2657629255989912,0.26794013870300537,0.4850130953535744,0.486677211339579,27.629506430303582,27.524389356337213,,,
34.58567830264926,52.305808116447096,bursting,bursting,75,83,16.0,16.0,0.2615447290852884,0.26104769573248743,0.47928299264300606,0.47364183204660637,27.705833387215232,27.597015747067548,,,
34.58567830264926,52.53984467836355,bursting,bursting,75,82,16.0,16.0,0.2640739407033969,0.2602994026227479,0.48013443764253994,0.47599781041007205,27.61160252966456,27.6806061436506,,,
34.58567830264926,52.8462555449608,bursting,bursting,74,82,16.0,16.0,0.258820469163829,0.26330990661403664,0.47294740824820286,0.481370944449793,27.72033706434915,27.62570487396071,,,
34.58567830264926,53.201081461658184,bursting,bursting,75,82,16.0,16.0,0.26480802623962935,0.26276358936307703,0.48234613158402473,0.47870939945905844,27.614109697391473,27.603213428645258,,,
34.58567830264926,54.28223164775316,bursting,bursting,74,82,16.0,16.0,0.25877815635055845,0.2568617783099714,0.47321597577134206,0.46958277570378715,27.712335961545353,27.702929390160996,[-52.       -52.       -52.       ... -55.527397 -55.52716  -55.526924],[-52.       -52.       -52.       ... -55.670456 -55.670944 -55.67143 ],"[0.000000e+00 5.000000e-05 1.000000e-04 ... 9.999849e+00 9.999900e+00
 9.999949e+00]"
34.58567830264926,57.28937686253878,bursting,bursting,75,83,16.0,16.0,0.25586033742403247,0.2636127292860238,0.46929629021282593,0.48144046988589845,27.76804718856347,27.597623804165377,,,
35.72502321403998,39.00462398585954,bursting,bursting,78,83,16.0,16.0,0.274170416893329,0.27726827307218777,0.4945353840067256,0.5025251890751024,27.48001795025494,27.422619956741638,,,
35.72502321403998,44.17062526144672,bursting,bursting,74,83,16.0,16.0,0.2716015951947222,0.27098692617713566,0.4923440500221554,0.49149710016710896,27.534681439466443,27.51025008248182,,,
35.72502321403998,44.21787801655311,bursting,bursting,73,83,16.0,16.0,0.26915612332637273,0.2700683438257847,0.4913401302051345,0.4899198980966612,27.631981519576346,27.516786001489912,,,
35.72502321403998,44.39297493308039,bursting,bursting,74,83,16.0,16.0,0.2701744953321277,0.2743158834027364,0.4887824429346498,0.4957366646837198,27.514614290141605,27.440627603034727,,,
35.72502321403998,44.41090652794522,bursting,bursting,75,83,16.0,16.0,0.27213106639938617,0.27471842918369394,0.49496374390575887,0.4983554270906009,27.556605709419557,27.477980595342736,,,
35.72502321403998,44.6851439225174,bursting,bursting,74,83,16.0,16.0,0.27429139731476887,0.2739908982983773,0.49726504226752866,0.49465769687376326,27.499752934065842,27.413112384989514,,,
35.72502321403998,45.787885714675056,bursting,bursting,74,83,16.0,16.0,0.2643456920819,0.26494815389088094,0.48119721868007603,0.48454307587944556,27.641904995974464,27.658768355740765,,,
35.72502321403998,46.300099423249314,bursting,bursting,75,82,16.0,16.0,0.2655346820809247,0.2697994833312831,0.4816955684007708,0.4920654447041456,27.600145761320118,27.54838180771423,,,
35.72502321403998,47.39163038187516,bursting,bursting,73,83,16.0,16.0,0.26787510117981805,0.27050061050061047,0.49056881454045964,0.48840048840048855,27.654947531479312,27.467090660394966,,,
35.72502321403998,48.70189663111327,bursting,bursting,74,82,16.0,16.0,0.26657844080846965,0.26436947327950766,0.48123195380173245,0.4805843906189927,27.52429871050502,27.60229687335423,,,
35.72502321403998,49.856902694344555,bursting,bursting,75,82,16.0,16.0,0.2618309321629615,0.2656037000973707,0.47705371624844967,0.486854917234664,27.66396556106441,27.652213884844066,,,
35.72502321403998,50.00928939680185,bursting,bursting,74,82,16.0,16.0,0.267990922179653,0.26850203613840884,0.4880548573659678,0.48769782242922294,27.597384594352288,27.51097314249051,,,
35.72502321403998,50.07933725696112,bursting,bursting,75,82,16.0,16.0,0.2597017733665741,0.2594996908736384,0.4703890117126864,0.47557901745375003,27.625651797305913,27.729042479990586,,,
35.72502321403998,51.02375430003072,bursting,bursting,74,82,16.0,16.0,0.2623931213373041,0.2641943053438808,0.48035354020559123,0.48382804751191416,27.6935465792888,27.66193076497661,,,
35.72502321403998,52.305808116447096,bursting,bursting,74,82,16.0,16.0,0.26055181279310596,0.2610531841282716,0.47611112433642017,0.47720168929398005,27.700571505738072,27.662596635760455,,,
35.72502321403998,52.53984467836355,bursting,bursting,75,83,16.0,16.0,0.26166454983344933,0.26809383162057265,0.47928299264300606,0.4881978177557546,27.700075649934266,27.53775625338011,,,
35.72502321403998,52.8462555449608,bursting,bursting,75,83,16.0,16.0,0.2616140452279463,0.25825338600451464,0.48166076632227917,0.4702784048156508,27.74667310465691,27.665500278930566,,,
35.72502321403998,53.201081461658184,bursting,bursting,74,82,16.0,16.0,0.2578082643848856,0.25981268320583417,0.4714423779553544,0.47663306403565203,27.73165607882966,27.70387367185904,,,
35.72502321403998,54.28223164775316,bursting,bursting,74,82,16.0,16.0,0.26411631164565524,0.25923553277813344,0.48302178428247106,0.47452962251168523,27.657302873720294,27.69238179560647,,,
35.72502321403998,57.28937686253878,bursting,bursting,74,82,16.0,16.0,0.255926168837253,0.254635237119165,0.46847184484212484,0.4658529768005217,27.745108866501642,27.70970985135764,[-52.       -52.       -52.       ... -55.86411  -55.863926 -55.863743],[-52.       -52.       -52.       ... -53.607285 -53.609665 -53.61204 ],"[0.000000e+00 5.000000e-05 1.000000e-04 ... 9.999849e+00 9.999900e+00
 9.999949e+00]"
