tau_i,Vi_threshold,regime_A,regime_B,spike_count_A,spike_count_B,mean_spikes_per_burst_A,mean_spikes_per_burst_B,duty_cycle_A,duty_cycle_B,interburst_freq_A,interburst_freq_B,intraburst_freq_A,intraburst_freq_B,V_trace_A,V_trace_B,time
39.00462398585954,-22.914311639711332,bursting,bursting,77,83,16.0,16.0,0.27740681682280255,0.2768849504355665,0.49830576041459035,0.5006508460999297,27.402877237253147,27.4177255301527,[-52.       -52.       -52.       ... -51.186222 -51.13842  -51.08912 ],[-52.       -52.       -52.       ... -55.584366 -55.584286 -55.584206],"[0.000000e+00 5.000000e-05 1.000000e-04 ... 9.999849e+00 9.999900e+00
 9.999949e+00]"
39.00462398585954,-21.731662231386487,bursting,bursting,80,83,16.0,16.0,0.28446406246013334,0.2831184651304433,0.5102952057765417,0.5075626839914729,27.2768052993638,27.237182204803275,,,
39.00462398585954,-21.331019414577387,bursting,bursting,81,83,16.0,16.0,0.2841388423031968,0.28272966410360156,0.5082075519642222,0.5058680696074465,27.259102438621433,27.248213442703598,,,
39.00462398585954,-21.277755696486683,bursting,bursting,80,83,16.0,16.0,0.2790480752262585,0.28363497323476894,0.5041974437189605,0.5098139179199592,27.402862780793058,27.24976234527349,,,
39.00462398585954,-20.94074530858559,bursting,bursting,81,83,16.0,16.0,0.2795962834030403,0.2845503615439456,0.5008890781136518,0.5092168245238821,27.34618463101627,27.18963027448027,,,
39.00462398585954,-20.639342432714603,bursting,bursting,83,82,16.0,15.5,0.28229701367992505,0.28962144539032797,0.5057273623789416,0.5175045928532614,27.304180984891318,27.454095040742928,,,
39.00462398585954,-20.55028450245337,bursting,bursting,82,82,16.0,16.0,0.27991174405776764,0.2832999721286138,0.5014542172299669,0.5067524767527302,27.329918528441127,27.229199334993485,,,
39.00462398585954,-19.864841861022217,bursting,bursting,83,82,16.0,15.5,0.2823941179432948,0.28535289007001585,0.5036007453291029,0.5110645474523433,27.265876811339144,27.511009485959114,,,
39.00462398585954,-19.766628381718544,bursting,bursting,82,82,15.5,15.5,0.27002020631713275,0.26611449324589115,0.5317451877060511,0.5225615969482401,27.382345660714538,27.426730629354402,,,
39.00462398585954,-19.562622806541974,bursting,bursting,83,82,15.5,15.5,0.29584371108343693,0.2649741444274096,0.5188875051888752,0.519710001818985,27.34134193238642,27.483177469891697,,,
39.00462398585954,-19.552808902450636,bursting,bursting,84,82,15.5,15.5,0.29584371108343693,0.2649741444274096,0.5188875051888752,0.519710001818985,27.34134193238642,27.483177469891697,,,
39.00462398585954,-19.53567735386656,bursting,bursting,83,82,15.5,15.5,0.29584371108343693,0.2649741444274096,0.5188875051888752,0.519710001818985,27.34134193238642,27.483177469891697,,,
39.00462398585954,-19.421761202620033,bursting,bursting,86,81,15.5,15.5,0.29856396866840745,0.268098626683822,0.5221932114882508,0.5251687104482317,27.30254482358247,27.33780281923224,,,
39.00462398585954,-18.91369146338961,bursting,bursting,85,81,15.5,15.5,0.2678359488329156,0.2660187091226514,0.5274957140973231,0.5211454777601168,27.47162488505329,27.425685805458187,,,
39.00462398585954,-18.73742354832292,bursting,bursting,87,81,15.5,15.0,0.3047286862985249,0.27212153518123683,0.532509718302359,0.533049040511727,27.226886446536703,27.67740322228811,,,
39.00462398585954,-18.64217287385621,bursting,bursting,85,81,15.5,15.0,0.28997724451799733,0.26945710953239327,0.5171700455109639,0.5301664722722933,27.45854540775156,27.7597727581796,,,
39.00462398585954,-18.513491657593114,bursting,bursting,81,84,15.5,15.0,0.2677763753024088,0.2728369573960376,0.5259282633848744,0.5362361584041611,27.474401883126674,27.716296772449827,,,
39.00462398585954,-18.25714244410362,bursting,bursting,80,87,15.0,15.0,0.2737976827334066,0.2739795509757333,0.5376488615285356,0.5339170826770604,27.70596638275387,27.612332542654997,,,
39.00462398585954,-18.063443290817037,bursting,bursting,80,87,15.0,15.0,0.27384185196139044,0.2739795509757333,0.537735595407738,0.5339170826770604,27.70596638275387,27.612332542654997,,,
39.00462398585954,-17.01011737753121,bursting,bursting,86,81,16.0,15.5,0.28490979512791764,0.29301906233900066,0.5096320456630312,0.5151983513652755,27.190983478194546,27.341269598618798,,,
44.17062526144672,-22.914311639711332,bursting,bursting,75,82,16.0,16.0,0.2747564128057269,0.27053886925795073,0.4971167230065619,0.4907734589713388,27.465430372525436,27.516786001489912,,,
44.17062526144672,-21.731662231386487,bursting,bursting,75,83,16.0,16.0,0.2741365243404949,0.2745532932937924,0.49447425025341807,0.4984175243601564,27.44842383528909,27.452285971496348,[-52.       -52.       -52.       ... -53.268375 -53.26737  -53.26636 ],[-52.       -52.       -52.       ... -55.596996 -55.59685  -55.596703],"[0.000000e+00 5.000000e-05 1.000000e-04 ... 9.999849e+00 9.999900e+00
 9.999949e+00]"
44.17062526144672,-21.331019414577387,bursting,bursting,76,83,16.0,16.0,0.2773042021848363,0.27833170902366516,0.49996250281228893,0.49978759027413333,27.394022601320103,27.307898944247963,,,
44.17062526144672,-21.277755696486683,bursting,bursting,75,83,16.0,16.0,0.2756298762609947,0.27527116041800787,0.49694379565671126,0.4952701698776683,27.42569079464829,27.37236962480046,,,
44.17062526144672,-20.94074530858559,bursting,bursting,76,83,16.0,16.0,0.27834586466165423,0.2751052761951945,0.5012531328320801,0.4954173891503593,27.380653010820666,27.383552959073185,,,
44.17062526144672,-20.639342432714603,bursting,bursting,76,82,16.0,16.0,0.27518524943619727,0.27260172626387164,0.49565066541101843,0.49321824907521583,27.42151861204468,27.463346179944168,,,
44.17062526144672,-20.55028450245337,bursting,bursting,76,83,16.0,16.0,0.2751045248756835,0.2738194888965482,0.4947923109274882,0.49239253532916444,27.40780240324248,27.39881030191583,,,
44.17062526144672,-19.864841861022217,bursting,bursting,78,82,16.0,16.0,0.2773711687857516,0.2798545160638515,0.4995878400319736,0.5051525560719339,27.382545389479567,27.30707545426617,,,
44.17062526144672,-19.766628381718544,bursting,bursting,76,83,16.0,16.0,0.2740440756292081,0.27676526242406113,0.49690675544734025,0.49795837068021104,27.485284728584073,27.355171129624413,,,
44.17062526144672,-19.562622806541974,bursting,bursting,79,82,16.0,16.0,0.27997621230517655,0.2729582398066156,0.49557697549371854,0.4933277422855874,27.25044778547142,27.45041012971505,,,
44.17062526144672,-19.552808902450636,bursting,bursting,79,79,15.5,15.5,0.2896364342088237,0.26369978474545497,0.51753137533963,0.5186856505614772,27.46288370500956,27.50076881335827,,,
44.17062526144672,-19.53567735386656,bursting,bursting,79,81,16.0,15.5,0.2774379543745299,0.2831431416098644,0.501378791677112,0.510581807970182,27.415824068425202,27.565823310473142,,,
44.17062526144672,-19.421761202620033,bursting,bursting,81,81,15.5,15.5,0.26735380732015157,0.25907237512742104,0.5258729490954983,0.5096839959225279,27.466323396118202,27.570662482580197,,,
44.17062526144672,-18.91369146338961,bursting,bursting,79,83,16.0,16.0,0.2771601375260371,0.2821075464083941,0.5019198434010088,0.5044390637610976,27.42732669993286,27.218624483754542,,,
44.17062526144672,-18.73742354832292,bursting,bursting,81,83,15.5,15.5,0.2612619561863621,0.2659953685634742,0.5142445747197366,0.5203861265058674,27.570597910561403,27.409789071983656,,,
44.17062526144672,-18.64217287385621,bursting,bursting,83,80,16.0,15.5,0.2785921571545503,0.2842175201880813,0.49606865590197674,0.5110906674844118,27.285034013816286,27.529121446875138,,,
44.17062526144672,-18.513491657593114,bursting,bursting,83,78,16.0,15.5,0.2825738900607387,0.26119288168624055,0.508272128897812,0.5128468126570592,27.272016191628666,27.523337251843603,,,
44.17062526144672,-18.25714244410362,bursting,bursting,84,76,15.0,16.0,0.2545684676845185,0.2757039947609692,0.5273844368852674,0.5037529595486373,27.230610477798827,27.4858950842606,,,
44.17062526144672,-18.063443290817037,bursting,bursting,80,82,15.5,15.5,0.28997961342933076,0.2625907646192411,0.5161157131428866,0.5168092198764824,27.434873273145673,27.52229296800047,,,
44.17062526144672,-17.01011737753121,bursting,bursting,82,81,16.0,15.5,0.2839190250576401,0.2625719967972724,0.5067267982467254,0.5165689490404732,27.20573558119485,27.49843095254717,,,
44.21787801655311,-22.914311639711332,bursting,bursting,75,83,16.0,16.0,0.2717190388170054,0.273580921624643,0.4929143561306224,0.49683269159110677,27.528194516918024,27.480802300943378,,,
44.21787801655311,-21.731662231386487,bursting,bursting,83,76,16.0,16.0,0.2738850346878096,0.276713622021813,0.4955401387512389,0.4968820650418623,27.480107486273756,27.35441987510792,,,
44.21787801655311,-21.331019414577387,bursting,bursting,83,76,16.0,16.0,0.27480175992443245,0.2758159576048733,0.49715379452633673,0.4952701698776683,27.45965200948927,27.36258266729183,[-52.       -52.       -52.       ... -55.692993 -55.692966 -55.69294 ],[-52.       -52.       -52.       ... -61.9251   -61.870445 -61.816055],"[0.000000e+00 5.000000e-05 1.000000e-04 ... 9.999849e+00 9.999900e+00
 9.999949e+00]"
44.21787801655311,-21.277755696486683,bursting,bursting,83,76,16.0,16.0,0.27355059015663263,0.27589110995516564,0.49489025808526965,0.49540511753486405,27.479406911802695,27.35933491577646,,,
44.21787801655311,-20.94074530858559,bursting,bursting,83,77,16.0,16.0,0.279726628502257,0.28326625661275223,0.5043754570902581,0.5062394006125497,27.347247381790236,27.19239709073725,,,
44.21787801655311,-20.639342432714603,bursting,bursting,77,82,16.0,16.0,0.27847974328118735,0.27419872982924326,0.501403931006819,0.4942298663108212,27.371803349280242,27.405784844758617,,,
44.21787801655311,-20.55028450245337,bursting,bursting,76,83,16.0,16.0,0.2780044556809934,0.2793967088670812,0.5006383138501589,0.4994131895023348,27.381323023530793,27.26764674668101,,,
44.21787801655311,-19.864841861022217,bursting,bursting,78,83,16.0,16.0,0.2825435215277255,0.28147217686220316,0.5038671806111908,0.5024494410249968,27.231875630782984,27.247296444104215,,,
44.21787801655311,-19.766628381718544,bursting,bursting,77,83,16.0,16.0,0.28260760004031826,0.279701425468707,0.5039814534825118,0.49928851386773837,27.228570571399533,27.276474343656748,,,
44.21787801655311,-19.562622806541974,bursting,bursting,77,83,16.0,16.0,0.28047713121108303,0.27974648524936474,0.5001375378229013,0.503005457609215,27.26929934875308,27.276863072561763,,,
44.21787801655311,-19.552808902450636,bursting,bursting,78,83,16.0,16.0,0.2819539420756235,0.27948066188197745,0.502815768302494,0.4984051036682615,27.2490066758896,27.269874630727575,,,
44.21787801655311,-19.53567735386656,bursting,bursting,78,83,16.0,16.0,0.2800918989111977,0.2792036280275092,0.4994506043352313,0.4983554270906011,27.278996088993058,27.28034797262091,,,
44.21787801655311,-19.421761202620033,bursting,bursting,76,83,16.0,16.0,0.27705929168324733,0.2743802879620012,0.4974134500596897,0.49478007025876986,27.368990355019356,27.396716138715806,,,
44.21787801655311,-18.91369146338961,bursting,bursting,79,82,16.0,16.0,0.2811610269848069,0.2816510053551582,0.5039179621557611,0.5052035970496109,27.283153557390005,27.24612058073368,,,
44.21787801655311,-18.73742354832292,bursting,bursting,83,79,16.0,15.5,0.2814727437004319,0.2599668409641629,0.5019576347756248,0.5101390128810102,27.26181965616273,27.52752358322169,,,
44.21787801655311,-18.64217287385621,bursting,bursting,80,82,16.0,16.0,0.28169014084507055,0.28478810483366296,0.5021214631819436,0.5006383138501588,27.246691611215297,27.129207191246053,,,
44.21787801655311,-18.513491657593114,bursting,bursting,78,82,16.0,16.0,0.27988966900702134,0.27892795302266077,0.501504513540622,0.5018946523124794,27.316927379195672,27.30024806101795,,,
44.21787801655311,-18.25714244410362,bursting,bursting,79,83,16.0,16.0,0.2807850824286289,0.2790183061758199,0.5026135906714917,0.5029169181251258,27.260479530611867,27.325941604138613,,,
44.21787801655311,-18.063443290817037,bursting,bursting,81,82,16.0,15.5,0.28380870575752226,0.26501766784452313,0.505267412778213,0.5196424859696529,27.206090068321206,27.40407462661485,,,
44.21787801655311,-17.01011737753121,bursting,bursting,83,80,15.5,15.5,0.26631573433899036,0.2613545816733068,0.5237795935470355,0.514072741292893,27.472338016179883,27.532083427260922,,,
44.39297493308039,-22.914311639711332,bursting,bursting,75,83,16.0,16.0,0.2705189547294813,0.2726956002389011,0.490737332842596,0.4977105315548475,27.53853894752579,27.546827493718823,,,
44.39297493308039,-21.731662231386487,bursting,bursting,76,82,16.0,16.0,0.27669588604442663,0.27508122721297645,0.49805757545572266,0.4960440487115256,27.40357075564813,27.39536937001798,,,
44.39297493308039,-21.331019414577387,bursting,bursting,75,82,16.0,16.0,0.27502774694783577,0.2718341150333248,0.49327907263534354,0.4937052579609973,27.396738530180013,27.496333981633605,,,
44.39297493308039,-21.277755696486683,bursting,bursting,77,82,16.0,16.0,0.27834871539037187,0.2720759624113649,0.4988775255674733,0.4907132517113623,27.341945892061926,27.45214669027055,[-52.       -52.       -52.       ... -88.96817  -88.780624 -88.59401 ],[-52.       -52.       -52.       ... -55.669025 -55.669846 -55.670578],"[0.000000e+00 5.000000e-05 1.000000e-04 ... 9.999849e+00 9.999900e+00
 9.999949e+00]"
44.39297493308039,-20.94074530858559,bursting,bursting,75,83,16.0,16.0,0.2750538793103448,0.27270489179940444,0.48981191222570525,0.4923804131071664,27.348483465279738,27.44475806732369,,,
44.39297493308039,-20.639342432714603,bursting,bursting,83,77,16.0,16.0,0.27612162766433174,0.2845317767825694,0.4968450340338847,0.5031952900920846,27.399281049623152,27.14992411280262,,,
44.39297493308039,-20.55028450245337,bursting,bursting,83,78,16.0,16.0,0.27627948596853197,0.2845317767825694,0.49712907956550906,0.5031952900920846,27.389241825956542,27.14992411280262,,,
44.39297493308039,-19.864841861022217,bursting,bursting,78,82,16.0,16.0,0.28197417300548383,0.27744451109778073,0.5054206363245811,0.4999000199960008,27.264808558117675,27.3559657607834,,,
44.39297493308039,-19.766628381718544,bursting,bursting,78,82,16.0,16.0,0.28013053847119385,0.27690168127747294,0.5020710430525919,0.4966846300941217,27.31012107964124,27.32129216291827,,,
44.39297493308039,-19.562622806541974,bursting,bursting,80,81,16.0,16.0,0.27713591510884117,0.27469288686348325,0.4958595725690485,0.4953437685753914,27.35234763332334,27.390092804256028,,,
44.39297493308039,-19.552808902450636,bursting,bursting,80,81,16.0,16.0,0.2814553695077428,0.2808172358793896,0.5035880649628602,0.506341932707157,27.27554437549655,27.30276872316554,,,
44.39297493308039,-19.53567735386656,bursting,bursting,78,82,16.0,16.0,0.2773326056215734,0.27556974018850044,0.49616710908233885,0.4986785019697801,27.33763460854724,27.417799302342285,,,
44.39297493308039,-19.421761202620033,bursting,bursting,84,80,15.0,15.5,0.27052844446809676,0.2672447772960192,0.5321696556862329,0.5255551175929575,27.7327140471417,27.40290006890424,,,
44.39297493308039,-18.91369146338961,bursting,bursting,83,76,16.0,15.5,0.2777388694347174,0.2587360973250873,0.5002501250625311,0.5090224224377083,27.382545389479557,27.567884787622116,,,
44.39297493308039,-18.73742354832292,bursting,bursting,82,79,16.0,16.0,0.28078892663387917,0.2868730634556764,0.5070222582771384,0.5038164093004509,27.3196747743276,27.07664228913388,,,
44.39297493308039,-18.64217287385621,bursting,bursting,83,78,16.0,15.5,0.28306400305382357,0.26194954778530777,0.5089706069474489,0.5153443788811872,27.26260897490785,27.49501192559875,,,
44.39297493308039,-18.513491657593114,bursting,bursting,83,79,16.0,15.5,0.28409723980754625,0.25828788839568806,0.5064573309698658,0.5072923272035512,27.199660888083653,27.559325360709455,,,
44.39297493308039,-18.25714244410362,bursting,bursting,83,78,16.0,15.5,0.27825742770205053,0.25629215745494843,0.49476783019568077,0.5033725963958523,27.29157242139689,27.58675741372945,,,
44.39297493308039,-18.063443290817037,bursting,bursting,83,80,15.5,15.5,0.2680374324502438,0.2634163995450316,0.5272176090681429,0.5170096163788648,27.396210441105634,27.484208414383133,,,
44.39297493308039,-17.01011737753121,bursting,bursting,81,82,15.5,15.5,0.2588433035373216,0.2648934515476748,0.5093335370667481,0.518483952921657,27.60193588716484,27.452629606044155,,,
44.41090652794522,-22.914311639711332,bursting,bursting,75,83,16.0,16.0,0.27452727452727455,0.2725860155382907,0.49500049500049487,0.4932790726353433,27.447845465008342,27.455487918280177,,,
44.41090652794522,-21.731662231386487,bursting,bursting,75,82,16.0,16.0,0.27110094000689017,0.2749252243270188,0.4921502042423348,0.4985044865403788,27.53621853683699,27.45199622132383,,,
44.41090652794522,-21.331019414577387,bursting,bursting,77,82,16.0,16.0,0.27426867437218133,0.27710571227788355,0.49289006087192233,0.501957634775625,27.42039310763398,27.39882663982751,,,
44.41090652794522,-21.277755696486683,bursting,bursting,78,82,16.0,16.0,0.2789572628148892,0.278138744502199,0.5013159543802481,0.4998000799680128,27.353769319775274,27.315105665438743,,,
44.41090652794522,-20.94074530858559,bursting,bursting,76,83,16.0,16.0,0.2784899210777659,0.27571924603174625,0.5026893882270144,0.49603174603174605,27.385676282375066,27.372385459109587,[-52.       -52.       -52.       ... -73.687004 -73.57494  -73.46344 ],[-52.       -52.       -52.       ... -55.5995   -55.599495 -55.59949 ],"[0.000000e+00 5.000000e-05 1.000000e-04 ... 9.999849e+00 9.999900e+00
 9.999949e+00]"
44.41090652794522,-20.639342432714603,bursting,bursting,78,82,16.0,16.0,0.2769995032290115,0.27760482048707014,0.49677098857426716,0.5021340697966357,27.369406981835102,27.371576925629025,,,
44.41090652794522,-20.55028450245337,bursting,bursting,77,82,16.0,16.0,0.28044030057048097,0.27268233607671566,0.5026262220100023,0.49430315612565195,27.29050992053344,27.483450666875708,,,
44.41090652794522,-19.864841861022217,bursting,bursting,78,82,16.0,16.0,0.27950871036470754,0.27696139476961407,0.5013159543802481,0.4981320049813202,27.325889698690567,27.349494267422916,,,
44.41090652794522,-19.766628381718544,bursting,bursting,79,82,16.0,16.0,0.28062007700631647,0.2795960915324909,0.5033092583738077,0.502373715807189,27.29660826775672,27.294832589496163,,,
44.41090652794522,-19.562622806541974,bursting,bursting,78,82,15.5,16.0,0.2595817480785437,0.2795274607257925,0.510686106784465,0.4995129748495215,27.592760609159363,27.267117563883797,,,
44.41090652794522,-19.552808902450636,bursting,bursting,79,82,15.5,16.0,0.25752355861789455,0.28163316582914544,0.506636943965954,0.5025125628140703,27.62384365175606,27.21307366646587,,,
44.41090652794522,-19.53567735386656,bursting,bursting,81,81,15.5,15.5,0.2575235586178943,0.2847511956853568,0.5066369439659539,0.5088022794342116,27.623843651756086,27.481618720550763,,,
44.41090652794522,-19.421761202620033,bursting,bursting,78,82,16.0,16.0,0.2812080706817547,0.2788456725234019,0.5063162957899799,0.5005756620113128,27.314587320790626,27.30525124297254,,,
44.41090652794522,-18.91369146338961,bursting,bursting,80,82,15.5,16.0,0.26077812828601465,0.28465071673733094,0.5129388833320508,0.5047445992327881,27.579775590934442,27.11935840367507,,,
44.41090652794522,-18.73742354832292,bursting,bursting,82,81,16.0,15.5,0.28045624701655675,0.26117797695262485,0.5024746878376002,0.5121638924455827,27.31108149047018,27.513557186330534,,,
44.41090652794522,-18.64217287385621,bursting,bursting,83,80,16.0,15.5,0.2851738059568852,0.2616752960475729,0.5078333291013889,0.51263648946532,27.153502808989117,27.47677724792253,,,
44.41090652794522,-18.513491657593114,bursting,bursting,82,80,16.0,16.0,0.277858942065491,0.2808133105458933,0.503778337531486,0.5026641198351262,27.425954588637254,27.21831870159233,,,
44.41090652794522,-18.25714244410362,bursting,bursting,82,80,16.0,15.5,0.2785592283733548,0.25392781316348184,0.5023610971566362,0.4995628824778319,27.35679614526759,27.64986548147538,,,
44.41090652794522,-18.063443290817037,bursting,bursting,83,77,16.0,15.5,0.2766895322057404,0.25738588896483633,0.4952824348084495,0.5063162957899799,27.351585309438615,27.60432638879363,,,
44.41090652794522,-17.01011737753121,bursting,bursting,81,81,15.5,15.0,0.2654272769879704,0.26964891811624986,0.520751965838671,0.5303351718285956,27.459913739135047,27.72760544268832,,,
44.6851439225174,-22.914311639711332,bursting,bursting,75,83,16.0,16.0,0.27349266702878855,0.2737312321627994,0.49380277517159643,0.4963394962154115,27.465312997853392,27.461551844383724,,,
44.6851439225174,-21.731662231386487,bursting,bursting,83,75,16.0,16.0,0.2720913562547889,0.273462223101266,0.4943520280791952,0.4944620253164558,27.53074745581122,27.447532891690223,,,
44.6851439225174,-21.331019414577387,bursting,bursting,76,83,16.0,16.0,0.27799795608066014,0.2759985069055616,0.49851691218624594,0.4976981460744057,27.35722899513618,27.37659911054412,,,
44.6851439225174,-21.277755696486683,bursting,bursting,77,82,16.0,16.0,0.27387870660110253,0.2765255634964266,0.4966969651815428,0.49977510120445784,27.481737143999982,27.39712936343267,,,
44.6851439225174,-20.94074530858559,bursting,bursting,76,83,16.0,16.0,0.2767452289600875,0.2766095114849562,0.4982809307887787,0.49772291765174326,27.395727842575457,27.356482082372434,,,
44.6851439225174,-20.639342432714603,bursting,bursting,75,83,16.0,16.0,0.2763550472401793,0.27254405584093194,0.49726504226752855,0.49155749993855513,27.399971676913005,27.42974631795739,[-52.       -52.       -52.       ... -53.138607 -53.137375 -53.136143],[-52.       -52.       -52.       ... -55.57792  -55.577774 -55.577625],"[0.000000e+00 5.000000e-05 1.000000e-04 ... 9.999849e+00 9.999900e+00
 9.999949e+00]"
44.6851439225174,-20.55028450245337,bursting,bursting,77,83,16.0,16.0,0.28026809786580004,0.2729844065128632,0.5039433567666995,0.49190811156475955,27.321292162918265,27.433192483998607,,,
44.6851439225174,-19.864841861022217,bursting,bursting,78,83,16.0,16.0,0.2818039039712811,0.2762363695074393,0.4985914790716226,0.4967833279515139,27.22203029380069,27.354214248818966,,,
44.6851439225174,-19.766628381718544,bursting,bursting,79,82,16.0,15.5,0.2806251724743482,0.281904471079217,0.5017435588670629,0.5089447031580018,27.28630470443856,27.580103593001162,,,
44.6851439225174,-19.562622806541974,bursting,bursting,76,83,16.0,16.0,0.2802200550137533,0.27903412231770436,0.5001250312578144,0.5025378159706517,27.280413068844915,27.305277640782684,,,
44.6851439225174,-19.552808902450636,bursting,bursting,77,83,16.0,16.0,0.28046480042254573,0.27720278325061753,0.5030307603309941,0.4987904331994912,27.316848434824603,27.32044076222476,,,
44.6851439225174,-19.53567735386656,bursting,bursting,77,83,16.0,16.0,0.28046480042254573,0.27720278325061753,0.5030307603309941,0.4987904331994912,27.316848434824603,27.32044076222476,,,
44.6851439225174,-19.421761202620033,bursting,bursting,77,83,16.0,16.0,0.2804789093744498,0.2772096967278534,0.503056065598511,0.498802873104549,27.316848434824593,27.32044076222476,,,
44.6851439225174,-18.91369146338961,bursting,bursting,78,83,16.0,16.0,0.2814200045545407,0.2819064430714917,0.5060600693302294,0.5043500189131257,27.29501506578415,27.2020717648271,,,
44.6851439225174,-18.73742354832292,bursting,bursting,79,82,16.0,16.0,0.28175473579262206,0.2797259169689642,0.4985044865403788,0.5038291011688836,27.222030293800685,27.28909165927264,,,
44.6851439225174,-18.64217287385621,bursting,bursting,77,83,16.0,16.0,0.27975923991444074,0.2737697672134369,0.4974381933044819,0.4911108928396032,27.266695645405086,27.371294009276248,,,
44.6851439225174,-18.513491657593114,bursting,bursting,79,82,16.0,16.0,0.2798678884501725,0.2762588488380819,0.4966599617571829,0.5002876654076094,27.25130015188699,27.397145618523556,,,
44.6851439225174,-18.25714244410362,bursting,bursting,83,80,15.5,15.5,0.26579833468194536,0.2582747863139473,0.5220432773876954,0.5072665939584549,27.47656737138274,27.574316054943388,,,
44.6851439225174,-18.063443290817037,bursting,bursting,81,81,15.5,15.5,0.2685461114480867,0.25699071269937407,0.5274400696220892,0.5047445992327881,27.36935024678347,27.586757413729476,,,
44.6851439225174,-17.01011737753121,bursting,bursting,80,82,15.5,16.0,0.2622141037845068,0.28208271824255043,0.5145488692788597,0.5004128405934896,27.521346542429722,27.18429077616836,,,
45.787885714675056,-22.914311639711332,bursting,bursting,75,82,16.0,16.0,0.272930429016969,0.2747436441206557,0.49114707399130664,0.4989895461690077,27.4472764759098,27.463937577879793,,,
45.787885714675056,-21.731662231386487,bursting,bursting,75,83,16.0,16.0,0.27298269827968663,0.27501370955680726,0.4929265046581554,0.498529338451568,27.467521502004093,27.432244111449588,,,
45.787885714675056,-21.331019414577387,bursting,bursting,83,75,15.0,16.0,0.2483202250117194,0.2736169362891952,0.520860461482369,0.4993009786299182,27.451623054269294,27.513802143694218,,,
45.787885714675056,-21.277755696486683,bursting,bursting,84,75,15.0,16.0,0.2561749799946652,0.2717027863777092,0.5334755934915977,0.4953560371517026,27.2324324921038,27.536583855715254,,,
45.787885714675056,-20.94074530858559,bursting,bursting,84,75,15.0,16.0,0.24953363042802362,0.2682129782058526,0.5181884133070785,0.49141256541929773,27.358961002665456,27.623300304398374,,,
45.787885714675056,-20.639342432714603,bursting,bursting,84,75,15.0,16.0,0.25257271868108794,0.2769379303335958,0.5250446287934474,0.5081429914377906,27.304500094993305,27.513156526223515,,,
45.787885714675056,-20.55028450245337,bursting,bursting,84,75,15.0,16.0,0.25316255534471854,0.2733426587400707,0.5270925574530886,0.4995753609431984,27.306607966569466,27.536433624170602,[-52.       -52.       -52.       ... -55.94167  -55.941555 -55.941444],[-52.       -52.       -52.       ... -54.245728 -54.2454   -54.245075],"[0.000000e+00 5.000000e-05 1.000000e-04 ... 9.999849e+00 9.999900e+00
 9.999949e+00]"
45.787885714675056,-19.864841861022217,bursting,bursting,83,75,14.5,16.0,0.2574111729452053,0.2795679660105961,0.5351027397260273,0.511888613037803,27.52791549975834,27.435171533470868,,,
45.787885714675056,-19.766628381718544,bursting,bursting,84,75,15.0,16.0,0.2503511053315995,0.2723839535814326,0.5201560468140441,0.5002000800320128,27.32708284132963,27.590593338738568,,,
45.787885714675056,-19.562622806541974,bursting,bursting,77,82,16.0,16.0,0.2773264857657835,0.2748629795715,0.4938149675316659,0.49825610363726963,27.309306325449832,27.42707188105803,,,
45.787885714675056,-19.552808902450636,bursting,bursting,77,82,16.0,16.0,0.2794956469528669,0.27481957292725884,0.5003502451716201,0.4960194439622033,27.30503274788432,27.386272002664928,,,
45.787885714675056,-19.53567735386656,bursting,bursting,75,82,16.0,16.0,0.2704350370659381,0.26992180797607673,0.48770971517752626,0.4902321249111453,27.477722723959964,27.528924726415124,,,
45.787885714675056,-19.421761202620033,bursting,bursting,78,81,16.0,15.5,0.2831707379199674,0.2555105939125845,0.5094373264729107,0.5026767537135243,27.271354410648073,27.616300551048624,,,
45.787885714675056,-18.91369146338961,bursting,bursting,80,81,16.0,16.0,0.2824333800841515,0.27546256268372815,0.5009016229212583,0.494058941231689,27.21558176871972,27.346518494196662,,,
45.787885714675056,-18.73742354832292,bursting,bursting,80,82,16.0,16.0,0.2862399756369912,0.2826453028524776,0.5075626839914729,0.5102821860488849,27.07160936616797,27.219672958060258,,,
45.787885714675056,-18.64217287385621,bursting,bursting,79,82,16.0,16.0,0.2782405450431411,0.2753173203507289,0.49730213591267375,0.4967833279515139,27.312151196203125,27.37887993695787,,,
45.787885714675056,-18.513491657593114,bursting,bursting,78,82,16.0,16.0,0.27890883562330737,0.278109627547435,0.5014542172299669,0.5019576347756248,27.32569390631857,27.345827733230553,,,
45.787885714675056,-18.25714244410362,bursting,bursting,80,81,15.5,15.5,0.259255487090696,0.2829538835566137,0.5092427560217957,0.5064958087471828,27.577891375021036,27.502619099847603,,,
45.787885714675056,-18.063443290817037,bursting,bursting,81,80,15.5,15.5,0.26610475617098117,0.2898042206966695,0.5235190953590032,0.5085176709890669,27.482027528380275,27.343721101798163,,,
45.787885714675056,-17.01011737753121,bursting,bursting,81,81,15.5,15.5,0.28646775549723547,0.28758659911074325,0.5095930899177008,0.5170096163788648,27.444419116159988,27.484295507680553,,,
46.300099423249314,-22.914311639711332,bursting,bursting,75,82,16.0,16.0,0.2707409675443969,0.27039649959440554,0.48989589712186155,0.49162999926255485,27.512713730081867,27.52667097660547,,,
46.300099423249314,-21.731662231386487,bursting,bursting,75,83,16.0,16.0,0.27365716262291834,0.27121178691378023,0.49414438899046303,0.4903042337770586,27.449749586921733,27.455219680455492,,,
46.300099423249314,-21.331019414577387,bursting,bursting,75,83,16.0,16.0,0.2746954677713663,0.2745814080588264,0.4931696010257927,0.4968450340338849,27.400811432085483,27.407614135123705,,,
46.300099423249314,-21.277755696486683,bursting,bursting,75,83,16.0,16.0,0.27515172447821573,0.2687618861852054,0.4934129372872157,0.487638367386746,27.377950433953963,27.528400936163088,,,
46.300099423249314,-20.94074530858559,bursting,bursting,75,83,16.0,16.0,0.277191235059761,0.2730898973235171,0.49800796812749015,0.4924531553935933,27.36575661429175,27.43003115932998,,,
46.300099423249314,-20.639342432714603,bursting,bursting,75,83,16.0,16.0,0.2766136622578888,0.2775987918449534,0.49536830633576057,0.5033979360684621,27.351438819622604,27.384072096344937,,,
46.300099423249314,-20.55028450245337,bursting,bursting,76,83,16.0,16.0,0.2766410701015607,0.27391034397119085,0.4954173891503592,0.49670930088165893,27.351438819622604,27.44852785448301,,,
46.300099423249314,-19.864841861022217,bursting,bursting,76,82,16.0,16.0,0.2801682060524142,0.27485236823405473,0.5006132512327601,0.49006395334591174,27.28768039019175,27.308458356104317,[-52.       -52.       -52.       ... -54.700985 -54.67753  -54.654137],[-52.       -52.       -52.       ... -55.57382  -55.573772 -55.573727],"[0.000000e+00 5.000000e-05 1.000000e-04 ... 9.999849e+00 9.999900e+00
 9.999949e+00]"
46.300099423249314,-19.766628381718544,bursting,bursting,77,82,16.0,16.0,0.2765115700422992,0.2732138012676645,0.49763622791739226,0.4932547414112018,27.378065859464886,27.420362507186873,,,
46.300099423249314,-19.562622806541974,bursting,bursting,79,82,16.0,16.0,0.2779650016226065,0.27777085772651405,0.4992635862103398,0.49824369098926274,27.354423290258314,27.285165902368202,,,
46.300099423249314,-19.552808902450636,bursting,bursting,76,82,16.0,16.0,0.277982627632458,0.2717943682026859,0.49493924620752805,0.49100238136154944,27.285959087300686,27.459861734599396,,,
46.300099423249314,-19.53567735386656,bursting,bursting,78,82,16.0,16.0,0.28252063395614985,0.28156399066274235,0.5063547521393488,0.5074596569572719,27.23726520272883,27.254454093114074,,,
46.300099423249314,-19.421761202620033,bursting,bursting,76,82,16.0,16.0,0.2795938831787415,0.27321745125073865,0.5013787916771122,0.49241678156391566,27.29432202780314,27.42492744394233,,,
46.300099423249314,-18.91369146338961,bursting,bursting,79,82,16.0,16.0,0.2809788486205074,0.2779977942650891,0.5030054576092151,0.5013033888109082,27.262928506580227,27.339183537303043,,,
46.300099423249314,-18.73742354832292,bursting,bursting,82,81,15.5,16.0,0.2609542356377801,0.2824456302859447,0.5124788602470147,0.5034232782923881,27.53544420696863,27.191732104591427,,,
46.300099423249314,-18.64217287385621,bursting,bursting,77,82,16.0,16.0,0.2771287965402395,0.2783549455271606,0.4970920117313715,0.5055483936199792,27.342191102726783,27.36754674242832,,,
46.300099423249314,-18.513491657593114,bursting,bursting,80,81,16.0,16.0,0.2845643341997022,0.279378658262044,0.5046809154911807,0.5002751513332333,27.17972583198378,27.254221498599634,,,
46.300099423249314,-18.25714244410362,bursting,bursting,78,83,16.0,16.0,0.28407130534790104,0.27751841218324785,0.500037502812711,0.49931344401448013,27.15950201675314,27.326782863308324,,,
46.300099423249314,-18.063443290817037,bursting,bursting,78,82,16.0,16.0,0.28112958831879936,0.2800758533501895,0.5069965524234434,0.5056890012642224,27.28595908730068,27.30662029290705,,,
46.300099423249314,-17.01011737753121,bursting,bursting,77,86,16.0,14.5,0.2811002615970366,0.26091155404136596,0.5180139345748401,0.5365238618987579,27.464378531063055,27.36603042466406,,,
47.39163038187516,-22.914311639711332,bursting,bursting,75,82,16.0,16.0,0.2664560167876698,0.2673144360023377,0.48240430304638315,0.48704461328657694,27.571459218059903,27.57198378208979,,,
47.39163038187516,-21.731662231386487,bursting,bursting,75,82,16.0,16.0,0.27252725519764687,0.2709190672153635,0.49442535413215993,0.48990789731530476,27.50360154052463,27.453963847096976,,,
47.39163038187516,-21.331019414577387,bursting,bursting,75,82,16.0,16.0,0.27259237275560183,0.27021883920076106,0.49463322946035504,0.4879357876503452,27.505944534577154,27.455352899966098,,,
47.39163038187516,-21.277755696486683,bursting,bursting,75,82,16.0,16.0,0.27268678871845636,0.2704563768222111,0.4948045522018802,0.48836471076599985,27.503182174085744,27.449075219127312,,,
47.39163038187516,-20.94074530858559,bursting,bursting,75,82,16.0,16.0,0.26973539544088565,0.27017750318721195,0.4886510786972562,0.49034029616553876,27.518688537223873,27.513721006207852,,,
47.39163038187516,-20.639342432714603,bursting,bursting,75,82,16.0,16.0,0.2730087180503266,0.2774212953679567,0.4953437685753913,0.5013033888109084,27.488737691123177,27.353317633680103,,,
47.39163038187516,-20.55028450245337,bursting,bursting,75,82,16.0,16.0,0.2710222943244104,0.2699275362318838,0.491605830445149,0.4896200548374462,27.517656515860857,27.508636588014973,,,
47.39163038187516,-19.864841861022217,bursting,bursting,75,82,16.0,16.0,0.2735269546415057,0.26900285317140965,0.4914246400314512,0.4877216085058649,27.395170961349873,27.513575728198933,,,
47.39163038187516,-19.766628381718544,bursting,bursting,82,78,16.0,16.0,0.27263147576336827,0.2804774931609052,0.49012400137234713,0.4973887092762994,27.429337869264387,27.200158147697504,[-52.       -52.       -52.       ... -55.85087  -55.850918 -55.850967],[-52.       -52.       -52.       ... -73.808105 -73.695526 -73.5835  ],"[0.000000e+00 5.000000e-05 1.000000e-04 ... 9.999849e+00 9.999900e+00
 9.999949e+00]"
47.39163038187516,-19.562622806541974,bursting,bursting,76,82,16.0,16.0,0.2788591782471277,0.27709433210479145,0.5016806301108715,0.49805757545572277,27.332912619735193,27.334963929198558,,,
47.39163038187516,-19.552808902450636,bursting,bursting,75,82,16.0,16.0,0.2700434294637192,0.2730854042268527,0.48797150246425597,0.49552786105398783,27.497736651768697,27.45620275119664,,,
47.39163038187516,-19.53567735386656,bursting,bursting,77,83,16.0,16.0,0.2797711258807655,0.2763017538637095,0.49972515116685823,0.4961424921237379,27.291269321909628,27.332031960580423,,,
47.39163038187516,-19.421761202620033,bursting,bursting,76,82,16.0,16.0,0.27748874437218624,0.27383412042502925,0.5002501250625311,0.4919323101141283,27.37979104930762,27.37063604295377,,,
47.39163038187516,-18.91369146338961,bursting,bursting,75,82,16.0,16.0,0.27793474184273054,0.2723878764061502,0.5000625078134765,0.4912315174141572,27.353449696622352,27.41961261067945,,,
47.39163038187516,-18.73742354832292,bursting,bursting,79,81,16.0,15.5,0.28077088227122343,0.2816068618992032,0.505165315349448,0.507536923311171,27.290274870516676,27.56456297022656,,,
47.39163038187516,-18.64217287385621,bursting,bursting,79,81,16.0,15.5,0.2807779742359183,0.2815997157865354,0.505178075271533,0.5075240439515822,27.29027487051668,27.56456297022656,,,
47.39163038187516,-18.513491657593114,bursting,bursting,76,82,16.0,16.0,0.2810051064260076,0.27653318049291037,0.5055867334041155,0.4983926835954048,27.276665212244726,27.34868849118515,,,
47.39163038187516,-18.25714244410362,bursting,bursting,76,82,16.0,16.0,0.2794298785852544,0.27375994874701237,0.5027525703225156,0.4928171894635684,27.324642507186766,27.384059457102186,,,
47.39163038187516,-18.063443290817037,bursting,bursting,77,82,16.0,16.0,0.27992948879375495,0.27927203257754774,0.503651473180559,0.5027399326328489,27.312946474904365,27.276022358389884,,,
47.39163038187516,-17.01011737753121,bursting,bursting,82,79,16.0,15.5,0.28390720267159186,0.2642208970702616,0.5059832519543603,0.5185377236193933,27.176266197648406,27.433922112955074,,,
48.70189663111327,-22.914311639711332,bursting,bursting,75,82,16.0,16.0,0.2661399767351684,0.2650806725132033,0.48468398604110136,0.4845195988177721,27.610234036428782,27.637728181072383,,,
48.70189663111327,-21.731662231386487,bursting,bursting,75,82,16.0,16.0,0.2696684084582703,0.2679905575430144,0.4883527860526445,0.4867245868925069,27.517427085079284,27.52910412145731,,,
48.70189663111327,-21.331019414577387,bursting,bursting,75,82,16.0,16.0,0.26974791966617073,0.2689108523338878,0.4880548573659678,0.4892846658185732,27.501605658973304,27.54468699474982,,,
48.70189663111327,-21.277755696486683,bursting,bursting,75,82,16.0,16.0,0.270071386661451,0.2709625036905816,0.4889497359671425,0.492077551422104,27.506543573725924,27.491231017332005,,,
48.70189663111327,-20.94074530858559,bursting,bursting,75,82,16.0,16.0,0.27171218925617824,0.2732342007434942,0.49080959041939687,0.4956629491945477,27.473406959820068,27.437176448450387,,,
48.70189663111327,-20.639342432714603,bursting,bursting,75,82,16.0,16.0,0.2717255258055807,0.27323420074349464,0.4908336810071906,0.4956629491945477,27.4734069598201,27.437176448450366,,,
48.70189663111327,-20.55028450245337,bursting,bursting,75,82,16.0,16.0,0.27372109666115524,0.2719786992751835,0.49354687461441643,0.4930723337113554,27.421556791503505,27.45384460817635,,,
48.70189663111327,-19.864841861022217,bursting,bursting,76,82,16.0,16.0,0.2754067553533454,0.27524008558491336,0.4945353840067257,0.4975867044832561,27.37097022223133,27.387046489106137,,,
48.70189663111327,-19.766628381718544,bursting,bursting,76,82,16.0,16.0,0.2790200467842144,0.27321039355423316,0.503056065598511,0.489799916734014,27.35591182243779,27.36658792452486,,,
48.70189663111327,-19.562622806541974,bursting,bursting,75,82,16.0,16.0,0.2790200467842144,0.27321039355423316,0.503056065598511,0.489799916734014,27.35591182243779,27.36658792452486,[-52.       -52.       -52.       ... -52.30577  -52.300777 -52.295742],[-52.       -52.       -52.       ... -55.543724 -55.54358  -55.543434],"[0.000000e+00 5.000000e-05 1.000000e-04 ... 9.999849e+00 9.999900e+00
 9.999949e+00]"
48.70189663111327,-19.552808902450636,bursting,bursting,75,82,16.0,16.0,0.2790200467842144,0.27321039355423316,0.503056065598511,0.489799916734014,27.35591182243779,27.36658792452486,,,
48.70189663111327,-19.53567735386656,bursting,bursting,75,82,16.0,16.0,0.2790200467842144,0.27321039355423316,0.503056065598511,0.489799916734014,27.35591182243779,27.36658792452486,,,
48.70189663111327,-19.421761202620033,bursting,bursting,77,82,16.0,16.0,0.27737171651657644,0.27252037295352766,0.4989148601791103,0.48944032498837586,27.358699138281224,27.38284778554647,,,
48.70189663111327,-18.91369146338961,bursting,bursting,75,82,16.0,16.0,0.27380746095007047,0.27357978382113407,0.49508626878233536,0.493559054340852,27.4405882085422,27.397568988314568,,,
48.70189663111327,-18.73742354832292,bursting,bursting,77,82,16.0,16.0,0.27845259771032366,0.2777443910256413,0.49884019654303746,0.5008012820512819,27.31025026615784,27.322416484057808,,,
48.70189663111327,-18.64217287385621,bursting,bursting,77,82,16.0,16.0,0.27689070429508594,0.27361555500861445,0.4951107810372569,0.4922471080482401,27.3162581635338,27.371166909798724,,,
48.70189663111327,-18.513491657593114,bursting,bursting,75,82,16.0,16.0,0.27394688079061136,0.27433210845168343,0.4941321803582458,0.4965736418710893,27.42008149577674,27.413113506928088,,,
48.70189663111327,-18.25714244410362,bursting,bursting,76,82,16.0,16.0,0.2747822683237106,0.2733902172834607,0.4892846658185731,0.49608096041273947,27.32353792953896,27.45329295221881,,,
48.70189663111327,-18.063443290817037,bursting,bursting,77,82,16.0,16.0,0.2759167885745457,0.2794540592360865,0.4958964568198161,0.5045663252434534,27.36040578660065,27.26939207403041,,,
48.70189663111327,-17.01011737753121,bursting,bursting,78,81,16.0,16.0,0.279112754158965,0.2788531182097451,0.5064188590383106,0.49951297484952173,27.374838245170896,27.25323665779182,,,
49.856902694344555,-22.914311639711332,bursting,bursting,75,82,16.0,16.0,0.2707008714864368,0.2664463368151883,0.49097827421136603,0.48247412732492234,27.52351870853499,27.527086283865465,,,
49.856902694344555,-21.731662231386487,bursting,bursting,75,82,16.0,16.0,0.2670661865983614,0.265980878615515,0.48329023995360415,0.48408568316592027,27.53608606494704,27.58310418493149,,,
49.856902694344555,-21.331019414577387,bursting,bursting,75,82,16.0,16.0,0.27223606622091745,0.27002902226666353,0.4934494584392193,0.48776918762041793,27.49785967413042,27.4477156994954,,,
49.856902694344555,-21.277755696486683,bursting,bursting,75,82,16.0,16.0,0.27113902929773775,0.2736915666259017,0.49074937429454774,0.4991639004667182,27.484382099276974,27.479568820811135,,,
49.856902694344555,-20.94074530858559,bursting,bursting,75,82,16.0,16.0,0.26781082587933014,0.2654965670631468,0.4848132257047971,0.48351223285949135,27.52903659564466,27.57091189213529,,,
49.856902694344555,-20.639342432714603,bursting,bursting,75,82,16.0,16.0,0.2740526224598401,0.27233843809149244,0.4950372515531794,0.49162999926255485,27.433909175375494,27.41294080094571,,,
49.856902694344555,-20.55028450245337,bursting,bursting,75,82,16.0,16.0,0.2743242238794875,0.2725082954405802,0.4955278610539877,0.4915816640039326,27.4339091753755,27.405672877758594,,,
49.856902694344555,-19.864841861022217,bursting,bursting,75,82,16.0,16.0,0.2769406449370704,0.27498645386926757,0.4964873519847082,0.4925865720900448,27.333603304525223,27.314599532666243,,,
49.856902694344555,-19.766628381718544,bursting,bursting,75,82,16.0,16.0,0.27208271787296917,0.2720982528974228,0.49236829148202854,0.4942298663108212,27.470747355626923,27.480033167243768,,,
49.856902694344555,-19.562622806541974,bursting,bursting,76,82,16.0,16.0,0.2805308162695691,0.2760931063576356,0.5074725330491486,0.4963025460320609,27.33027730453045,27.328852414994003,,,
49.856902694344555,-19.552808902450636,bursting,bursting,75,82,16.0,16.0,0.2742603476923838,0.270860328093294,0.49599484165364677,0.4889616898516,27.437912633674706,27.433649045617628,[-52.       -52.       -52.       ... -53.542156 -53.5415   -53.540844],[-52.       -52.       -52.       ... -55.574753 -55.574608 -55.57446 ],"[0.000000e+00 5.000000e-05 1.000000e-04 ... 9.999849e+00 9.999900e+00
 9.999949e+00]"
49.856902694344555,-19.53567735386656,bursting,bursting,75,82,16.0,16.0,0.2735051189475248,0.2736204843191743,0.4945843018942579,0.49622866216752676,27.43190934902293,27.43393119562387,,,
49.856902694344555,-19.421761202620033,bursting,bursting,75,82,16.0,16.0,0.27515461612975317,0.27393425974090313,0.49675864980998985,0.49540511753486405,27.40721031512722,27.417042500806264,,,
49.856902694344555,-18.91369146338961,bursting,bursting,75,82,16.0,16.0,0.2745604450183767,0.27539130005431306,0.4966722956193504,0.49375401175134537,27.442001296426383,27.31328755334335,,,
49.856902694344555,-18.73742354832292,bursting,bursting,76,82,16.0,16.0,0.2762227387369568,0.27738933601609667,0.4945353840067257,0.5030181086519115,27.30950686873135,27.37372124125716,,,
49.856902694344555,-18.64217287385621,bursting,bursting,86,76,15.0,16.5,0.24640881173544477,0.28965601069648705,0.5075884472869397,0.48620396256229487,27.317744092714527,27.312876870545566,,,
49.856902694344555,-18.513491657593114,bursting,bursting,80,82,11.5,14.0,0.2550961219754725,0.21308032157601217,0.8286377195889958,0.4828468651167282,26.746984104633913,26.829148444925707,,,
49.856902694344555,-18.25714244410362,bursting,bursting,76,82,16.0,16.0,0.2783330846884479,0.2757097478657933,0.4972897707494157,0.4963271788763152,27.292178953985374,27.336966469678593,,,
49.856902694344555,-18.063443290817037,bursting,bursting,76,82,16.0,16.0,0.27480222102108,0.27581657040430213,0.49137634514274475,0.49790878311093406,27.344051712362084,27.363249218862602,,,
49.856902694344555,-17.01011737753121,bursting,bursting,83,77,15.5,15.5,0.28880847629708667,0.28119498941245497,0.5206570692213573,0.5102431308518508,27.49309216946459,27.629312218278184,,,
50.00928939680185,-22.914311639711332,bursting,bursting,75,82,16.0,16.0,0.265873879099896,0.26357839008542894,0.48340705290890196,0.4812898568162676,27.591733060831714,27.6391854905272,,,
50.00928939680185,-21.731662231386487,bursting,bursting,75,82,16.0,16.0,0.2686125006070612,0.2702788961995484,0.485649069982031,0.491014435824413,27.513484634170897,27.478689995431992,,,
50.00928939680185,-21.331019414577387,bursting,bursting,75,82,16.0,16.0,0.2655199826551998,0.26728976523988485,0.4818000048180001,0.4880667675337987,27.572292665533855,27.595239693675016,,,
50.00928939680185,-21.277755696486683,bursting,bursting,75,82,16.0,16.0,0.2680642500121319,0.26720381684963884,0.4852719949531711,0.4868430661376305,27.527176304576813,27.56286864069592,,,
50.00928939680185,-20.94074530858559,bursting,bursting,74,82,16.0,16.0,0.2656087219866748,0.26884643644379125,0.48455481526347666,0.48983590497183443,27.625165968878736,27.54792252235967,,,
50.00928939680185,-20.639342432714603,bursting,bursting,75,82,16.0,16.0,0.27098021934978467,0.27499189586813955,0.4896200548374461,0.49871580679749633,27.475191923056908,27.397441064417592,,,
50.00928939680185,-20.55028450245337,bursting,bursting,75,82,16.0,16.0,0.272159677498648,0.2687178486968817,0.4916179145568064,0.48760270131896516,27.454281810513862,27.519252675929433,,,
50.00928939680185,-19.864841861022217,bursting,bursting,75,82,16.0,16.0,0.2710319206139708,0.27269584115380824,0.4888302292613775,0.49392472587177705,27.455149407001713,27.425230396622062,,,
50.00928939680185,-19.766628381718544,bursting,bursting,75,82,16.0,16.0,0.2714736301621068,0.2739359063399146,0.48900951123499353,0.49608096041273925,27.441436099717116,27.40394765718683,,,
50.00928939680185,-19.562622806541974,bursting,bursting,75,82,16.0,16.0,0.27433518555268904,0.2725863596102744,0.4961301845604286,0.49207755142210424,27.43791263367469,27.40567287775858,,,
50.00928939680185,-19.552808902450636,bursting,bursting,75,82,16.0,16.0,0.2766850773498615,0.2745681215455922,0.4998375527953414,0.49569980419857723,27.393546302604246,27.386701943895446,,,
50.00928939680185,-19.53567735386656,bursting,bursting,76,82,16.0,16.0,0.27386749299099894,0.2707712597079077,0.49185972160739755,0.4884482000683828,27.39157330646844,27.43264522159651,[-52.       -52.       -52.       ... -68.79799  -68.70997  -68.622375],[-52.       -52.       -52.       ... -55.624134 -55.62405  -55.623966],"[0.000000e+00 5.000000e-05 1.000000e-04 ... 9.999849e+00 9.999900e+00
 9.999949e+00]"
50.00928939680185,-19.421761202620033,bursting,bursting,75,82,16.0,16.0,0.2736056539896705,0.27056923302824115,0.4942298663108211,0.48945230287308505,27.433909175375497,27.46242919869009,,,
50.00928939680185,-18.91369146338961,bursting,bursting,75,82,16.0,16.0,0.27785673323858673,0.2766450648055836,0.49866606826738474,0.4985044865403788,27.316455622041804,27.332032331988493,,,
50.00928939680185,-18.73742354832292,bursting,bursting,82,76,16.0,16.0,0.26809415560607164,0.27189843635115934,0.48886607513871566,0.4901720503896866,27.582305384719145,27.40904424183749,,,
50.00928939680185,-18.64217287385621,bursting,bursting,77,82,16.0,16.0,0.2756138761720564,0.27526605595199893,0.48963204152079703,0.4938393540581248,27.306943270031617,27.32753824853717,,,
50.00928939680185,-18.513491657593114,bursting,bursting,77,81,16.0,16.0,0.27450348367260896,0.2753181795671768,0.4958964568198161,0.4952211162283959,27.422010421160255,27.337071587787083,,,
50.00928939680185,-18.25714244410362,bursting,bursting,75,82,16.0,16.0,0.2738282016081584,0.27079516306339313,0.49029221415963903,0.48857945523390756,27.364022857799988,27.431463466102823,,,
50.00928939680185,-18.063443290817037,bursting,bursting,75,82,16.0,16.0,0.2787029583417186,0.2777128941679301,0.5031193399074261,0.49698084138856446,27.34148328228243,27.260581757340567,,,
50.00928939680185,-17.01011737753121,bursting,bursting,76,82,16.0,16.0,0.27695322067107536,0.2755608794389958,0.48983590497183443,0.4991140725212746,27.252455247556934,27.384024850570885,,,
50.07933725696112,-22.914311639711332,bursting,bursting,75,82,16.0,16.0,0.26905905760178606,0.26605171411969786,0.4852719949531712,0.4842146039124538,27.491302719936154,27.56885004257192,,,
50.07933725696112,-21.731662231386487,bursting,bursting,75,82,16.0,16.0,0.2692036474164134,0.26886376981796833,0.48632218844984804,0.48933255040125256,27.502275469376855,27.522832618642383,,,
50.07933725696112,-21.331019414577387,bursting,bursting,75,82,16.0,16.0,0.2717610093769944,0.2745259686727124,0.4909421179242966,0.4996377626220989,27.469895324320305,27.433088640402996,,,
50.07933725696112,-21.277755696486683,bursting,bursting,75,82,16.0,16.0,0.27190117150084725,0.27430668230947813,0.4911953238205171,0.4992386610419111,27.467668935106666,27.43561202906163,,,
50.07933725696112,-20.94074530858559,bursting,bursting,75,82,16.0,16.0,0.27257730943470543,0.26792636840180434,0.49241678156391555,0.48762647811776183,27.449253136864073,27.55264207404367,,,
50.07933725696112,-20.639342432714603,bursting,bursting,75,82,16.0,16.0,0.27290910437810223,0.26944220479366715,0.4938637429933081,0.4886510786972562,27.4505292013621,27.498704873117948,,,
50.07933725696112,-20.55028450245337,bursting,bursting,75,82,16.0,16.0,0.274735377428813,0.2740874023317148,0.49694379565671126,0.49296295383401934,27.439785737157916,27.36327963759465,,,
50.07933725696112,-19.864841861022217,bursting,bursting,75,82,16.0,16.0,0.27072079779043323,0.2755815114305677,0.4888421773030577,0.49915144254766897,27.46929480236079,27.371551375980918,,,
50.07933725696112,-19.766628381718544,bursting,bursting,75,82,16.0,16.0,0.2712242198598932,0.2753270005470733,0.4898838975162885,0.49733923509225647,27.47188343584821,27.355518734029303,,,
50.07933725696112,-19.562622806541974,bursting,bursting,75,82,16.0,16.0,0.2740682272267582,0.26772775577238933,0.4933277422855874,0.4830451164138729,27.406879086436295,27.461979276865854,,,
50.07933725696112,-19.552808902450636,bursting,bursting,75,82,16.0,16.0,0.27342047930283203,0.26950130211502393,0.49514755397108334,0.48677197166987135,27.454258279733438,27.46543946244146,,,
50.07933725696112,-19.53567735386656,bursting,bursting,75,82,16.0,16.0,0.27931418730689384,0.2747326203208557,0.5065086359722434,0.49514755397108345,27.369241081842922,27.356766137389364,,,
50.07933725696112,-19.421761202620033,bursting,bursting,75,82,16.0,16.0,0.27892392305203717,0.2738330208230537,0.49772291765174326,0.49343728412118815,27.260346541401955,27.38649542174609,[-52.       -52.       -52.       ... -52.566017 -52.562847 -52.559658],[-52.       -52.       -52.       ... -55.54145  -55.541306 -55.54116 ],"[0.000000e+00 5.000000e-05 1.000000e-04 ... 9.999849e+00 9.999900e+00
 9.999949e+00]"
50.07933725696112,-18.91369146338961,bursting,bursting,76,82,16.0,16.0,0.2778209921461367,0.2743897942629598,0.5018442777206232,0.4916058304451492,27.36419023828868,27.329428438523685,,,
50.07933725696112,-18.73742354832292,bursting,bursting,75,82,16.0,16.0,0.2723545490042953,0.2782113372311864,0.48809058961343216,0.5018694637524781,27.397674942993913,27.278980310760364,,,
50.07933725696112,-18.64217287385621,bursting,bursting,76,82,16.0,16.0,0.2740018362738531,0.2721117014704067,0.49629023052681215,0.4942542938341777,27.43476387686219,27.469204357284557,,,
50.07933725696112,-18.513491657593114,bursting,bursting,85,75,15.0,16.0,0.2540258920113674,0.26975456635112094,0.5262603936427743,0.4943275908944858,27.224622618563785,27.564243837576182,,,
50.07933725696112,-18.25714244410362,bursting,bursting,86,75,15.0,16.0,0.2520039302890831,0.2625714562542392,0.5171433004085433,0.48444918128088355,27.199226735721187,27.74394441337898,,,
50.07933725696112,-18.063443290817037,bursting,bursting,86,75,15.0,16.0,0.2520039302890831,0.26269235429540805,0.5171433004085433,0.48467224039743123,27.199226735721187,27.74248770245743,,,
50.07933725696112,-17.01011737753121,bursting,bursting,77,82,16.0,16.0,0.2825557758425983,0.2758124177651993,0.5019198434010088,0.496512003177677,27.18742934438936,27.33632253767525,,,
51.02375430003072,-22.914311639711332,bursting,bursting,75,82,16.0,16.0,0.2673382692074281,0.26287773905571205,0.4854958125986163,0.477395331073662,27.565593294122678,27.58414824194602,,,
51.02375430003072,-21.731662231386487,bursting,bursting,75,82,16.0,16.0,0.26505297198156247,0.2684890607410306,0.482660424258513,0.48945230287308505,27.61302612033254,27.546944131440327,,,
51.02375430003072,-21.331019414577387,bursting,bursting,75,82,16.0,16.0,0.2712253667209957,0.2679210602689371,0.49390033091322166,0.48369933249492114,27.535518699922815,27.477894921095736,,,
51.02375430003072,-21.277755696486683,bursting,bursting,75,82,16.0,16.0,0.27164127423822715,0.2681934827870045,0.49465769687376326,0.48419115866944257,27.529862618358017,27.477160104608835,,,
51.02375430003072,-20.94074530858559,bursting,bursting,75,82,16.0,16.0,0.2709663164097023,0.2695641527913812,0.491014435824413,0.48971596474045037,27.502792292757935,27.49453770661196,,,
51.02375430003072,-20.639342432714603,bursting,bursting,75,82,16.0,16.0,0.26895280593684806,0.27228212483925196,0.4850366202648301,0.4946087644673064,27.487963943783264,27.44741769880852,,,
51.02375430003072,-20.55028450245337,bursting,bursting,75,82,16.0,16.0,0.2716176977213444,0.26625327468935495,0.4921502042423347,0.48068834571105823,27.481888302346306,27.503641723634505,,,
51.02375430003072,-19.864841861022217,bursting,bursting,75,82,16.0,16.0,0.27276997626582294,0.26914628788988143,0.49446202531645567,0.4881144140186459,27.456806195561175,27.508053828126283,,,
51.02375430003072,-19.766628381718544,bursting,bursting,75,82,16.0,16.0,0.27276997626582294,0.26914628788988143,0.49446202531645567,0.4881144140186459,27.456806195561175,27.508053828126283,,,
51.02375430003072,-19.562622806541974,bursting,bursting,75,82,16.0,16.0,0.27276997626582294,0.2691857059168132,0.49446202531645567,0.4881859011911736,27.456806195561175,27.5005957195705,,,
51.02375430003072,-19.552808902450636,bursting,bursting,75,82,16.0,16.0,0.27276997626582294,0.2691988478250257,0.49446202531645567,0.4882097349021139,27.456806195561175,27.50059571957051,,,
51.02375430003072,-19.53567735386656,bursting,bursting,75,82,16.0,16.0,0.27276997626582294,0.26923170821024883,0.49446202531645567,0.4882693293620761,27.456806195561175,27.499421518643587,,,
51.02375430003072,-19.421761202620033,bursting,bursting,75,82,16.0,16.0,0.27277672015229826,0.2692843015163725,0.49447425025341796,0.4883647107660001,27.456806195561178,27.491147066034713,,,
51.02375430003072,-18.91369146338961,bursting,bursting,76,82,16.0,16.0,0.2731611316113161,0.2767060827738253,0.4920049200492003,0.5010522096402443,27.410734323266148,27.362941883506824,[-52.      -52.      -52.      ... -72.69836 -72.59117 -72.48451],[-52.       -52.       -52.       ... -55.498966 -55.498886 -55.498806],"[0.000000e+00 5.000000e-05 1.000000e-04 ... 9.999849e+00 9.999900e+00
 9.999949e+00]"
51.02375430003072,-18.73742354832292,bursting,bursting,82,76,16.0,16.0,0.26832547112164823,0.26995966762233353,0.4888421773030577,0.4859322610428106,27.55669399843666,27.42433738129729,,,
51.02375430003072,-18.64217287385621,bursting,bursting,75,82,16.0,16.0,0.2702774748576277,0.27181224529876735,0.48467224039743134,0.4909903274905485,27.413790284564982,27.4196233705601,,,
51.02375430003072,-18.513491657593114,bursting,bursting,83,77,16.0,16.0,0.2764983872177631,0.2744083024314973,0.5000875153151799,0.49774769169507993,27.383005701746274,27.421703396277074,,,
51.02375430003072,-18.25714244410362,bursting,bursting,83,77,16.0,16.0,0.2763785227528021,0.275640867484148,0.4992386610419111,0.4934494584392193,27.388482802316023,27.30155389814998,,,
51.02375430003072,-18.063443290817037,bursting,bursting,83,77,16.0,16.0,0.279102596420469,0.2758314198948227,0.5041593143433324,0.4937905834135743,27.338034021481118,27.294969580701355,,,
51.02375430003072,-17.01011737753121,bursting,bursting,78,82,16.0,16.0,0.2795359442732214,0.277468982630273,0.5011400937131975,0.4962779156327544,27.266731764902524,27.254576789758445,,,
52.305808116447096,-22.914311639711332,bursting,bursting,75,82,16.0,16.0,0.26671054556091833,0.2650474675919232,0.4875432694651651,0.4819044865307696,27.636521124587468,27.554574048590556,,,
52.305808116447096,-21.731662231386487,bursting,bursting,75,82,16.0,16.0,0.26705577486619375,0.2682090205809373,0.484367053353031,0.4865469761105435,27.552593214200115,27.485093818160166,,,
52.305808116447096,-21.331019414577387,bursting,bursting,75,82,16.0,16.0,0.26309131700797167,0.27060249307479245,0.4773497541648766,0.49465769687376326,27.597015747067555,27.536938111907187,,,
52.305808116447096,-21.277755696486683,bursting,bursting,75,82,16.0,16.0,0.2656400616926931,0.2677103718199609,0.48197416618469235,0.4892367906066535,27.56555829892973,27.568718361888397,,,
52.305808116447096,-20.94074530858559,bursting,bursting,75,82,16.0,16.0,0.2735070199723157,0.27394469427811885,0.49436424757761516,0.49690675544734025,27.420916819020935,27.42617857030209,,,
52.305808116447096,-20.639342432714603,bursting,bursting,75,82,16.0,16.0,0.27108019076650736,0.2661868771963607,0.4916662569447859,0.48139411736388577,27.494407962129742,27.50997625634766,,,
52.305808116447096,-20.55028450245337,bursting,bursting,75,82,16.0,16.0,0.271183112420226,0.26527369890713015,0.4909180166912126,0.48144046988589845,27.470262802806122,27.55883778583874,,,
52.305808116447096,-19.864841861022217,bursting,bursting,75,82,16.0,16.0,0.27121639867435865,0.26651743808217165,0.49097827421136614,0.4813825306279635,27.470262802806133,27.501669103182202,,,
52.305808116447096,-19.766628381718544,bursting,bursting,75,82,16.0,16.0,0.2699987779542958,0.2680783741024704,0.4888182818037395,0.48679566751855896,27.476922946164574,27.527700955373398,,,
52.305808116447096,-19.562622806541974,bursting,bursting,75,82,16.0,16.0,0.27076690924136587,0.269144999632416,0.4867719716698713,0.4901119905898498,27.406749483180345,27.537756253380117,,,
52.305808116447096,-19.552808902450636,bursting,bursting,83,77,16.0,16.0,0.2661927903097122,0.2690304682176578,0.48354730301491733,0.48671274213958926,27.570402900620035,27.46033559633778,,,
52.305808116447096,-19.53567735386656,bursting,bursting,75,82,16.0,16.0,0.2705064063453327,0.2658584109114527,0.4881025015253204,0.48110461619879247,27.459875977372384,27.507701295456368,,,
52.305808116447096,-19.421761202620033,bursting,bursting,76,82,16.0,16.0,0.27021208933682356,0.2722063037249285,0.4892487585312751,0.4940223298093075,27.489826092857516,27.43819418581454,,,
52.305808116447096,-18.91369146338961,bursting,bursting,75,82,16.0,16.0,0.2692726876407759,0.2707615627061497,0.48439051563370383,0.4886510786972562,27.446367155268952,27.426212376577443,,,
52.305808116447096,-18.73742354832292,bursting,bursting,75,82,16.0,16.0,0.27539936102236434,0.2714789340038953,0.4915212582944212,0.49306017799472424,27.30029347118839,27.4669028763257,[-52.       -52.       -52.       ... -53.921215 -53.920807 -53.9204  ],[-52.       -52.       -52.       ... -55.722603 -55.72246  -55.72232 ],"[0.000000e+00 5.000000e-05 1.000000e-04 ... 9.999849e+00 9.999900e+00
 9.999949e+00]"
52.305808116447096,-18.64217287385621,bursting,bursting,75,82,16.0,16.0,0.2684412852687315,0.2691454886576836,0.48354730301491733,0.4873175604882921,27.477603799981555,27.458988813633905,,,
52.305808116447096,-18.513491657593114,bursting,bursting,76,82,16.0,16.0,0.2761506276150626,0.26934789964712125,0.4951598128295908,0.48339536907236413,27.340828390032616,27.39179032433554,,,
52.305808116447096,-18.25714244410362,bursting,bursting,76,82,16.0,16.0,0.2830551340414769,0.2774530219022052,0.5058168942842692,0.5017687347901351,27.147826667850243,27.342150984413685,,,
52.305808116447096,-18.063443290817037,bursting,bursting,76,82,16.0,16.0,0.2818250377073906,0.2768988921050005,0.5027652086475614,0.4990518015770037,27.187722341160054,27.33171905519802,,,
52.305808116447096,-17.01011737753121,bursting,bursting,75,82,16.0,16.0,0.2784931334257274,0.27260179434092474,0.5039687539372559,0.49295080350980974,27.335473047121415,27.421470909273904,,,
52.53984467836355,-22.914311639711332,bursting,bursting,75,82,16.0,16.0,0.26390385213914647,0.2633922125427155,0.47882400823577276,0.48130143909130285,27.58254868099366,27.636455527256214,,,
52.53984467836355,-21.731662231386487,bursting,bursting,75,82,16.0,16.0,0.26449910017996386,0.2638828685642731,0.4799040191961607,0.4816259692722632,27.579811493784653,27.619316871304516,,,
52.53984467836355,-21.331019414577387,bursting,bursting,75,82,16.0,16.0,0.2703153351969008,0.2661451438199541,0.49041243685939867,0.48140570465760035,27.515444268328903,27.49978761464127,,,
52.53984467836355,-21.277755696486683,bursting,bursting,75,82,16.0,16.0,0.267402540940051,0.27127290737989096,0.4830684507994783,0.49529470034670625,27.510394179818224,27.51672488076809,,,
52.53984467836355,-20.94074530858559,bursting,bursting,82,75,16.0,16.0,0.2609783411565679,0.2646903123345685,0.47654220972622635,0.4812551133355793,27.668302547107753,27.577677448181834,,,
52.53984467836355,-20.639342432714603,bursting,bursting,82,75,16.0,16.0,0.2660876335060701,0.26918755190776306,0.4865824878962606,0.4885436513752504,27.63930987898804,27.49607066449613,,,
52.53984467836355,-20.55028450245337,bursting,bursting,82,75,16.0,16.0,0.26286702868950923,0.26275631855031,0.480561295593253,0.47687172150691454,27.660641139473963,27.582176109802706,,,
52.53984467836355,-19.864841861022217,bursting,bursting,75,82,16.0,16.0,0.27130796525143774,0.2664599583353519,0.4894163709776091,0.4844726515188218,27.428077144340342,27.553834581376698,,,
52.53984467836355,-19.766628381718544,bursting,bursting,75,82,16.0,16.0,0.26753950775634666,0.26661163846471325,0.4840153916894557,0.4855429584132457,27.506932538007604,27.558837785838737,,,
52.53984467836355,-19.562622806541974,bursting,bursting,75,82,16.0,16.0,0.2676561024622908,0.2685348200312989,0.4842263273854198,0.4890453834115805,27.502130237575077,27.531080506512026,,,
52.53984467836355,-19.552808902450636,bursting,bursting,75,82,16.0,16.0,0.2676561024622908,0.2685413864775646,0.4842263273854198,0.48905734197334644,27.502130237575077,27.531080506512,,,
52.53984467836355,-19.53567735386656,bursting,bursting,75,82,16.0,16.0,0.2676561024622908,0.26854795324497494,0.4842263273854198,0.48906930111996877,27.502130237575077,27.531080506512,,,
52.53984467836355,-19.421761202620033,bursting,bursting,75,82,16.0,16.0,0.2676561024622908,0.26856108774332393,0.4842263273854198,0.4890932211679546,27.502130237575077,27.531080506512005,,,
52.53984467836355,-18.91369146338961,bursting,bursting,75,82,16.0,16.0,0.26862165827198786,0.26822263866241575,0.4843084075939558,0.4867482781279661,27.467939021235665,27.49911509639971,,,
52.53984467836355,-18.73742354832292,bursting,bursting,77,82,16.0,16.0,0.2726213874936303,0.2696504940274294,0.48530732086093514,0.491569581674286,27.321603292174608,27.536899525617493,,,
52.53984467836355,-18.64217287385621,bursting,bursting,80,82,11.5,14.0,0.26030906536649856,0.21453999467222032,0.8263779852904718,0.48434359334511895,26.625091465636835,26.75891137476071,[-52.       -52.       -52.       ... -55.971794 -55.971664 -55.971535],[-52.       -52.       -52.       ... -51.971016 -51.958508 -51.94591 ],"[0.000000e+00 5.000000e-05 1.000000e-04 ... 9.999849e+00 9.999900e+00
 9.999949e+00]"
52.53984467836355,-18.513491657593114,bursting,bursting,86,76,15.0,16.5,0.2451898734177215,0.2944973570750005,0.5063291139240508,0.48717511509512096,27.3406054442767,27.193118305656622,,,
52.53984467836355,-18.25714244410362,bursting,bursting,86,76,15.0,16.5,0.244614297966803,0.2880229059497237,0.5045154129458655,0.48529554498689703,27.328628583838725,27.35246422373638,,,
52.53984467836355,-18.063443290817037,bursting,bursting,85,76,15.0,16.0,0.24462242562929068,0.2690340277262958,0.5085176709890668,0.4942298663108212,27.389599322202464,27.621718654846838,,,
52.53984467836355,-17.01011737753121,bursting,bursting,76,81,15.5,15.5,0.2593622448979592,0.25297582068040025,0.5102040816326531,0.4970055416117889,27.568819868606443,27.61076259234985,,,
52.8462555449608,-22.914311639711332,bursting,bursting,75,82,16.0,16.0,0.26390657663935413,0.2644444979648854,0.48057284282865176,0.48168396714915335,27.621300371097853,27.590954688742112,,,
52.8462555449608,-21.731662231386487,bursting,bursting,75,82,16.0,16.0,0.26415861475174585,0.2648595057310054,0.4783315794508753,0.4836291531653527,27.56000061982338,27.605916428885863,,,
52.8462555449608,-21.331019414577387,bursting,bursting,75,82,16.0,16.0,0.2631843896826156,0.2632426069618277,0.4794323520951194,0.48045739544045923,27.627078065551036,27.630276404393957,,,
52.8462555449608,-21.277755696486683,bursting,bursting,75,82,16.0,16.0,0.2705367190175645,0.26331212922593095,0.4892607270414404,0.47649679555904983,27.484615173474676,27.531277597672922,,,
52.8462555449608,-20.94074530858559,bursting,bursting,75,82,16.0,16.0,0.27097344263904555,0.2657682723247771,0.4908939178243582,0.48387486995862866,27.470191550475814,27.570341882594953,,,
52.8462555449608,-20.639342432714603,bursting,bursting,75,82,16.0,16.0,0.26957073790105984,0.27053056800827635,0.48835278605264426,0.49263510517759507,27.495217956237685,27.495641847244624,,,
52.8462555449608,-20.55028450245337,bursting,bursting,75,82,16.0,16.0,0.2699266503667484,0.2651169527119995,0.48899755501222497,0.4827769329181452,27.48104133425098,27.588524070862473,,,
52.8462555449608,-19.864841861022217,bursting,bursting,75,82,16.0,16.0,0.26790141461280437,0.2648468128357772,0.48612123863691603,0.48400367842795616,27.51536115535749,27.626915613654546,,,
52.8462555449608,-19.766628381718544,bursting,bursting,75,82,16.0,16.0,0.27015368023726066,0.26895382271263885,0.49020809333562093,0.4915091789339167,27.488881941699333,27.56529801239699,,,
52.8462555449608,-19.562622806541974,bursting,bursting,75,82,16.0,16.0,0.2702397881626048,0.27284966342557965,0.49036434070514395,0.4986287708800797,27.48888194169932,27.510976279055832,,,
52.8462555449608,-19.552808902450636,bursting,bursting,75,82,16.0,16.0,0.27024641412283923,0.27020887857389764,0.490376363859262,0.49380277517159643,27.48716177720679,27.55409823279637,,,
52.8462555449608,-19.53567735386656,bursting,bursting,75,82,16.0,16.0,0.26760871148663407,0.27272500747533135,0.4855901133852914,0.4983554270906009,27.527707673684702,27.49068822960863,,,
52.8462555449608,-19.421761202620033,bursting,bursting,75,82,16.0,16.0,0.26828259229514967,0.2694438995684583,0.4867245868925069,0.49038838760298153,27.51157303181835,27.507964700791685,,,
52.8462555449608,-18.91369146338961,bursting,bursting,75,82,16.0,16.0,0.2701651144128592,0.2641871165644171,0.486345840527199,0.4792944785276075,27.438860186480536,27.55338568326309,,,
52.8462555449608,-18.73742354832292,bursting,bursting,75,82,16.0,16.0,0.2730062856020428,0.2713241067923048,0.49106265959536427,0.4907734589713388,27.396463095410304,27.426306126799492,,,
52.8462555449608,-18.64217287385621,bursting,bursting,75,82,16.0,16.0,0.2727406210997725,0.2654712180133467,0.48944032498837575,0.4800998607710403,27.378408054159546,27.508493357874332,,,
52.8462555449608,-18.513491657593114,bursting,bursting,83,77,16.0,16.0,0.2693444745779275,0.27095793705265214,0.4886510786972562,0.4902441415825082,27.506817059340673,27.446421822607476,[-52.       -52.       -52.       ... -55.96883  -55.969013 -55.969196],[-52.       -52.       -52.       ... -54.764072 -54.763836 -54.763603],"[0.000000e+00 5.000000e-05 1.000000e-04 ... 9.999849e+00 9.999900e+00
 9.999949e+00]"
52.8462555449608,-18.25714244410362,bursting,bursting,75,82,16.0,16.0,0.2737075332348596,0.2715664366574172,0.49236829148202854,0.4911229526311912,27.369887542179963,27.424431580329586,,,
52.8462555449608,-18.063443290817037,bursting,bursting,75,82,16.0,16.0,0.2724399029625819,0.27053293063133266,0.49008797079075694,0.48713951675759926,27.40115216454022,27.409902394025018,,,
52.8462555449608,-17.01011737753121,bursting,bursting,83,77,16.0,16.0,0.2756348796617253,0.2809571788413096,0.4916783440273373,0.503778337531486,27.294877640994788,27.199958263550812,,,
53.201081461658184,-22.914311639711332,bursting,bursting,75,82,16.0,16.0,0.2633601537168249,0.26125718099687734,0.48036507745886864,0.47674668065123593,27.639281572830935,27.64427855194248,,,
53.201081461658184,-21.731662231386487,bursting,bursting,75,82,16.0,16.0,0.26528504874885955,0.26221307355369916,0.4802843283223667,0.47870939945905844,27.549593975021164,27.62373098897751,,,
53.201081461658184,-21.331019414577387,bursting,bursting,75,82,16.0,16.0,0.2693157268733162,0.2639770142463787,0.4854722431244994,0.4788698671136118,27.46185459485928,27.557029649132495,,,
53.201081461658184,-21.277755696486683,bursting,bursting,75,82,16.0,16.0,0.26725095369163154,0.2663206906586479,0.48288183881404223,0.48501309535357456,27.511983140181094,27.540402275608702,,,
53.201081461658184,-20.94074530858559,bursting,bursting,75,82,16.0,16.0,0.2714769880642467,0.27038837334904503,0.4911832604744831,0.4909903274905485,27.46175415980101,27.489905771310383,,,
53.201081461658184,-20.639342432714603,bursting,bursting,75,82,16.0,16.0,0.26486447623840675,0.26536001550537835,0.47930596496273387,0.48454307587944556,27.54622809222168,27.584015805202238,,,
53.201081461658184,-20.55028450245337,bursting,bursting,75,82,16.0,16.0,0.2657202265720229,0.2687948805627473,0.4780000478000049,0.4884959210590591,27.484127129404985,27.498652535385222,,,
53.201081461658184,-19.864841861022217,bursting,bursting,75,82,16.0,16.0,0.274293848804975,0.27296156300623425,0.49948802477460613,0.49089391782435804,27.491028200625124,27.362024970650165,,,
53.201081461658184,-19.766628381718544,bursting,bursting,75,82,16.0,16.0,0.2652751331678275,0.27094662762371136,0.48205548458627573,0.4921380939491621,27.5838569790925,27.46290111699453,,,
53.201081461658184,-19.562622806541974,bursting,bursting,75,82,16.0,16.0,0.26776618966771754,0.26373600133718605,0.48508367693427124,0.47756632202297084,27.52020884163704,27.537542549302753,,,
53.201081461658184,-19.552808902450636,bursting,bursting,75,82,16.0,16.0,0.2709391018566207,0.2653637974804806,0.49052068771000423,0.47899602433299804,27.47432410806874,27.50229080541663,,,
53.201081461658184,-19.53567735386656,bursting,bursting,75,82,16.0,16.0,0.2713450579681668,0.268320425943853,0.4912556494399684,0.48402710551790906,27.464183596969868,27.4545563579985,,,
53.201081461658184,-19.421761202620033,bursting,bursting,75,82,16.0,16.0,0.2706972876464402,0.26544627901411805,0.48915303152591294,0.4785833931562574,27.451379674155167,27.49539932869319,,,
53.201081461658184,-18.91369146338961,bursting,bursting,75,82,16.0,16.0,0.2767522174463964,0.27551601952573257,0.49690675544734025,0.49557697549371876,27.330612752643447,27.317083691008573,,,
53.201081461658184,-18.73742354832292,bursting,bursting,83,76,16.0,16.0,0.27395388132392384,0.2747567258156842,0.4969684921975947,0.4977476916950797,27.447309736004254,27.38420694515562,,,
53.201081461658184,-18.64217287385621,bursting,bursting,75,82,16.0,16.0,0.26907842619487715,0.2650318547902391,0.4801113858415152,0.4808270224786634,27.377924533451264,27.54254142912949,,,
53.201081461658184,-18.513491657593114,bursting,bursting,75,82,16.0,16.0,0.2668082949086256,0.26450155051804103,0.482823552132873,0.48078078799971147,27.509359057861865,27.568023910511997,,,
53.201081461658184,-18.25714244410362,bursting,bursting,82,76,16.0,16.0,0.2668452553335266,0.27216939943727575,0.4826720725938798,0.4851072086931211,27.50532938228765,27.315951742639307,[-52.       -52.       -52.       ... -56.00109  -56.001022 -56.000954],[-52.       -52.       -52.       ... -54.50616  -54.5059   -54.505642],"[0.000000e+00 5.000000e-05 1.000000e-04 ... 9.999849e+00 9.999900e+00
 9.999949e+00]"
53.201081461658184,-18.063443290817037,bursting,bursting,82,76,16.0,16.0,0.27197592085461214,0.2771263173519368,0.49342511040386844,0.4947800702587701,27.47633020341061,27.256701452028498,,,
53.201081461658184,-17.01011737753121,bursting,bursting,77,82,16.0,16.0,0.2824721377912865,0.28061057146461454,0.5065856129685917,0.5046045162104201,27.15930128735618,27.18178290685389,,,
54.28223164775316,-22.914311639711332,bursting,bursting,75,82,16.0,16.0,0.2622080426656508,0.2621519867629077,0.47617913859193817,0.47960480564015256,27.605484012321806,27.65531309684532,,,
54.28223164775316,-21.731662231386487,bursting,bursting,75,82,16.0,16.0,0.26656532020655394,0.2615770010736015,0.482602191013947,0.4771561493498746,27.533469645077492,27.62346402935644,,,
54.28223164775316,-21.331019414577387,bursting,bursting,75,82,16.0,16.0,0.2633168458099497,0.25980811247268953,0.47560163606962813,0.4749691270067445,27.538280271189002,27.675228425876615,,,
54.28223164775316,-21.277755696486683,bursting,bursting,75,82,16.0,16.0,0.26361775069041055,0.26041418709830977,0.47614512903532996,0.476077124494168,27.53518256278601,27.664151621413446,,,
54.28223164775316,-20.94074530858559,bursting,bursting,75,82,16.0,16.0,0.2673506189687102,0.26716132004558546,0.4873769373233258,0.48495429305787924,27.578573509381144,27.51989281168452,,,
54.28223164775316,-20.639342432714603,bursting,bursting,75,82,16.0,16.0,0.26794896672164564,0.2649457177322076,0.485107208693121,0.48250904704463216,27.492321201268265,27.570573472988777,,,
54.28223164775316,-20.55028450245337,bursting,bursting,75,83,16.0,16.0,0.2651312136355955,0.2698335678587024,0.4828468651167281,0.48522490174195737,27.599595987992924,27.39552499120143,,,
54.28223164775316,-19.864841861022217,bursting,bursting,83,76,16.0,16.0,0.2647241758767523,0.26421301041691486,0.4784460073680684,0.47674668065123593,27.51665882279892,27.498654192693657,,,
54.28223164775316,-19.766628381718544,bursting,bursting,83,76,16.0,16.0,0.2663407787430728,0.26420440901013387,0.4839919657333687,0.48028432832236695,27.539491031642893,27.576311676614004,,,
54.28223164775316,-19.562622806541974,bursting,bursting,75,82,16.0,16.0,0.272147221127316,0.2695807010269044,0.49270792274339764,0.48784057370051465,27.45757010224943,27.442300612174012,,,
54.28223164775316,-19.552808902450636,bursting,bursting,75,82,16.0,16.0,0.26624758220502914,0.26450093709452666,0.48355899419729215,0.4805612955932528,27.564896105994674,27.537226480399713,,,
54.28223164775316,-19.53567735386656,bursting,bursting,75,82,16.0,16.0,0.27445431503309775,0.26887200692374247,0.4921623151315303,0.48081546302529077,27.35339807129149,27.372790256414653,,,
54.28223164775316,-19.421761202620033,bursting,bursting,75,82,16.0,16.0,0.2636026331538002,0.265733077688518,0.47875523638539796,0.48540154843093947,27.58211700037502,27.575822853259528,,,
54.28223164775316,-18.91369146338961,bursting,bursting,75,82,16.0,16.0,0.272762893667042,0.2676401364138527,0.48978792182984754,0.4803304673615447,27.38186299744121,27.40789508272217,,,
54.28223164775316,-18.73742354832292,bursting,bursting,76,82,16.0,16.0,0.2719193591585302,0.27404515615675357,0.4869616030775972,0.4973145016908694,27.363708515415876,27.41718201200353,,,
54.28223164775316,-18.64217287385621,bursting,bursting,75,82,16.0,16.0,0.27250752306250303,0.2745005583819331,0.49331557397267023,0.4963394962154113,27.441364060661904,27.36874243917366,,,
54.28223164775316,-18.513491657593114,bursting,bursting,85,76,15.0,16.5,0.24518450932684518,0.2834318962228155,0.5068937550689374,0.4769172071728348,27.327320762970334,27.415161760999776,,,
54.28223164775316,-18.25714244410362,bursting,bursting,85,76,15.0,16.5,0.24518450932684518,0.2834318962228155,0.5068937550689374,0.4769172071728348,27.327320762970334,27.415161760999776,,,
54.28223164775316,-18.063443290817037,bursting,bursting,86,76,15.0,16.5,0.2453026345817381,0.2887684944486284,0.5071379668838908,0.4858968440999976,27.326556102985542,27.33853696655624,[-52.       -52.       -52.       ... -53.109222 -53.11221  -53.115192],[-52.       -52.       -52.       ... -55.43216  -55.432022 -55.431885],"[0.000000e+00 5.000000e-05 1.000000e-04 ... 9.999849e+00 9.999900e+00
 9.999949e+00]"
54.28223164775316,-17.01011737753121,bursting,bursting,76,82,16.0,16.0,0.27013685239491675,0.27034584253127325,0.48875855327468226,0.49055678194751023,27.461754159801043,27.458452469851288,,,
57.28937686253878,-22.914311639711332,bursting,bursting,75,83,16.0,16.0,0.25832463713120196,0.25777694364941595,0.4743382980741865,0.46919720358466654,27.743518809151446,27.63881205824742,,,
57.28937686253878,-21.731662231386487,bursting,bursting,75,82,16.0,16.0,0.26398000624804735,0.26414594177752104,0.48061903732006817,0.48197416618469235,27.600735795950822,27.57928803466132,,,
57.28937686253878,-21.331019414577387,bursting,bursting,75,83,16.0,16.0,0.26000999214902576,0.2671739024745976,0.47581662027454613,0.4861685060041809,27.684639840758063,27.519277192624802,,,
57.28937686253878,-21.277755696486683,bursting,bursting,75,83,16.0,16.0,0.25906084812857033,0.2636429085673145,0.47407969279635886,0.4799616030717543,27.699361874501385,27.56537917599996,,,
57.28937686253878,-20.94074530858559,bursting,bursting,75,82,16.0,16.0,0.265458241572082,0.26252835143846254,0.4840153916894558,0.47749791094663946,27.58965272803319,27.57636329033589,,,
57.28937686253878,-20.639342432714603,bursting,bursting,75,82,16.0,16.0,0.2603770913467212,0.2619984641965827,0.47195412605894704,0.47993856786331357,27.59087339581508,27.63700929534935,,,
57.28937686253878,-20.55028450245337,bursting,bursting,75,82,16.0,16.0,0.2579948851505128,0.2602870357125827,0.4692522465451303,0.4768035092738283,27.641898278365083,27.67288350932701,,,
57.28937686253878,-19.864841861022217,bursting,bursting,75,82,16.0,16.0,0.26464860186097944,0.2611656936731692,0.480873265850785,0.4746309744173906,27.565434658149737,27.586630953468028,,,
57.28937686253878,-19.766628381718544,bursting,bursting,75,82,16.0,16.0,0.26422207814038384,0.26647453440217006,0.4802727949475301,0.4843670533530308,27.575106492602107,27.518633334492353,,,
57.28937686253878,-19.562622806541974,bursting,bursting,75,82,16.0,16.0,0.2642284232265502,0.2584987665922708,0.4802843283223667,0.46986961118289666,27.568945107342362,27.620279481534943,,,
57.28937686253878,-19.552808902450636,bursting,bursting,75,82,16.0,16.0,0.2642284232265502,0.2585169869836946,0.4802843283223667,0.4699027301348621,27.568945107342362,27.62027948153491,,,
57.28937686253878,-19.53567735386656,bursting,bursting,75,82,16.0,16.0,0.2642284232265502,0.2585655872538424,0.4802843283223667,0.4699910701696668,27.568945107342362,27.62027948153491,,,
57.28937686253878,-19.421761202620033,bursting,bursting,75,82,16.0,16.0,0.2642284232265502,0.259768161106783,0.4802843283223667,0.4721769719290791,27.568945107342362,27.60035593724493,,,
57.28937686253878,-18.91369146338961,bursting,bursting,75,82,16.0,16.0,0.2638708747658163,0.2623774216694569,0.48037661526636893,0.4783544606553455,27.579939172457458,27.59677843836906,,,
57.28937686253878,-18.73742354832292,bursting,bursting,75,82,16.0,16.0,0.2709567535545023,0.27090194150897023,0.4936808846761454,0.49152125829442134,27.511786889107974,27.445525524771234,,,
57.28937686253878,-18.64217287385621,bursting,bursting,75,82,16.0,16.0,0.26913380816016846,0.2640488447264456,0.4895122010916121,0.4788698671136118,27.519815143441274,27.523403143073335,,,
57.28937686253878,-18.513491657593114,bursting,bursting,75,82,16.0,16.0,0.26551873824338024,0.2648928768503636,0.4823228669271209,0.479834936781747,27.549039660477032,27.50964502998938,,,
57.28937686253878,-18.25714244410362,bursting,bursting,75,82,16.0,16.0,0.26787059767153587,0.2709866364777399,0.48610942323116935,0.49221076464942287,27.508481792141726,27.454560633396728,,,
57.28937686253878,-18.063443290817037,bursting,bursting,75,82,16.0,16.0,0.2708399950805556,0.2695769136708245,0.49194441028163816,0.4891171435558816,27.47959397604951,27.466934687972003,,,
57.28937686253878,-17.01011737753121,bursting,bursting,82,77,16.0,16.0,0.26970680858335583,0.2744915004421735,0.48824548983228755,0.4913039206052864,27.461226626799792,27.27993601645184,[-52.       -52.       -52.       ... -56.04593  -56.045937 -56.04594 ],[-52.       -52.       -52.       ... -54.57969  -54.579453 -54.579216],"[0.000000e+00 5.000000e-05 1.000000e-04 ... 9.999849e+00 9.999900e+00
 9.999949e+00]"
