g_syn_i,Vi_threshold,regime_A,regime_B,spike_count_A,spike_count_B,mean_spikes_per_burst_A,mean_spikes_per_burst_B,duty_cycle_A,duty_cycle_B,interburst_freq_A,interburst_freq_B,intraburst_freq_A,intraburst_freq_B,V_trace_A,V_trace_B,time
26.058776622630926,-22.914311639711332,bursting,bursting,75,82,16.0,16.0,0.2773222341300502,0.2694364459070341,0.498467213319044,0.4839451206233211,27.34513272838977,27.418784272991346,[-52.      -52.      -52.      ... -53.63521 -53.63463 -53.63405],[-52.       -52.       -52.       ... -55.61857  -55.618423 -55.618275],"[0.000000e+00 5.000000e-05 1.000000e-04 ... 9.999849e+00 9.999900e+00
 9.999949e+00]"
26.058776622630926,-21.731662231386487,bursting,bursting,76,82,16.0,16.0,0.2785301259105362,0.2745199536591978,0.5006383138501589,0.4929872562794251,27.321060488018194,27.345757562299077,,,
26.058776622630926,-21.331019414577387,bursting,bursting,76,82,16.0,16.0,0.2751992498827941,0.2778728114308712,0.49349816171934763,0.503119339907426,27.343125357454255,27.337078546726485,,,
26.058776622630926,-21.277755696486683,bursting,bursting,76,82,16.0,16.0,0.2754841246436647,0.27408834865105264,0.49149710016710896,0.49411997232928145,27.323413647743696,27.372659553181958,,,
26.058776622630926,-20.94074530858559,bursting,bursting,77,82,16.0,16.0,0.27991709119968033,0.2754465727559565,0.4994506043352313,0.4968820650418623,27.256311467166483,27.356625227678855,,,
26.058776622630926,-20.639342432714603,bursting,bursting,78,82,16.0,16.0,0.2774811908722965,0.2783860806959652,0.49661063243364034,0.49997500124993755,27.30644069014186,27.278084057703698,,,
26.058776622630926,-20.55028450245337,bursting,bursting,76,82,16.0,16.0,0.2768280632411066,0.2782766166151062,0.49407114624505927,0.5030307603309944,27.29589455332334,27.300939128502907,,,
26.058776622630926,-19.864841861022217,bursting,bursting,77,82,16.0,16.0,0.2741975308641978,0.2796792390781919,0.4938271604938272,0.5059320533252383,27.38820644196559,27.263104188941416,,,
26.058776622630926,-19.766628381718544,bursting,bursting,76,82,16.0,16.0,0.27955701885662954,0.27676697854691795,0.49885263893045995,0.4937418224010666,27.24746562057889,27.265209287878065,,,
26.058776622630926,-19.562622806541974,bursting,bursting,81,81,15.5,15.5,0.2924460246302881,0.28907037448634104,0.5152779924769413,0.5168893598325279,27.328968841094245,27.41881482075558,,,
26.058776622630926,-19.552808902450636,bursting,bursting,80,81,15.5,15.5,0.2869294819078945,0.28487525854804496,0.5139802631578947,0.5107121881463701,27.474786777807,27.485178593873993,,,
26.058776622630926,-19.53567735386656,bursting,bursting,80,81,16.0,16.0,0.2829111399222102,0.2811411259782883,0.49865363518500055,0.5049229992426154,27.15903092326473,27.158719337406076,,,
26.058776622630926,-19.421761202620033,bursting,bursting,82,77,16.0,15.5,0.2786356821589205,0.25815395473105796,0.4997501249375311,0.5041084841457881,27.29037405831215,27.490350667925544,,,
26.058776622630926,-18.91369146338961,bursting,bursting,82,80,15.5,15.5,0.26675234073802095,0.26393502179779926,0.5245351307403814,0.5189952252439277,27.357470773557512,27.415135611226255,,,
26.058776622630926,-18.73742354832292,bursting,bursting,80,81,15.5,15.5,0.2659760914489,0.2596065873741997,0.5231630437625885,0.5082850462539391,27.451662260530853,27.479645128347666,,,
26.058776622630926,-18.64217287385621,bursting,bursting,80,81,15.5,16.0,0.2577700225071444,0.2814999377102279,0.5057785195862732,0.4983181761554754,27.56683240434831,27.16185400337654,,,
26.058776622630926,-18.513491657593114,bursting,bursting,77,82,15.5,16.0,0.25678201566052034,0.2816568642235966,0.505178075271533,0.5026893882270145,27.59770273164492,27.146462625811715,,,
26.058776622630926,-18.25714244410362,bursting,bursting,81,81,15.5,15.5,0.2644587502262212,0.2592113276492081,0.5170764497530961,0.5075111652456352,27.425224467988087,27.479645128347702,,,
26.058776622630926,-18.063443290817037,bursting,bursting,82,80,15.5,15.5,0.26446558767257894,0.25929028327749,0.5170898185014737,0.5076657528683114,27.425224467988087,27.47897106559487,,,
26.058776622630926,-17.01011737753121,bursting,bursting,83,80,15.0,15.0,0.2676672429147676,0.2672255698192301,0.523861910000524,0.5239717055279015,27.69019795037637,27.696670640720303,,,
26.51607007797135,-22.914311639711332,bursting,bursting,75,82,16.0,16.0,0.27116148976887966,0.2725581626072723,0.4907012120319936,0.4960563520015873,27.482663391187256,27.469391543139867,,,
26.51607007797135,-21.731662231386487,bursting,bursting,75,82,16.0,16.0,0.2763486297476956,0.2725798525798528,0.4942298663108212,0.49140049140049136,27.328669145152055,27.3995862343693,[-52.       -52.       -52.       ... -53.31324  -53.31233  -53.311417],[-52.       -52.       -52.       ... -55.583572 -55.583427 -55.58328 ],"[0.000000e+00 5.000000e-05 1.000000e-04 ... 9.999849e+00 9.999900e+00
 9.999949e+00]"
26.51607007797135,-21.331019414577387,bursting,bursting,76,82,16.0,16.0,0.27949413727003414,0.2739682069510268,0.4978963877617068,0.4936808846761454,27.249362824070133,27.37795748781862,,,
26.51607007797135,-21.277755696486683,bursting,bursting,75,82,16.0,16.0,0.27580040663351535,0.27396446775869754,0.4899198980966612,0.4948780125699014,27.29909849114116,27.392008865235603,,,
26.51607007797135,-20.94074530858559,bursting,bursting,76,82,16.0,16.0,0.27610826409274086,0.2802377713969071,0.49753719090502013,0.5037529595486373,27.38141915906304,27.2156707077968,,,
26.51607007797135,-20.639342432714603,bursting,bursting,77,81,16.0,16.0,0.2767523103986523,0.2772408612919379,0.4955278610539876,0.5007511266900349,27.319558857398516,27.33243441796411,,,
26.51607007797135,-20.55028450245337,bursting,bursting,76,82,16.0,16.0,0.27814203532042114,0.27553191489361695,0.5024241967493154,0.4948045522018803,27.357864887227322,27.323007634444618,,,
26.51607007797135,-19.864841861022217,bursting,bursting,83,77,16.0,16.0,0.27623579828582834,0.2788108728752213,0.49830576041459035,0.4992137383620798,27.3780828506144,27.25063500295848,,,
26.51607007797135,-19.766628381718544,bursting,bursting,76,82,16.0,16.0,0.2781381247048883,0.2791012928329356,0.497030244290365,0.502071043052592,27.28647198499446,27.271203167401886,,,
26.51607007797135,-19.562622806541974,bursting,bursting,77,82,16.0,16.0,0.27872414826656017,0.2777888644981042,0.49955040463582756,0.4989024146876872,27.295815604285277,27.291813892450534,,,
26.51607007797135,-19.552808902450636,bursting,bursting,77,82,16.0,16.0,0.27994383571947934,0.27558645946748483,0.5014667903618083,0.4949025042066713,27.268782284114813,27.314846768368948,,,
26.51607007797135,-19.53567735386656,bursting,bursting,79,81,16.0,16.0,0.2768411932169822,0.2807217041922524,0.49511078103725703,0.5053950926136505,27.31310172246429,27.18558623268934,,,
26.51607007797135,-19.421761202620033,bursting,bursting,78,82,16.0,16.0,0.2797553942527592,0.2796682798951403,0.4971661529283085,0.504133897963299,27.227324259971613,27.259814870073857,,,
26.51607007797135,-18.91369146338961,bursting,bursting,76,82,16.0,16.0,0.27442295388552607,0.2777344830186784,0.4921502042423348,0.5027778476080343,27.350338310721675,27.31615475763699,,,
26.51607007797135,-18.73742354832292,bursting,bursting,79,81,16.0,15.5,0.28239864528339464,0.2826497778231779,0.49805757545572266,0.5107513151846367,27.161744967367905,27.56462440960977,,,
26.51607007797135,-18.64217287385621,bursting,bursting,85,75,15.0,16.0,0.2545273214004515,0.27414486921529163,0.5249068290378458,0.5030181086519113,27.161499089102183,27.52091006561862,,,
26.51607007797135,-18.513491657593114,bursting,bursting,85,75,15.0,16.0,0.25609337452797803,0.2744115796098174,0.5281364704639677,0.5034612964128382,27.114890764403953,27.508688718929253,,,
26.51607007797135,-18.25714244410362,bursting,bursting,82,80,15.5,15.5,0.2580384226491406,0.28336283185840694,0.505561172901921,0.5056890012642224,27.53759795486402,27.463472139799865,,,
26.51607007797135,-18.063443290817037,bursting,bursting,80,81,15.0,15.5,0.26895278290688485,0.2625167404965488,0.5275652862041678,0.5150922015040693,27.70306725930348,27.46509081482798,,,
26.51607007797135,-17.01011737753121,bursting,bursting,82,80,15.0,15.0,0.26851292820580097,0.26617934995431414,0.5250032812705079,0.5221250489492233,27.678527451704024,27.70165229978548,,,
26.932654231414183,-22.914311639711332,bursting,bursting,75,82,16.0,16.0,0.27329940752759546,0.2718432260764668,0.4916783440273374,0.4923804131071666,27.412625195096066,27.447441662964522,,,
26.932654231414183,-21.731662231386487,bursting,bursting,75,82,16.0,16.0,0.2745059337297378,0.2756025602560254,0.4934494584392193,0.5000500050004999,27.379578515094106,27.402317103195095,,,
26.932654231414183,-21.331019414577387,bursting,bursting,76,82,16.0,16.0,0.2767445320636809,0.2713539495303726,0.49595794276645333,0.49047257032150476,27.32200189066508,27.443663275637174,[-52.       -52.       -52.       ... -77.581856 -77.45059  -77.319984],[-52.       -52.       -52.       ... -55.5391   -55.539017 -55.538933],"[0.000000e+00 5.000000e-05 1.000000e-04 ... 9.999849e+00 9.999900e+00
 9.999949e+00]"
26.932654231414183,-21.277755696486683,bursting,bursting,75,82,16.0,16.0,0.2754763672358329,0.2718537268683495,0.49492699826775544,0.4915091789339165,27.35793911726218,27.43477134622098,,,
26.932654231414183,-20.94074530858559,bursting,bursting,75,82,16.0,16.0,0.276518988905636,0.2749344805419571,0.4941810185070791,0.4944864757948869,27.313091407891857,27.349707522983692,,,
26.932654231414183,-20.639342432714603,bursting,bursting,77,82,16.0,16.0,0.28066502156085626,0.2768360173505509,0.49851691218624583,0.4985790497083312,27.223608763143083,27.324753352158538,,,
26.932654231414183,-20.55028450245337,bursting,bursting,75,82,16.0,16.0,0.27800602574637095,0.27682403433476405,0.49799556783944626,0.49905180157700346,27.30061995811226,27.336169421975676,,,
26.932654231414183,-19.864841861022217,bursting,bursting,86,75,15.0,16.0,0.2576464351974556,0.270547263681592,0.5300821627352239,0.4975124378109451,27.035020332812525,27.59992653342819,,,
26.932654231414183,-19.766628381718544,bursting,bursting,76,82,16.0,16.0,0.2794702981450423,0.2809323209646091,0.5006633789771447,0.5045026864768055,27.27680477914117,27.193208020001315,,,
26.932654231414183,-19.562622806541974,bursting,bursting,84,75,14.5,16.0,0.2571740113294858,0.27533316570279087,0.5319007473205499,0.502891626854413,27.473729609410558,27.449656448260136,,,
26.932654231414183,-19.552808902450636,bursting,bursting,85,75,15.0,16.0,0.25563232997114343,0.2742756804214221,0.5294787281920948,0.5016932145992726,27.17857643980293,27.48775534637093,,,
26.932654231414183,-19.53567735386656,bursting,bursting,85,76,15.0,16.0,0.25131177069465127,0.2732969071131383,0.5220977889158639,0.501278259561883,27.27424983101355,27.53478776469611,,,
26.932654231414183,-19.421761202620033,bursting,bursting,85,76,15.0,16.0,0.2536765676567656,0.27497925206850565,0.528052805280528,0.5029801574327892,27.23193757627658,27.488844430565436,,,
26.932654231414183,-18.91369146338961,bursting,bursting,85,76,15.0,16.0,0.25207175076051613,0.2742360710071058,0.524493863421798,0.5021718934391243,27.278354252722977,27.500624192104745,,,
26.932654231414183,-18.73742354832292,bursting,bursting,84,75,14.5,15.5,0.2577463278653372,0.28255509323470474,0.5360780529645117,0.5136898340781836,27.51021461309128,27.62491315903665,,,
26.932654231414183,-18.64217287385621,bursting,bursting,85,74,14.5,15.5,0.25716101021866894,0.2793241325938344,0.529464711177,0.5159293176834774,27.42644430102447,27.815676787323365,,,
26.932654231414183,-18.513491657593114,bursting,bursting,85,75,14.5,16.0,0.2602959243630147,0.27417238595074656,0.534159500026708,0.5046427129592248,27.36863965529485,27.54754856760422,,,
26.932654231414183,-18.25714244410362,bursting,bursting,82,80,15.5,15.5,0.26204407784508293,0.28422229563184537,0.515530351849465,0.5082204660381674,27.502358838539557,27.46923085986661,,,
26.932654231414183,-18.063443290817037,bursting,bursting,80,81,15.5,15.5,0.28435596115118905,0.2866703848298941,0.5098269137627773,0.5070222582771382,27.508494057589026,27.377878173419855,,,
26.932654231414183,-17.01011737753121,bursting,bursting,82,80,15.0,15.0,0.2721556088462563,0.2701023295169094,0.5329070077271516,0.5288347127105423,27.64528996441565,27.65097229752604,,,
27.245528652502802,-22.914311639711332,bursting,bursting,75,82,16.0,16.0,0.2752213926028824,0.27366545400549414,0.4961178776077197,0.49496374390575876,27.40575096317591,27.40514614237594,,,
27.245528652502802,-21.731662231386487,bursting,bursting,76,82,16.0,16.0,0.2759916905727571,0.2737087109394344,0.4946087644673063,0.4952211162283961,27.339674381731715,27.408325520150182,,,
27.245528652502802,-21.331019414577387,bursting,bursting,75,82,16.0,16.0,0.2762009005199136,0.27642032678758816,0.4975248140501008,0.4996752111127766,27.36508707800106,27.363020756395894,,,
27.245528652502802,-21.277755696486683,bursting,bursting,75,82,16.0,16.0,0.2698791658546094,0.2763078773301264,0.48723445722081454,0.5011024253357387,27.478009717840354,27.381897865474244,[-52.       -52.       -52.       ... -53.864647 -53.86421  -53.863766],[-52.       -52.       -52.       ... -55.70067  -55.700527 -55.700386],"[0.000000e+00 5.000000e-05 1.000000e-04 ... 9.999849e+00 9.999900e+00
 9.999949e+00]"
27.245528652502802,-20.94074530858559,bursting,bursting,76,82,16.0,16.0,0.2798500980319161,0.27281605547145854,0.4963641327277692,0.48830509302212016,27.237336832185296,27.352112474788385,,,
27.245528652502802,-20.639342432714603,bursting,bursting,78,82,16.0,16.0,0.27962380881105614,0.27501919314495155,0.4989273062914733,0.4953069664924837,27.25782862088284,27.36105625489542,,,
27.245528652502802,-20.55028450245337,bursting,bursting,75,82,16.0,16.0,0.27218381756008747,0.2701461173825931,0.492017023789023,0.4886868983042564,27.455849180898625,27.46242919869007,,,
27.245528652502802,-19.864841861022217,bursting,bursting,76,82,16.0,16.0,0.2761489698890651,0.2738921120849276,0.4952456418383518,0.49376620170349345,27.339825438660732,27.378659192612055,,,
27.245528652502802,-19.766628381718544,bursting,bursting,76,82,16.0,16.0,0.2782689273460393,0.2763417005259614,0.5008890781136517,0.4985417653363911,27.333499369849605,27.342306875117664,,,
27.245528652502802,-19.562622806541974,bursting,bursting,76,82,16.0,16.0,0.2761526898149288,0.27441756272401446,0.492865768008083,0.49780963759458363,27.298725237625156,27.415700679144052,,,
27.245528652502802,-19.552808902450636,bursting,bursting,77,80,16.0,15.5,0.2796883666986031,0.2824045879009337,0.5042610054964451,0.5075111652456352,27.309966880983815,27.525965936685058,,,
27.245528652502802,-19.53567735386656,bursting,bursting,78,82,16.0,16.0,0.28145869287911746,0.27715915601723845,0.5002376128661116,0.498218867548514,27.201675019809972,27.296156045264564,,,
27.245528652502802,-19.421761202620033,bursting,bursting,77,82,16.0,16.0,0.2796846936739172,0.2780548319067116,0.4989024146876871,0.49621635032874334,27.255828245843922,27.245919400975502,,,
27.245528652502802,-18.91369146338961,bursting,bursting,77,82,16.0,16.0,0.2790720952929105,0.2748216409036859,0.5004879757763819,0.4954419342053112,27.289108678410297,27.358691765671804,,,
27.245528652502802,-18.73742354832292,bursting,bursting,77,82,16.0,16.0,0.284077291791492,0.27866301974856345,0.4993009786299182,0.5018694637524781,27.13613821848205,27.265059407947785,,,
27.245528652502802,-18.64217287385621,bursting,bursting,79,80,15.5,15.5,0.2658595261754093,0.2595975271580122,0.5229851995188537,0.5088152237514947,27.467011892051758,27.494391066192332,,,
27.245528652502802,-18.513491657593114,bursting,bursting,78,81,15.5,15.5,0.2658595261754093,0.25964376590330757,0.5229851995188537,0.5089058524173028,27.467011892051758,27.492126139432838,,,
27.245528652502802,-18.25714244410362,bursting,bursting,78,81,15.5,15.5,0.2660055990162477,0.25959092296733455,0.5232725465058478,0.508802279434212,27.460382681870655,27.483016416334507,,,
27.245528652502802,-18.063443290817037,bursting,bursting,80,80,15.5,15.5,0.26604040192589495,0.25821798213427105,0.5233410090014653,0.5061112938735229,27.45311713102993,27.519940295820707,,,
27.245528652502802,-17.01011737753121,bursting,bursting,76,82,15.5,15.5,0.2832853246322873,0.26314972043901397,0.5098269137627776,0.5177055290950509,27.54471323368515,27.43680624020533,,,
27.436723822293487,-22.914311639711332,bursting,bursting,75,82,16.0,16.0,0.2690148408513962,0.2719144416726359,0.4881859011911736,0.49398572381258177,27.53293591797132,27.471422072244835,,,
27.436723822293487,-21.731662231386487,bursting,bursting,75,82,16.0,16.0,0.2763420973707887,0.2738302836792338,0.49985004498650404,0.49121945229031067,27.412018547851325,27.345031584088133,,,
27.436723822293487,-21.331019414577387,bursting,bursting,75,82,16.0,16.0,0.2748070834982193,0.27237421035813486,0.49465769687376326,0.491605830445149,27.380143327182353,27.418618562497304,,,
27.436723822293487,-21.277755696486683,bursting,bursting,75,82,16.0,16.0,0.2753177887355354,0.27210917628644105,0.49557697549371854,0.48914106828409304,27.38891166057359,27.390178017427846,,,
27.436723822293487,-20.94074530858559,bursting,bursting,75,82,16.0,16.0,0.2788533881727443,0.2729083665338646,0.5015799769273211,0.49185972160739755,27.316682685167827,27.397007721807352,[-52.       -52.       -52.       ... -53.30012  -53.29919  -53.298256],[-52.       -52.       -52.       ... -55.583233 -55.583088 -55.58294 ],"[0.000000e+00 5.000000e-05 1.000000e-04 ... 9.999849e+00 9.999900e+00
 9.999949e+00]"
27.436723822293487,-20.639342432714603,bursting,bursting,75,82,16.0,16.0,0.2699359507162763,0.2755881837087519,0.48892582995159645,0.5011149808323518,27.498603991656555,27.402940696981627,,,
27.436723822293487,-20.55028450245337,bursting,bursting,76,82,16.0,16.0,0.27865084322298556,0.2735120288397874,0.499687695190506,0.49047257032150476,27.310151696223393,27.34952398855205,,,
27.436723822293487,-19.864841861022217,bursting,bursting,78,82,16.0,16.0,0.28174723061430035,0.27045553989012594,0.5035246727089626,0.4861685060041809,27.218440542951363,27.419242283563232,,,
27.436723822293487,-19.766628381718544,bursting,bursting,80,80,15.5,15.5,0.2629101910992733,0.2627891947783379,0.5171834190995835,0.5169962517771745,27.507843359699265,27.477115499146038,,,
27.436723822293487,-19.562622806541974,bursting,bursting,77,82,16.0,16.0,0.28021042084168346,0.27925179424341684,0.5010020040080159,0.5001375378229012,27.253236657791795,27.248861632188774,,,
27.436723822293487,-19.552808902450636,bursting,bursting,77,82,16.0,16.0,0.27962285742717113,0.2767687855503445,0.4975495683757495,0.4989522003792037,27.2507118542292,27.32369594738566,,,
27.436723822293487,-19.53567735386656,bursting,bursting,77,82,16.0,16.0,0.279391833616717,0.2789405913096168,0.4928414775387497,0.5049612442245058,27.214660379505855,27.306895923631778,,,
27.436723822293487,-19.421761202620033,bursting,bursting,83,77,16.0,16.0,0.2748365689381933,0.27856305935731557,0.4952456418383519,0.4985914790716226,27.38818122119504,27.25563537506861,,,
27.436723822293487,-18.91369146338961,bursting,bursting,82,79,15.5,15.5,0.28830026590304786,0.2856559364868658,0.5113520147269379,0.5105557399229059,27.400295282686873,27.455941734244128,,,
27.436723822293487,-18.73742354832292,bursting,bursting,77,87,16.5,15.0,0.2893462172063633,0.2556200995076715,0.4917508790046962,0.5209825731329287,27.42521504037568,27.029047015803602,,,
27.436723822293487,-18.64217287385621,bursting,bursting,86,75,14.5,16.0,0.2588191706142323,0.2989425333770793,0.5292825574933178,0.5047573379097997,27.355958778379218,27.538580738592852,,,
27.436723822293487,-18.513491657593114,bursting,bursting,85,76,15.0,16.0,0.2557583486092292,0.27740809149103035,0.5313355118089316,0.5060344609467906,27.144422257501187,27.396131035227558,,,
27.436723822293487,-18.25714244410362,bursting,bursting,76,82,15.5,16.0,0.2573077215093767,0.2774445185020614,0.5061625287879938,0.4937174455059369,27.603305278601933,27.244702171255593,,,
27.436723822293487,-18.063443290817037,bursting,bursting,80,81,15.0,15.5,0.2690587706067582,0.26431146733068767,0.529226535418486,0.5187663735636656,27.732838334867097,27.40545917042359,,,
27.436723822293487,-17.01011737753121,bursting,bursting,85,75,14.5,16.0,0.2607328998979099,0.2785681387851187,0.5373166406963622,0.511744537127066,27.402991195968614,27.413141205366074,,,
27.890448293658828,-22.914311639711332,bursting,bursting,75,82,16.0,16.0,0.2721281532309817,0.27000731528895394,0.49365651379769965,0.4876859302609119,27.49860399165657,27.452744373145226,,,
27.890448293658828,-21.731662231386487,bursting,bursting,75,82,16.0,16.0,0.2704370179948585,0.2665876490650928,0.48965601664830455,0.4837812341259282,27.49684932826453,27.530718203011013,,,
27.890448293658828,-21.331019414577387,bursting,bursting,75,82,16.0,16.0,0.2747803643222315,0.27190369212736865,0.4963518141658808,0.48837663606173076,27.423341835267106,27.382670035631687,,,
27.890448293658828,-21.277755696486683,bursting,bursting,75,82,16.0,16.0,0.2747871838780929,0.2689613526570048,0.4963641327277691,0.48309178743961345,27.42131838586369,27.426425657847243,,,
27.890448293658828,-20.94074530858559,bursting,bursting,75,82,16.0,16.0,0.27350385147145945,0.27031310963714417,0.4937783922575548,0.4877097151775262,27.426813002982577,27.436513507398974,,,
27.890448293658828,-20.639342432714603,bursting,bursting,75,82,16.0,16.0,0.27154239622270326,0.2709766501467072,0.4918355301987016,0.4931331212860912,27.472695298712708,27.505181017218742,[-52.       -52.       -52.       ... -54.17842  -54.17809  -54.177757],[-52.       -52.       -52.       ... -55.822197 -55.822063 -55.82193 ],"[0.000000e+00 5.000000e-05 1.000000e-04 ... 9.999849e+00 9.999900e+00
 9.999949e+00]"
27.890448293658828,-20.55028450245337,bursting,bursting,75,82,16.0,16.0,0.27386301911016725,0.2765526045708279,0.49380277517159643,0.5006383138501588,27.40858164747778,27.370263435354886,,,
27.890448293658828,-19.864841861022217,bursting,bursting,75,82,16.0,16.0,0.2731105905560351,0.2782538765047374,0.49315744051288357,0.5026262220100022,27.436506476380664,27.304006205810392,,,
27.890448293658828,-19.766628381718544,bursting,bursting,75,82,16.0,16.0,0.2756389517955355,0.27411041728615304,0.49772291765174315,0.495589255624938,27.393621750031954,27.405896663057934,,,
27.890448293658828,-19.562622806541974,bursting,bursting,80,81,15.5,15.5,0.26495504391663643,0.2592705708686465,0.5197235070942259,0.5090224224377083,27.452946149160677,27.525570491705707,,,
27.890448293658828,-19.552808902450636,bursting,bursting,77,82,16.0,16.0,0.280238137104675,0.2757564530072864,0.5023989550101736,0.4940101272076079,27.27112603881737,27.300588813584923,,,
27.890448293658828,-19.53567735386656,bursting,bursting,80,81,15.5,15.5,0.25521054870267984,0.2831274885242576,0.5004128405934897,0.5072151352996372,27.60142214126038,27.490993290127523,,,
27.890448293658828,-19.421761202620033,bursting,bursting,75,82,16.0,16.0,0.2741540819100819,0.2713992071648807,0.4943275908944857,0.4894043948514657,27.41050605978312,27.41926018761292,,,
27.890448293658828,-18.91369146338961,bursting,bursting,77,82,16.0,16.0,0.28395342375792487,0.27914226099198075,0.5051653153494482,0.5027778476080343,27.156192027222012,27.279543368267568,,,
27.890448293658828,-18.73742354832292,bursting,bursting,77,82,16.0,16.0,0.27921013412816703,0.27642316878980866,0.49677098857426727,0.4976114649681529,27.250151248550814,27.321335616617088,,,
27.890448293658828,-18.64217287385621,bursting,bursting,76,82,16.0,16.0,0.2810841782715929,0.2763921764046346,0.49824369098926274,0.4983181761554752,27.20021715863288,27.341122472298853,,,
27.890448293658828,-18.513491657593114,bursting,bursting,76,82,16.0,16.0,0.2756091496767776,0.2758560750912565,0.49726504226752855,0.49663529587047744,27.38147134446253,27.345132728389792,,,
27.890448293658828,-18.25714244410362,bursting,bursting,80,81,16.0,15.5,0.28216653274407394,0.2831984165249828,0.5022097227802329,0.5075240439515822,27.179953631545846,27.492630226636805,,,
27.890448293658828,-18.063443290817037,bursting,bursting,77,82,16.0,16.0,0.280434728543361,0.27923447860156736,0.49740107936034217,0.5023106288929073,27.2220527793574,27.252494241097345,,,
27.890448293658828,-17.01011737753121,bursting,bursting,79,81,15.5,15.5,0.262048965765026,0.2856668454798582,0.5132679772109017,0.5108948322987711,27.460426508691977,27.45736976797745,,,
28.09266555434005,-22.914311639711332,bursting,bursting,75,82,16.0,16.0,0.2685998828353837,0.2671357515467668,0.4881859011911734,0.48526022079340053,27.558462653940204,27.531453019497963,,,
28.09266555434005,-21.731662231386487,bursting,bursting,75,82,16.0,16.0,0.27622412669773966,0.2735049037681584,0.5011777677542226,0.4916058304451492,27.438143888444547,27.360962530532724,,,
28.09266555434005,-21.331019414577387,bursting,bursting,75,82,16.0,16.0,0.2700790475261053,0.26973394090842256,0.48794769200741683,0.4899799108236563,27.482860927860983,27.497211885621528,,,
28.09266555434005,-21.277755696486683,bursting,bursting,75,82,16.0,16.0,0.2700658697243231,0.27447216890594983,0.4879238838741157,0.4985417653363911,27.48523684032637,27.43327836321753,,,
28.09266555434005,-20.94074530858559,bursting,bursting,75,82,16.0,16.0,0.2723926380368099,0.2692429444566194,0.49079754601226994,0.487009034017581,27.42733070519801,27.48014154092366,,,
28.09266555434005,-20.639342432714603,bursting,bursting,75,82,16.0,16.0,0.26980403655378016,0.2732264877624547,0.48868689830425655,0.49695614362032553,27.500234777607528,27.450693543003318,,,
28.09266555434005,-20.55028450245337,bursting,bursting,75,82,16.0,16.0,0.2721426987607481,0.27133076488920527,0.4927443395993988,0.49078550219626504,27.470302911761717,27.438940335085835,[-52.       -52.       -52.       ... -53.719986 -53.719467 -53.71895 ],[-52.       -52.       -52.       ... -55.646175 -55.646034 -55.64589 ],"[0.000000e+00 5.000000e-05 1.000000e-04 ... 9.999849e+00 9.999900e+00
 9.999949e+00]"
28.09266555434005,-19.864841861022217,bursting,bursting,75,82,16.0,16.0,0.27536847364476646,0.2805322270565617,0.49962528103922044,0.5059192552868561,27.451703930269613,27.233477342350987,,,
28.09266555434005,-19.766628381718544,bursting,bursting,82,76,16.0,15.5,0.27635042901716056,0.259623238717582,0.48751950078003126,0.5105166428425566,27.26299827058959,27.54348170295076,,,
28.09266555434005,-19.562622806541974,bursting,bursting,76,82,16.0,16.0,0.27566098344452694,0.27558217228835197,0.4941932295527551,0.49493924620752794,27.340365366657252,27.329576490340834,,,
28.09266555434005,-19.552808902450636,bursting,bursting,76,82,16.0,16.0,0.27566098344452694,0.27558217228835197,0.4941932295527551,0.49493924620752794,27.340365366657252,27.329576490340834,,,
28.09266555434005,-19.53567735386656,bursting,bursting,76,82,16.0,16.0,0.27357605098058607,0.27312427524610816,0.49399792520871416,0.4934494584392193,27.42595969518592,27.40750680446885,,,
28.09266555434005,-19.421761202620033,bursting,bursting,76,82,16.0,16.0,0.2768936666749421,0.27129808751867196,0.4965366568186895,0.48975194064206473,27.332230265960668,27.429475741080786,,,
28.09266555434005,-18.91369146338961,bursting,bursting,77,81,16.0,15.5,0.27886398957236697,0.28204279164544027,0.5013285205795358,0.5094243504839531,27.307391705426348,27.567155454800993,,,
28.09266555434005,-18.73742354832292,bursting,bursting,78,81,16.0,15.5,0.27886398957236697,0.28204279164544027,0.5013285205795358,0.5094243504839531,27.307391705426348,27.567155454800993,,,
28.09266555434005,-18.64217287385621,bursting,bursting,76,82,16.0,16.0,0.27886398957236697,0.2758045232639235,0.5013285205795358,0.4981568197668625,27.30464024393287,27.355459388683673,,,
28.09266555434005,-18.513491657593114,bursting,bursting,77,82,16.0,16.0,0.27620537266001305,0.2741444584663352,0.4965489845573265,0.49489025808526943,27.3464372066637,27.386678791081696,,,
28.09266555434005,-18.25714244410362,bursting,bursting,77,82,16.0,16.0,0.2780485366524207,0.27821700173179753,0.4998625378021043,0.5019702331651732,27.32365156644798,27.305306524211453,,,
28.09266555434005,-18.063443290817037,bursting,bursting,77,82,16.0,16.0,0.2752708246333734,0.27325135462800315,0.4912918519246358,0.4948412796595493,27.313485425414523,27.418567038691364,,,
28.09266555434005,-17.01011737753121,bursting,bursting,78,81,15.5,16.0,0.2610931982189468,0.2760730167309534,0.5117969189825475,0.4913642729037172,27.5080384217649,27.27334461924543,,,
28.51520070359418,-22.914311639711332,bursting,bursting,75,82,16.0,16.0,0.2704502219403934,0.26311011300379866,0.4877810838495683,0.4778173304345748,27.469736272795917,27.58235059690388,,,
28.51520070359418,-21.731662231386487,bursting,bursting,75,82,16.0,16.0,0.27182252727049894,0.2756092085900283,0.4902561588429955,0.49884019654303746,27.45340941883834,27.36095313344662,,,
28.51520070359418,-21.331019414577387,bursting,bursting,75,82,16.0,16.0,0.2747814491035711,0.2714656990143674,0.49390033091322155,0.49036434070514395,27.388825848962384,27.42493029190023,,,
28.51520070359418,-21.277755696486683,bursting,bursting,75,82,16.0,16.0,0.27242353519223667,0.27025968622267915,0.4913401302051345,0.4895122010916121,27.4365399972427,27.47854216805838,,,
28.51520070359418,-20.94074530858559,bursting,bursting,75,82,16.0,16.0,0.2717014529095066,0.27012434954682046,0.4916783440273373,0.4886033273886594,27.472695298712715,27.4633353565867,,,
28.51520070359418,-20.639342432714603,bursting,bursting,75,82,16.0,16.0,0.273939723858069,0.27312024503507565,0.4948780125699015,0.49402232980930727,27.428005166637522,27.419591023032194,,,
28.51520070359418,-20.55028450245337,bursting,bursting,75,82,16.0,16.0,0.2699598491300645,0.26578642464033997,0.4866772113395791,0.4827652795210967,27.465335428855585,27.555119491226826,,,
28.51520070359418,-19.864841861022217,bursting,bursting,76,82,16.0,16.0,0.2728202381242236,0.2778297710889085,0.48696160307759734,0.5058808650562793,27.364128122351076,27.354222670872996,[-52.       -52.       -52.       ... -53.518196 -53.51752  -53.516846],[-52.       -52.       -52.       ... -55.628853 -55.628704 -55.62856 ],"[0.000000e+00 5.000000e-05 1.000000e-04 ... 9.999849e+00 9.999900e+00
 9.999949e+00]"
28.51520070359418,-19.766628381718544,bursting,bursting,76,82,16.0,16.0,0.2749064776530815,0.2720599103315761,0.49222287851939356,0.4926836478297285,27.3438906615114,27.43281593377644,,,
28.51520070359418,-19.562622806541974,bursting,bursting,76,82,16.0,16.0,0.2769287742254042,0.2759796843101128,0.49376620170349333,0.49793357566100677,27.302016152515073,27.34305485118529,,,
28.51520070359418,-19.552808902450636,bursting,bursting,76,82,16.0,16.0,0.2769287742254042,0.2759796843101128,0.49376620170349333,0.49793357566100677,27.302016152515073,27.34305485118529,,,
28.51520070359418,-19.53567735386656,bursting,bursting,76,82,16.0,16.0,0.28506925067221345,0.27816016881028904,0.5073309319669219,0.5024115755627009,27.0985306478002,27.31581668101135,,,
28.51520070359418,-19.421761202620033,bursting,bursting,77,82,16.0,16.0,0.2749062931544683,0.2763164462191163,0.49319392385085814,0.4991265285749938,27.360640405950516,27.3474780277597,,,
28.51520070359418,-18.91369146338961,bursting,bursting,77,82,16.0,16.0,0.28653179044387606,0.28120091208512793,0.5064188590383106,0.5067139599695972,27.0487667091249,27.204797093316294,,,
28.51520070359418,-18.73742354832292,bursting,bursting,78,82,16.0,16.0,0.28125157327694716,0.28009114355109266,0.503448623068016,0.5007887422690738,27.223987721900567,27.21470825170226,,,
28.51520070359418,-18.64217287385621,bursting,bursting,77,82,16.0,16.0,0.2830969565436835,0.27979170335337505,0.5047191238076011,0.5031319966793286,27.196391681609985,27.23633819588139,,,
28.51520070359418,-18.513491657593114,bursting,bursting,78,81,15.5,15.5,0.2548322483725587,0.2813196273040309,0.5007511266900351,0.5063803929511849,27.615962607278366,27.5468614465515,,,
28.51520070359418,-18.25714244410362,bursting,bursting,77,82,16.0,16.0,0.2788812927284026,0.28011918890937076,0.49720323182100684,0.5050377515719299,27.260208571918135,27.249402127824215,,,
28.51520070359418,-18.063443290817037,bursting,bursting,80,81,16.0,16.0,0.28295351872301994,0.27692955931195157,0.5019576347756249,0.49571209041788517,27.17703688332825,27.269287875304233,,,
28.51520070359418,-17.01011737753121,bursting,bursting,79,81,15.5,15.5,0.2650614940586079,0.26372490763944495,0.5200343222652696,0.5167024052496966,27.433702391223896,27.400494191252253,,,
28.562660416844494,-22.914311639711332,bursting,bursting,75,82,16.0,16.0,0.2702597339310948,0.26966016439700646,0.4873056868573656,0.4907373328425958,27.467490694414728,27.524621178210772,,,
28.562660416844494,-21.731662231386487,bursting,bursting,75,82,16.0,16.0,0.27422162538545675,0.27122767748528065,0.4973639709539441,0.48659432631015515,27.469895324320323,27.387436773660326,,,
28.562660416844494,-21.331019414577387,bursting,bursting,75,82,16.0,16.0,0.2683310351501075,0.27531399633984305,0.48382804751191416,0.5013913610268493,27.48719685048708,27.418747186645405,,,
28.562660416844494,-21.277755696486683,bursting,bursting,75,82,16.0,16.0,0.27099302069303294,0.2738640892785973,0.4897759275131626,0.49820645675567954,27.476437894305967,27.444309467918078,,,
28.562660416844494,-20.94074530858559,bursting,bursting,75,82,16.0,16.0,0.27163814180929086,0.2742675696460021,0.48899755501222486,0.4961424921237379,27.438807234401363,27.392102982925724,,,
28.562660416844494,-20.639342432714603,bursting,bursting,75,82,16.0,16.0,0.27410856512682247,0.2697917934981129,0.49013601274353624,0.487032752952636,27.351173662930623,27.46013675226075,,,
28.562660416844494,-20.55028450245337,bursting,bursting,75,82,16.0,16.0,0.27410856512682275,0.2697917934981129,0.49013601274353635,0.487032752952636,27.351173662930602,27.46013675226076,,,
28.562660416844494,-19.864841861022217,bursting,bursting,75,82,16.0,16.0,0.27823023883281717,0.2716254927404938,0.49965024482862,0.48967999412384,27.3223547501651,27.41771791954899,,,
28.562660416844494,-19.766628381718544,bursting,bursting,75,82,16.0,16.0,0.27930049606654306,0.2745506384033718,0.5010773162298944,0.49584727903805625,27.281720999985726,27.382578139375447,[-52.       -52.       -52.       ... -52.621616 -52.61874  -52.61585 ],[-52.       -52.       -52.       ... -55.53971  -55.539566 -55.53942 ],"[0.000000e+00 5.000000e-05 1.000000e-04 ... 9.999849e+00 9.999900e+00
 9.999949e+00]"
28.562660416844494,-19.562622806541974,bursting,bursting,75,82,16.0,16.0,0.27930049606654306,0.2745506384033718,0.5010773162298944,0.49584727903805625,27.281720999985726,27.382578139375447,,,
28.562660416844494,-19.552808902450636,bursting,bursting,76,82,16.0,16.0,0.27930049606654306,0.2745506384033718,0.5010773162298944,0.49584727903805625,27.281720999985726,27.381246287061877,,,
28.562660416844494,-19.53567735386656,bursting,bursting,76,82,16.0,16.0,0.27930049606654306,0.2745506384033718,0.5010773162298944,0.49584727903805625,27.281720999985726,27.380589508848,,,
28.562660416844494,-19.421761202620033,bursting,bursting,76,82,16.0,16.0,0.27930049606654306,0.27461191290978526,0.5010773162298944,0.49595794276645333,27.281720999985726,27.379500728619398,,,
28.562660416844494,-18.91369146338961,bursting,bursting,76,82,16.0,16.0,0.27930049606654306,0.2751030953445621,0.5010773162298944,0.4968450340338849,27.281720999985726,27.368505233756814,,,
28.562660416844494,-18.73742354832292,bursting,bursting,75,82,16.0,16.0,0.27930049606654306,0.2751030953445621,0.5010773162298944,0.4968450340338849,27.281720999985726,27.368505233756814,,,
28.562660416844494,-18.64217287385621,bursting,bursting,76,82,16.0,16.0,0.2826064934407131,0.27749224084419605,0.5065086359722433,0.4965859714463067,27.204780656267378,27.272898733459346,,,
28.562660416844494,-18.513491657593114,bursting,bursting,85,76,15.0,16.0,0.25467370263318395,0.2757875697131088,0.5303492349712285,0.5024368185700647,27.23410407002439,27.42787539762927,,,
28.562660416844494,-18.25714244410362,bursting,bursting,78,81,15.5,15.5,0.2610574218949736,0.2522228001089728,0.5113258679756609,0.495331500606781,27.499515744794977,27.633932755324825,,,
28.562660416844494,-18.063443290817037,bursting,bursting,82,81,15.5,15.5,0.2657681099084098,0.2631633125739875,0.5203996669442131,0.5146945287971589,27.3901564786656,27.403673215392562,,,
28.562660416844494,-17.01011737753121,bursting,bursting,81,80,15.5,15.5,0.2659574468085108,0.26165703275529884,0.5214851898206092,0.5138086062941551,27.39426540407417,27.48502805267209,,,
29.033456525669827,-22.914311639711332,bursting,bursting,75,82,16.0,16.0,0.2697585675497175,0.26629018245004354,0.4892248232675325,0.4826720725938796,27.527391211410208,27.540108270965227,,,
29.033456525669827,-21.731662231386487,bursting,bursting,75,82,16.0,16.0,0.2690218053356074,0.2683718546359799,0.48727006943598494,0.4881263270934517,27.52325065216275,27.526088873719647,,,
29.033456525669827,-21.331019414577387,bursting,bursting,75,82,16.0,16.0,0.2742277183820269,0.2705792682926826,0.4926836478297286,0.4917387883556255,27.383408156016532,27.500231390991036,,,
29.033456525669827,-21.277755696486683,bursting,bursting,75,82,16.0,16.0,0.27236942455777796,0.26827788697192473,0.4920412330553301,0.48530732086093514,27.454973845810432,27.494804612678237,,,
29.033456525669827,-20.94074530858559,bursting,bursting,75,82,16.0,16.0,0.27157216938238854,0.2696758409785936,0.4915333382486668,0.48929663608562685,27.474414006802427,27.498286834521746,,,
29.033456525669827,-20.639342432714603,bursting,bursting,75,82,16.0,16.0,0.2724290189693875,0.27086462925111426,0.49335208071240033,0.4925259191764966,27.461329519676784,27.502878017024386,,,
29.033456525669827,-20.55028450245337,bursting,bursting,75,82,16.0,16.0,0.2717586554787273,0.26924481893675584,0.4921380939491621,0.48705647419818315,27.4892445404861,27.455960446009463,,,
29.033456525669827,-19.864841861022217,bursting,bursting,75,82,16.0,16.0,0.27073875361122574,0.27328005559416235,0.4855429584132457,0.4963764519011219,27.414556219203998,27.447467672107233,,,
29.033456525669827,-19.766628381718544,bursting,bursting,76,82,16.0,16.0,0.28096113643805276,0.2772434702651657,0.5037402715160063,0.4970302442903649,27.268688868187958,27.283585018414104,,,
29.033456525669827,-19.562622806541974,bursting,bursting,75,82,16.0,16.0,0.2797924851415333,0.27293103448275835,0.5036768409388536,0.4926108374384238,27.309506868731358,27.398408593549107,[-52.       -52.       -52.       ... -53.235367 -53.23434  -53.23331 ],[-52.       -52.       -52.       ... -55.555435 -55.55529  -55.555145],"[0.000000e+00 5.000000e-05 1.000000e-04 ... 9.999849e+00 9.999900e+00
 9.999949e+00]"
29.033456525669827,-19.552808902450636,bursting,bursting,75,82,16.0,16.0,0.2732490823541006,0.27133554490723694,0.4926957849875595,0.49146086742843104,27.415869726808882,27.45977642763273,,,
29.033456525669827,-19.53567735386656,bursting,bursting,75,82,16.0,16.0,0.2778765939324098,0.2758078210058432,0.5010396572888743,0.499425660490436,27.3498900959765,27.380624493645932,,,
29.033456525669827,-19.421761202620033,bursting,bursting,76,82,16.0,16.0,0.2771123180318924,0.2717606511696123,0.49599484165364666,0.4888660751387159,27.320626223032363,27.386544710520102,,,
29.033456525669827,-18.91369146338961,bursting,bursting,76,82,15.5,16.0,0.2591450202656199,0.27568366592756827,0.5098269137627776,0.4927322000492731,27.54911281315947,27.309290100509763,,,
29.033456525669827,-18.73742354832292,bursting,bursting,83,76,16.0,16.0,0.27814389732197936,0.2764694191881552,0.49364432926076773,0.4968450340338849,27.254768847299495,27.32069923361179,,,
29.033456525669827,-18.64217287385621,bursting,bursting,76,82,16.0,16.0,0.28036391205458694,0.27604707511249565,0.5054334091483446,0.4944864757948869,27.294808304542023,27.299967073832736,,,
29.033456525669827,-18.513491657593114,bursting,bursting,76,82,16.0,16.0,0.27726012340436157,0.2764528132257821,0.4996128000799381,0.4994630771920185,27.35225522712798,27.356182867904007,,,
29.033456525669827,-18.25714244410362,bursting,bursting,77,81,15.5,15.5,0.28465258335454297,0.28571794477741896,0.5090353779587681,0.5122688386865427,27.486885053359916,27.47605884290761,,,
29.033456525669827,-18.063443290817037,bursting,bursting,78,82,16.0,16.0,0.2819471081053801,0.2804651862248733,0.5046936509538711,0.5012782595618828,27.202026976151796,27.21580762271603,,,
29.033456525669827,-17.01011737753121,bursting,bursting,81,80,15.5,15.5,0.2631091442391805,0.2616394286449621,0.5145885864251531,0.5147342684339209,27.45817184856604,27.486885053359885,,,
30.141865553727637,-22.914311639711332,bursting,bursting,75,82,16.0,16.0,0.2627536370597245,0.26099930769414426,0.4785604900459418,0.4774523144500943,27.65076549997892,27.67572948159026,,,
30.141865553727637,-21.731662231386487,bursting,bursting,75,82,16.0,16.0,0.26687279578723594,0.26553179106649183,0.4831151263346056,0.4849895727241865,27.538855679125376,27.61709353907553,,,
30.141865553727637,-21.331019414577387,bursting,bursting,75,82,16.0,16.0,0.26976392915438413,0.2688620563483351,0.4872463273808074,0.4878643737041102,27.489544212272744,27.513655512601478,,,
30.141865553727637,-21.277755696486683,bursting,bursting,75,82,16.0,16.0,0.26976392915438413,0.2687309520906985,0.4872463273808074,0.48762647811776183,27.489544212272744,27.51925267592944,,,
30.141865553727637,-20.94074530858559,bursting,bursting,75,82,16.0,16.0,0.2716788536094618,0.26638411237587795,0.49074937429454774,0.4843787842092517,27.45428181051385,27.567397000899046,,,
30.141865553727637,-20.639342432714603,bursting,bursting,75,82,16.0,16.0,0.27010766307789724,0.2637662430899562,0.48716324840454034,0.4786177519324193,27.46973627279596,27.573982049849366,,,
30.141865553727637,-20.55028450245337,bursting,bursting,75,82,16.0,16.0,0.2712018029493902,0.27331908761119145,0.4899318994659742,0.49694379565671104,27.46293242038396,27.461082081685273,,,
30.141865553727637,-19.864841861022217,bursting,bursting,75,82,16.0,16.0,0.2759687601367366,0.276055986003499,0.4990393492526887,0.4998750312421893,27.403445230466936,27.390175497406297,,,
30.141865553727637,-19.766628381718544,bursting,bursting,75,82,16.0,16.0,0.2778542986651976,0.27282757944291885,0.5008639903834113,0.49038838760298153,27.3535423708994,27.376697448434488,,,
30.141865553727637,-19.562622806541974,bursting,bursting,76,82,16.0,16.0,0.27202206516117894,0.2708440840398083,0.4925259191764966,0.49146086742843104,27.473720334901934,27.48058778816687,,,
30.141865553727637,-19.552808902450636,bursting,bursting,76,82,16.0,16.0,0.27368629098006253,0.27450051133670905,0.49410776490352537,0.4988650819385897,27.4303140381124,27.44185812139334,[-52.       -52.       -52.       ... -54.33803  -54.33773  -54.337433],[-52.       -52.       -52.       ... -55.85707  -55.85694  -55.856815],"[0.000000e+00 5.000000e-05 1.000000e-04 ... 9.999849e+00 9.999900e+00
 9.999949e+00]"
30.141865553727637,-19.53567735386656,bursting,bursting,76,82,16.0,16.0,0.2786827903258045,0.2765730448590708,0.49970017989206467,0.49622866216752676,27.313917785054375,27.312890600075534,,,
30.141865553727637,-19.421761202620033,bursting,bursting,75,82,16.0,16.0,0.2749387512682815,0.27171835954725854,0.49493924620752794,0.4899799108236563,27.40184991955639,27.41926018761293,,,
30.141865553727637,-18.91369146338961,bursting,bursting,76,82,16.0,16.0,0.2770475479213343,0.27683784997754174,0.49788399302962416,0.49907670809003335,27.342156856547355,27.334278723267982,,,
30.141865553727637,-18.73742354832292,bursting,bursting,76,82,16.0,16.0,0.277518146564582,0.27300303336703724,0.4971661529283086,0.49323041258724015,27.31389325513826,27.407506804468856,,,
30.141865553727637,-18.64217287385621,bursting,bursting,77,81,16.0,16.0,0.27673773400984797,0.2723031072894276,0.499887525306806,0.4885675200312683,27.393518938631,27.379690298515598,,,
30.141865553727637,-18.513491657593114,bursting,bursting,75,82,16.0,16.0,0.27167998431295637,0.26891329226423827,0.4902201088288641,0.48698531739268064,27.44377165371402,27.49491606040742,,,
30.141865553727637,-18.25714244410362,bursting,bursting,77,81,16.0,16.0,0.27652230058607324,0.2697237461766277,0.49667229561935017,0.48550759819391165,27.338276340588013,27.438143888444554,,,
30.141865553727637,-18.063443290817037,bursting,bursting,76,82,16.0,16.0,0.2773430664233396,0.27189740828663045,0.49998750031249223,0.4894642813440689,27.359344649951307,27.400142346638777,,,
30.141865553727637,-17.01011737753121,bursting,bursting,76,82,15.5,16.0,0.2584532465551432,0.2786299072795425,0.5084659582040981,0.49319392385085803,27.583356424276737,27.207419396694696,,,
30.75524957292389,-22.914311639711332,bursting,bursting,75,82,16.0,16.0,0.2667378226275954,0.2660688317983517,0.48515427906074143,0.4847309743092582,27.593306278486878,27.593484955998285,,,
30.75524957292389,-21.731662231386487,bursting,bursting,75,82,16.0,16.0,0.2657457496136013,0.2664916630207576,0.4829984544049458,0.48612123863691603,27.590917180576223,27.600908145305887,,,
30.75524957292389,-21.331019414577387,bursting,bursting,75,82,16.0,16.0,0.2671809426776315,0.26433350984450976,0.48516604807995545,0.48139411736388577,27.566318264709594,27.600998819274412,,,
30.75524957292389,-21.277755696486683,bursting,bursting,75,82,16.0,16.0,0.2730582524271846,0.26629400284316795,0.4953437685753912,0.48189287521384,27.485631442272524,27.522085301510877,,,
30.75524957292389,-20.94074530858559,bursting,bursting,82,75,16.0,16.0,0.2694833839819623,0.26994191674733786,0.4901480247034605,0.48402710551790895,27.54438112634387,27.3960884808305,,,
30.75524957292389,-20.639342432714603,bursting,bursting,75,82,16.0,16.0,0.26680061973467606,0.26549529272247624,0.48416771569671724,0.48403881991335707,27.56432144859227,27.5970814159569,,,
30.75524957292389,-20.55028450245337,bursting,bursting,75,82,16.0,16.0,0.2655906974500011,0.26902854896565254,0.48249740657643975,0.49137634514274486,27.580408262218036,27.56777772711729,,,
30.75524957292389,-19.864841861022217,bursting,bursting,75,82,16.0,16.0,0.27198279023150085,0.274460449583811,0.48891387782042195,0.4984299456711358,27.424839446891205,27.41141129594729,,,
30.75524957292389,-19.766628381718544,bursting,bursting,83,76,16.0,16.0,0.27049804663505267,0.27051479015777824,0.49141256541929773,0.4877216085058649,27.52811233596065,27.429043167915818,,,
30.75524957292389,-19.562622806541974,bursting,bursting,76,83,16.0,16.0,0.26776383259266506,0.26897505580898784,0.4883527860526445,0.4852955449868968,27.599110500263762,27.457390418355416,,,
30.75524957292389,-19.552808902450636,bursting,bursting,76,83,16.0,16.0,0.26778344851163594,0.2690991187823172,0.48838856193987934,0.4855193843614205,27.59911050026379,27.450192790918905,,,
30.75524957292389,-19.53567735386656,bursting,bursting,75,82,16.0,16.0,0.27156251534043513,0.2727295168974793,0.4908939178243582,0.4937174455059369,27.46952846441851,27.42904316791586,[-52.       -52.       -52.       ... -53.908524 -53.908104 -53.907684],[-52.       -52.       -52.       ... -55.729733 -55.72959  -55.72945 ],"[0.000000e+00 5.000000e-05 1.000000e-04 ... 9.999849e+00 9.999900e+00
 9.999949e+00]"
30.75524957292389,-19.421761202620033,bursting,bursting,75,82,16.0,16.0,0.27362951287987014,0.26800144735255066,0.4925380485642517,0.48245085031962365,27.406879086436295,27.44790142715357,,,
30.75524957292389,-18.91369146338961,bursting,bursting,75,82,16.0,16.0,0.2778069058497489,0.27265300059417713,0.4993383766509374,0.49514755397108345,27.321703156170727,27.469620661721745,,,
30.75524957292389,-18.73742354832292,bursting,bursting,75,82,16.0,16.0,0.2778069058497489,0.2728421365573284,0.4993383766509374,0.495491031612328,27.321703156170727,27.465874385704875,,,
30.75524957292389,-18.64217287385621,bursting,bursting,75,82,16.0,16.0,0.2778069058497489,0.2730653839478318,0.4993383766509374,0.4958964568198161,27.321703156170727,27.461473541764537,,,
30.75524957292389,-18.513491657593114,bursting,bursting,75,82,16.0,16.0,0.2778069058497489,0.2730992411843476,0.4993383766509374,0.49595794276645333,27.321703156170727,27.460798123021828,,,
30.75524957292389,-18.25714244410362,bursting,bursting,75,82,16.0,16.0,0.2778069058497489,0.27337718753878626,0.4993383766509374,0.4964627032394192,27.321703156170727,27.451948170655115,,,
30.75524957292389,-18.063443290817037,bursting,bursting,75,82,16.0,16.0,0.27510755080848526,0.27302925136341094,0.494486475794887,0.4957858205255329,27.362441015617755,27.46006638268717,,,
30.75524957292389,-17.01011737753121,bursting,bursting,79,81,15.5,15.5,0.26083729975945547,0.2850316843826653,0.5117969189825476,0.5110384300899427,27.503833172596185,27.49476109619209,,,
31.251003830990477,-22.914311639711332,bursting,bursting,74,82,16.0,16.0,0.26149645525962806,0.2651526180424128,0.47901896915117836,0.4852719949531711,27.72403289642448,27.63670727748652,,,
31.251003830990477,-21.731662231386487,bursting,bursting,75,82,16.0,16.0,0.270142296368989,0.26750958598262414,0.490677134445535,0.48536620880454284,27.53835958786693,27.529265395114724,,,
31.251003830990477,-21.331019414577387,bursting,bursting,75,82,16.0,16.0,0.26670699249939506,0.2634963289985125,0.4839099927413502,0.4798694755026633,27.564655590296976,27.61099580189643,,,
31.251003830990477,-21.277755696486683,bursting,bursting,75,82,16.0,16.0,0.26802469736010476,0.2722347294723037,0.4861685060041811,0.4947923109274882,27.548835853303125,27.460514754327473,,,
31.251003830990477,-20.94074530858559,bursting,bursting,75,82,16.0,16.0,0.27380423515474595,0.26853848203687086,0.493607779258601,0.48450786114004696,27.42655857820722,27.469620661721756,,,
31.251003830990477,-20.639342432714603,bursting,bursting,82,75,16.0,16.0,0.2694177140612726,0.2674860281131301,0.4909662215239591,0.48387486995862866,27.565381235994654,27.502807950483255,,,
31.251003830990477,-20.55028450245337,bursting,bursting,84,74,15.0,16.0,0.2464176049129989,0.26607936001570526,0.5117707267144318,0.49078550219626504,27.38916181478886,27.701636842927243,,,
31.251003830990477,-19.864841861022217,bursting,bursting,75,82,16.0,16.0,0.27198549410698103,0.2668572674629903,0.49006395334591163,0.4845782957381339,27.429278648283784,27.54455025907386,,,
31.251003830990477,-19.766628381718544,bursting,bursting,75,82,16.0,16.0,0.2686316914927223,0.2704052757203672,0.48599130075571645,0.4921380939491621,27.513819780344623,27.503698861685034,,,
31.251003830990477,-19.562622806541974,bursting,bursting,76,82,16.0,16.0,0.2728055289111881,0.27101006115604664,0.49189601318281323,0.49319392385085825,27.42871384376633,27.51177706125331,,,
31.251003830990477,-19.552808902450636,bursting,bursting,75,82,16.0,16.0,0.2746821380076534,0.27141278998404333,0.4937662017034932,0.49097827421136603,27.387882132046222,27.44948484541565,,,
31.251003830990477,-19.53567735386656,bursting,bursting,75,82,16.0,16.0,0.27035806928652806,0.26720205745341624,0.4848602390360978,0.48524844720496907,27.421478630745582,27.538359587866918,,,
31.251003830990477,-19.421761202620033,bursting,bursting,75,82,16.0,16.0,0.2712018698486897,0.273623603835129,0.4920654447041456,0.49421765345458124,27.508193352181102,27.391981501262386,[-52.       -52.       -52.       ... -53.997215 -53.99683  -53.996445],[-52.       -52.       -52.       ... -55.723183 -55.72304  -55.7229  ],"[0.000000e+00 5.000000e-05 1.000000e-04 ... 9.999849e+00 9.999900e+00
 9.999949e+00]"
31.251003830990477,-18.91369146338961,bursting,bursting,83,76,16.0,16.0,0.2677579655071619,0.2695662857844943,0.487186982363831,0.49146086742843104,27.576402095823706,27.52265984438202,,,
31.251003830990477,-18.73742354832292,bursting,bursting,83,76,16.0,16.0,0.2653573324325628,0.267345794848049,0.4825556145345751,0.48741257037018976,27.593389258237703,27.57018385924548,,,
31.251003830990477,-18.64217287385621,bursting,bursting,83,76,16.0,16.0,0.268663650813058,0.2690963310601059,0.48905734197334627,0.48886607513871566,27.570710333639784,27.499398240103925,,,
31.251003830990477,-18.513491657593114,bursting,bursting,83,76,16.0,16.0,0.27359232849766374,0.2771836897861281,0.49176297024834026,0.4997001798920648,27.405895600272654,27.334907731228085,,,
31.251003830990477,-18.25714244410362,bursting,bursting,75,82,16.0,16.0,0.27702803645236806,0.2765480107687708,0.49798316816891597,0.49855419284076186,27.345119651060802,27.33616942197565,,,
31.251003830990477,-18.063443290817037,bursting,bursting,75,82,16.0,16.0,0.2710588695290925,0.2724737816162864,0.4887466093203978,0.4935225169648365,27.452903828620485,27.429950006400983,,,
31.251003830990477,-17.01011737753121,bursting,bursting,76,81,15.5,15.5,0.26433947573319483,0.2555792644659221,0.5190760446405399,0.502071043052592,27.476279770872498,27.580674672040953,,,
31.99326355599359,-22.914311639711332,bursting,bursting,74,83,16.0,16.0,0.26251345211048693,0.26326309452137286,0.47829726174817633,0.48163756773028277,27.662233879101695,27.64777633216568,,,
31.99326355599359,-21.731662231386487,bursting,bursting,83,74,15.5,16.0,0.26155327342747126,0.26202421728013875,0.49372963365261174,0.48241593902262514,27.244607209772983,27.735152219740872,,,
31.99326355599359,-21.331019414577387,bursting,bursting,83,74,15.5,16.0,0.2647846434917536,0.2607904627390898,0.500538078434317,0.47877815814042574,27.21300027451138,27.71600376445008,,,
31.99326355599359,-21.277755696486683,bursting,bursting,83,74,15.5,16.0,0.26517619930823594,0.2646165804367363,0.5012782595618828,0.48580242415409663,27.205632739440503,27.672937153931993,,,
31.99326355599359,-20.94074530858559,bursting,bursting,83,74,15.5,16.0,0.26579575430222335,0.2634264296941119,0.502449441024997,0.4836174585902553,27.194667737026254,27.69600820996292,,,
31.99326355599359,-20.639342432714603,bursting,bursting,83,74,15.0,16.0,0.24254855782623003,0.26092498617090376,0.5064701562460432,0.4810120493518361,27.470511583570556,27.766747546592686,,,
31.99326355599359,-20.55028450245337,bursting,bursting,83,74,15.0,16.0,0.24067830725104408,0.2644297593211248,0.5031952900920846,0.48769782242922294,27.522481899766113,27.72665212405004,,,
31.99326355599359,-19.864841861022217,bursting,bursting,74,83,16.0,16.0,0.2710411241586007,0.2663325100489127,0.4913280597454921,0.48428495326650184,27.491192483571872,27.56739700089906,,,
31.99326355599359,-19.766628381718544,bursting,bursting,75,82,16.0,16.0,0.27546307791627356,0.2723134529257728,0.4965983016338085,0.4894642813440689,27.392318311182184,27.391399526916675,,,
31.99326355599359,-19.562622806541974,bursting,bursting,75,82,16.0,16.0,0.2714303163551973,0.27175302330154333,0.48857945523390733,0.49159374692753904,27.43886953414224,27.443107053085814,,,
31.99326355599359,-19.552808902450636,bursting,bursting,75,82,16.0,16.0,0.2692139949602639,0.2694135133159524,0.48459003682884266,0.4873175604882921,27.470058807228664,27.45365383428052,,,
31.99326355599359,-19.53567735386656,bursting,bursting,75,82,16.0,16.0,0.27826892734603914,0.2726491107399036,0.5008890781136518,0.4913039206052864,27.33565919171845,27.4112849441802,,,
31.99326355599359,-19.421761202620033,bursting,bursting,75,82,16.0,16.0,0.27180879690787235,0.27408412483039357,0.4892607270414404,0.4934007647711852,27.438143888444554,27.351697459233225,,,
31.99326355599359,-18.91369146338961,bursting,bursting,75,82,16.0,16.0,0.27449812650437966,0.27679759066382226,0.49629023052681215,0.5019450370184464,27.414746615424622,27.394829241159428,[-52.       -52.       -52.       ... -53.498558 -53.49786  -53.49716 ],[-52.       -52.       -52.       ... -55.5952   -55.595055 -55.59491 ],"[0.000000e+00 5.000000e-05 1.000000e-04 ... 9.999849e+00 9.999900e+00
 9.999949e+00]"
31.99326355599359,-18.73742354832292,bursting,bursting,75,82,16.0,16.0,0.26714818944204755,0.2727657140014427,0.4847544718600029,0.4974753127876028,27.55868145798971,27.48349991452012,,,
31.99326355599359,-18.64217287385621,bursting,bursting,75,82,16.0,16.0,0.2675324675324675,0.27262786420796287,0.4854958125986163,0.4970425965505242,27.552642074043675,27.489738417717387,,,
31.99326355599359,-18.513491657593114,bursting,bursting,75,82,16.0,16.0,0.2691265170569705,0.27418750468387,0.48838856193987934,0.4996128000799381,27.530718203011013,27.469286366506935,,,
31.99326355599359,-18.25714244410362,bursting,bursting,82,76,16.0,16.0,0.2710273448114021,0.27362742924702566,0.49403453301385775,0.49262297100913827,27.534663856394648,27.369187134518135,,,
31.99326355599359,-18.063443290817037,bursting,bursting,76,82,16.0,16.0,0.2720599103315761,0.27199153793171316,0.4926836478297285,0.49198071435599716,27.47804663881179,27.432945589608583,,,
31.99326355599359,-17.01011737753121,bursting,bursting,83,75,16.0,16.0,0.27250235043792365,0.2743831514341572,0.49482903656786575,0.494963743905759,27.488224594886752,27.36477840906107,,,
32.23647207728248,-22.914311639711332,bursting,bursting,74,82,16.0,16.0,0.26299782072466893,0.2647799351183847,0.4789616112268601,0.48419115866944257,27.645114598698974,27.64235384780522,,,
32.23647207728248,-21.731662231386487,bursting,bursting,74,82,16.0,16.0,0.26337903051547396,0.26570024809067494,0.48018054788600517,0.4864523033516562,27.642109053584885,27.64850130376279,,,
32.23647207728248,-21.331019414577387,bursting,bursting,75,82,16.0,16.0,0.2703319909635594,0.2630647437277275,0.4911108928396032,0.4783430197794838,27.53220875577271,27.60283701321493,,,
32.23647207728248,-21.277755696486683,bursting,bursting,75,82,16.0,16.0,0.27326199243753563,0.2668741255367394,0.49427872377233517,0.4824624885415161,27.463335356586704,27.511947196802247,,,
32.23647207728248,-20.94074530858559,bursting,bursting,75,82,16.0,16.0,0.2669666747749939,0.26984205330700867,0.48649963512527356,0.493583415597236,27.596570509081108,27.558195412176364,,,
32.23647207728248,-20.639342432714603,bursting,bursting,75,82,16.0,16.0,0.26374547806712845,0.26995455892522013,0.4791452049543613,0.49392472587177705,27.599101580766064,27.576970019820656,,,
32.23647207728248,-20.55028450245337,bursting,bursting,75,82,16.0,16.0,0.26990966288833923,0.26589289154305545,0.48963204152079715,0.48160277403197854,27.525258696698355,27.527857980016623,,,
32.23647207728248,-19.864841861022217,bursting,bursting,82,75,16.0,16.0,0.2692920332295926,0.2741350169019685,0.4901119905898498,0.49711672300656184,27.564145345990653,27.419242283563253,,,
32.23647207728248,-19.766628381718544,bursting,bursting,82,75,16.0,16.0,0.2693580410324286,0.2741350169019685,0.49023212491114554,0.49711672300656184,27.56414534599063,27.419242283563253,,,
32.23647207728248,-19.562622806541974,bursting,bursting,75,82,16.0,16.0,0.27065310623698086,0.26973314778192803,0.49013601274353646,0.48829317122000043,27.49828683452175,27.461725742681065,,,
32.23647207728248,-19.552808902450636,bursting,bursting,76,82,16.0,16.0,0.26977411432878656,0.26394942286507966,0.48629853867289125,0.4789501412902916,27.47397877755349,27.568177828072475,,,
32.23647207728248,-19.53567735386656,bursting,bursting,75,82,16.0,16.0,0.2744374953280343,0.2703287092150336,0.4983430094934344,0.48589684409999745,27.46514264537025,27.424187852896818,,,
32.23647207728248,-19.421761202620033,bursting,bursting,76,83,16.0,16.0,0.271234708533505,0.2688346620786583,0.4952701698776683,0.4846487508178448,27.562132539352238,27.463117713895315,,,
32.23647207728248,-18.91369146338961,bursting,bursting,75,82,16.0,16.0,0.27450542358577207,0.2749372997938965,0.49643805694144505,0.49663529587047744,27.437912633674696,27.37869396200497,,,
32.23647207728248,-18.73742354832292,bursting,bursting,76,82,16.0,16.0,0.2751576229955814,0.2779222090411168,0.49645037978454043,0.5048082990484364,27.394378787750163,27.380612867061362,[-52.       -52.       -52.       ... -54.15562  -54.155285 -54.15495 ],[-52.       -52.       -52.       ... -55.81065  -55.810516 -55.810383],"[0.000000e+00 5.000000e-05 1.000000e-04 ... 9.999849e+00 9.999900e+00
 9.999949e+00]"
32.23647207728248,-18.64217287385621,bursting,bursting,76,82,16.0,16.0,0.2751576229955814,0.2779222090411168,0.49645037978454043,0.5048082990484364,27.394378787750163,27.380612867061362,,,
32.23647207728248,-18.513491657593114,bursting,bursting,76,82,16.0,16.0,0.2751576229955814,0.2779222090411168,0.49645037978454043,0.5048082990484364,27.394378787750163,27.380612867061362,,,
32.23647207728248,-18.25714244410362,bursting,bursting,76,82,16.0,16.0,0.2751576229955814,0.2779222090411168,0.49645037978454043,0.5048082990484364,27.394378787750163,27.380612867061362,,,
32.23647207728248,-18.063443290817037,bursting,bursting,76,82,16.0,16.0,0.27099516341785157,0.27242071855396577,0.4885436513752504,0.4958964568198161,27.44900857489799,27.47125183420773,,,
32.23647207728248,-17.01011737753121,bursting,bursting,75,82,16.0,16.0,0.27884180364952516,0.2766945218198702,0.5026893882270145,0.5018946523124796,27.31377714120702,27.3860906139476,,,
32.29037388755989,-22.914311639711332,bursting,bursting,75,82,16.0,16.0,0.26606304168885886,0.2629560381609856,0.4841911586694428,0.4794093676590441,27.60696896797792,27.637076684238863,,,
32.29037388755989,-21.731662231386487,bursting,bursting,75,82,16.0,16.0,0.26461035055217386,0.2627114582834142,0.48119721868007603,0.47922557147649386,27.613401381356343,27.642672519884872,,,
32.29037388755989,-21.331019414577387,bursting,bursting,75,82,16.0,16.0,0.26557622976602374,0.2660169161967723,0.4839217014687022,0.4860976083997667,27.618354917761817,27.626027246833583,,,
32.29037388755989,-21.277755696486683,bursting,bursting,75,82,16.0,16.0,0.2639418579549544,0.2704705446461654,0.47971984361133096,0.4940101272076077,27.618453272703114,27.541979932204114,,,
32.29037388755989,-20.94074530858559,bursting,bursting,75,82,16.0,16.0,0.2702742445408426,0.2628836408834497,0.4901600372521627,0.4780571756382063,27.51516077726463,27.600171861425626,,,
32.29037388755989,-20.639342432714603,bursting,bursting,75,82,16.0,16.0,0.2702742445408426,0.2628836408834497,0.4901600372521627,0.4780571756382063,27.51516077726463,27.600171861425626,,,
32.29037388755989,-20.55028450245337,bursting,bursting,75,82,16.0,16.0,0.2702742445408426,0.2628836408834497,0.4901600372521627,0.4780571756382063,27.51516077726463,27.600171861425626,,,
32.29037388755989,-19.864841861022217,bursting,bursting,75,82,16.0,16.0,0.272879395624677,0.27089450956199906,0.4921623151315303,0.4935225169648365,27.436539997242697,27.528781711233986,,,
32.29037388755989,-19.766628381718544,bursting,bursting,75,82,16.0,16.0,0.27601798713075465,0.27329946722834836,0.4968820650418623,0.4956015363647626,27.359087438570956,27.447458966158457,,,
32.29037388755989,-19.562622806541974,bursting,bursting,75,82,16.0,16.0,0.27228425898716824,0.2713022113022114,0.4897639337839161,0.49140049140049136,27.42516200779966,27.44744166296452,,,
32.29037388755989,-19.552808902450636,bursting,bursting,75,82,16.0,16.0,0.27305077674430006,0.26364006027698694,0.4908336810071906,0.4783887865668427,27.406547194267024,27.573982049849374,,,
32.29037388755989,-19.53567735386656,bursting,bursting,75,82,16.0,16.0,0.26734659351813833,0.26787544536092533,0.48336032095125303,0.4880667675337987,27.521752184862702,27.561237854744967,,,
32.29037388755989,-19.421761202620033,bursting,bursting,75,82,16.0,16.0,0.2707356389214537,0.27495879738300927,0.48847205939820226,0.499425660490436,27.468888921387137,27.413055468078085,,,
32.29037388755989,-18.91369146338961,bursting,bursting,75,82,16.0,16.0,0.26977583725638454,0.27332421340629287,0.48784057370051465,0.4974505658500186,27.491527478714904,27.45750168280683,,,
32.29037388755989,-18.73742354832292,bursting,bursting,75,82,16.0,16.0,0.2738355348098123,0.2735697516372172,0.49657364187108954,0.4942542938341777,27.467668935106655,27.407506804468856,,,
32.29037388755989,-18.64217287385621,bursting,bursting,75,82,16.0,16.0,0.27196735014997303,0.27076816983966684,0.49171460884102863,0.4925744403122922,27.45574894458164,27.5114888031775,[-52.       -52.       -52.       ... -54.154396 -54.154057 -54.153717],[-52.       -52.       -52.       ... -55.74028  -55.74014  -55.739998],"[0.000000e+00 5.000000e-05 1.000000e-04 ... 9.999849e+00 9.999900e+00
 9.999949e+00]"
32.29037388755989,-18.513491657593114,bursting,bursting,75,82,16.0,16.0,0.27118727170209095,0.273786068783201,0.4903042337770586,0.4987904331994912,27.47993892943579,27.459729272491376,,,
32.29037388755989,-18.25714244410362,bursting,bursting,83,76,16.0,16.0,0.27712473996842035,0.27502238583225563,0.5012656958821022,0.4974629390110436,27.392704005190605,27.394893434391417,,,
32.29037388755989,-18.063443290817037,bursting,bursting,75,82,16.0,16.0,0.2730709361796753,0.2749757637525167,0.49415659822597785,0.49715379452633673,27.450529201362098,27.385582683489563,,,
32.29037388755989,-17.01011737753121,bursting,bursting,83,76,16.0,15.5,0.27748002580517095,0.2536170425064857,0.496253287678031,0.498902414687687,27.294263183000744,27.630016420814133,,,
32.875714500088364,-22.914311639711332,bursting,bursting,74,82,16.0,16.0,0.26221560910050856,0.2601106651784654,0.47998464049150424,0.4749578474910351,27.706810908144323,27.674427245651177,,,
32.875714500088364,-21.731662231386487,bursting,bursting,75,82,16.0,16.0,0.26261418527906644,0.26529819964089896,0.47826294896934324,0.4852719949531713,27.652990563297255,27.631539912750775,,,
32.875714500088364,-21.331019414577387,bursting,bursting,75,82,16.0,16.0,0.2705384179817324,0.26687435098650053,0.4923804131071666,0.48298679031128494,27.551914911845074,27.508843511879306,,,
32.875714500088364,-21.277755696486683,bursting,bursting,75,82,16.0,16.0,0.2705384179817324,0.2678770543462453,0.4923804131071666,0.4848014737964805,27.551914911845074,27.49954518787232,,,
32.875714500088364,-20.94074530858559,bursting,bursting,75,82,16.0,16.0,0.27011846655711175,0.2725695735137411,0.49054474994481373,0.4956260996704085,27.535983675401532,27.471258133580395,,,
32.875714500088364,-20.639342432714603,bursting,bursting,75,82,16.0,16.0,0.26720205745341613,0.2648653860059294,0.48524844720496885,0.48205548458627595,27.57271973659407,27.590618048207638,,,
32.875714500088364,-20.55028450245337,bursting,bursting,75,82,16.0,16.0,0.2662693220913893,0.2645082321317142,0.484566555216359,0.4800076801228821,27.60348193862029,27.568904990271065,,,
32.875714500088364,-19.864841861022217,bursting,bursting,75,82,16.0,16.0,0.26915951638065494,0.2650631447025933,0.48751950078003126,0.4820206304829846,27.51319085745081,27.581886856981942,,,
32.875714500088364,-19.766628381718544,bursting,bursting,75,82,16.0,16.0,0.2693433505707872,0.2692222956598371,0.48785247341204035,0.4895840983084871,27.513190857450805,27.524165822297448,,,
32.875714500088364,-19.562622806541974,bursting,bursting,75,82,16.0,16.0,0.2693545241809674,0.2697976026724311,0.48751950078003126,0.4912556494399684,27.51036703585117,27.533343666475467,,,
32.875714500088364,-19.552808902450636,bursting,bursting,75,82,16.0,16.0,0.2648898688972509,0.2691958479546517,0.4793519162092851,0.49078550219626504,27.558606022027977,27.551165960923566,,,
32.875714500088364,-19.53567735386656,bursting,bursting,75,82,16.0,16.0,0.27312252964426853,0.2675464037122969,0.49407114624505927,0.4833720030935809,27.461441457418395,27.497585530378174,,,
32.875714500088364,-19.421761202620033,bursting,bursting,75,82,16.0,16.0,0.27048817658915497,0.26882246465437115,0.4916179145568063,0.48921285651386914,27.530590643328335,27.52803860135098,,,
32.875714500088364,-18.91369146338961,bursting,bursting,75,82,16.0,16.0,0.2700321292960763,0.26926453374951204,0.48680751630805175,0.48770971517752637,27.461473541764533,27.47999458189758,,,
32.875714500088364,-18.73742354832292,bursting,bursting,75,82,16.0,16.0,0.2677754777836616,0.2674658448397195,0.48139411736388577,0.48533087432357025,27.47441748331375,27.516116625315295,,,
32.875714500088364,-18.64217287385621,bursting,bursting,75,82,16.0,16.0,0.27906101873448225,0.2771009137664156,0.5015925563664635,0.4993259100214708,27.306716235112525,27.336308601837636,,,
32.875714500088364,-18.513491657593114,bursting,bursting,75,82,16.0,16.0,0.27912402167369077,0.2782820178517705,0.5017057997190447,0.5014542172299669,27.306087227152435,27.309640051219848,[-52.       -52.       -52.       ... -53.562725 -53.562088 -53.56145 ],[-52.       -52.       -52.       ... -55.61119  -55.61105  -55.610905],"[0.000000e+00 5.000000e-05 1.000000e-04 ... 9.999849e+00 9.999900e+00
 9.999949e+00]"
32.875714500088364,-18.25714244410362,bursting,bursting,75,82,16.0,16.0,0.2700261876208426,0.27489631739369436,0.48948824004503283,0.4996752111127768,27.509484736196068,27.42071734683349,,,
32.875714500088364,-18.063443290817037,bursting,bursting,75,82,16.0,16.0,0.27294284457047857,0.267362543998058,0.48892582995159645,0.4854958125986163,27.369641695602702,27.539845562492562,,,
32.875714500088364,-17.01011737753121,bursting,bursting,75,82,16.0,16.0,0.27431421446384036,0.27309554391858526,0.4938149675316659,0.49402232980930727,27.404145804937986,27.42029447904124,,,
33.44467334979136,-22.914311639711332,bursting,bursting,74,82,16.0,16.0,0.2635405132155408,0.2585701451605278,0.48144046988589867,0.47283559506359646,27.67479421485952,27.712343595135327,,,
33.44467334979136,-21.731662231386487,bursting,bursting,74,82,16.0,16.0,0.26331232863533616,0.2588627339761769,0.48102361825965634,0.472679145396105,27.674794214859528,27.69636118288422,,,
33.44467334979136,-21.331019414577387,bursting,bursting,74,82,16.0,16.0,0.2650403744028714,0.26484724067141663,0.4849778122650888,0.4830334500664172,27.66711004946501,27.61835491776179,,,
33.44467334979136,-21.277755696486683,bursting,bursting,74,82,16.0,16.0,0.26325762118341206,0.25968725529743963,0.47969683160242726,0.47457466245877117,27.647241888432553,27.69545773177789,,,
33.44467334979136,-20.94074530858559,bursting,bursting,74,82,16.0,16.0,0.2672816668289357,0.27094046677215194,0.48680751630805175,0.49446202531645567,27.598138281767977,27.527028024016726,,,
33.44467334979136,-20.639342432714603,bursting,bursting,75,82,16.0,16.0,0.27042777736967116,0.26497229583232956,0.4897279561203752,0.48181161165984104,27.49973964241807,27.585884515251163,,,
33.44467334979136,-20.55028450245337,bursting,bursting,75,82,16.0,16.0,0.26262866946244756,0.2651415804555833,0.4765535646206634,0.48569624556802166,27.60641146233638,27.657458503039482,,,
33.44467334979136,-19.864841861022217,bursting,bursting,75,82,16.0,16.0,0.2701319157314432,0.27229184762377484,0.49222287851939356,0.4963394962154113,27.56199475789087,27.488397057867743,,,
33.44467334979136,-19.766628381718544,bursting,bursting,75,82,16.0,16.0,0.26592678005188797,0.2642948516811085,0.48044585375228205,0.48273032270522065,27.530260461313972,27.633811947130635,,,
33.44467334979136,-19.562622806541974,bursting,bursting,75,82,16.0,16.0,0.2697830287908808,0.2677497575169736,0.4892248232675325,0.4849660523763338,27.522024059655973,27.501687585503863,,,
33.44467334979136,-19.552808902450636,bursting,bursting,75,82,16.0,16.0,0.2697830287908809,0.26819197512872794,0.4892248232675327,0.485767026134266,27.52202405965598,27.50096042330525,,,
33.44467334979136,-19.53567735386656,bursting,bursting,74,82,16.0,16.0,0.2685576782849644,0.2678541054115134,0.48612123863691603,0.48599130075571634,27.525328989975296,27.51292986690377,,,
33.44467334979136,-19.421761202620033,bursting,bursting,75,82,16.0,16.0,0.2667004414851268,0.26685154102507963,0.4824974065764395,0.48651146950789376,27.536890836375576,27.570183859245482,,,
33.44467334979136,-18.91369146338961,bursting,bursting,75,82,16.0,16.0,0.2730325703138506,0.26746603490789544,0.4938637429933082,0.48348885558187865,27.454473902243357,27.490600507352166,,,
33.44467334979136,-18.73742354832292,bursting,bursting,75,82,16.0,16.0,0.2626921063900653,0.2667935021220547,0.47580530047104724,0.4878286745694912,27.590762637167547,27.612881739705383,,,
33.44467334979136,-18.64217287385621,bursting,bursting,75,82,16.0,16.0,0.26976800680189483,0.2708862632890161,0.48584962953965743,0.4933277422855874,27.455810057746167,27.523294382828645,,,
33.44467334979136,-18.513491657593114,bursting,bursting,75,82,16.0,16.0,0.27421501454133207,0.27373859731527045,0.4929265046581555,0.49442535413215993,27.390178017427846,27.40556572502406,,,
33.44467334979136,-18.25714244410362,bursting,bursting,75,82,16.0,16.0,0.27531530659178394,0.27193738154429303,0.48415599506160867,0.4922834568144338,27.274467529716233,27.447023664198845,[-52.       -52.       -52.       ... -52.85706  -52.855145 -52.85322 ],[-52.       -52.       -52.       ... -55.53491  -55.534763 -55.53462 ],"[0.000000e+00 5.000000e-05 1.000000e-04 ... 9.999849e+00 9.999900e+00
 9.999949e+00]"
33.44467334979136,-18.063443290817037,bursting,bursting,75,82,16.0,16.0,0.27347957116743227,0.2701007784095067,0.49404673682130334,0.48803103877406595,27.43630878358964,27.46485824500626,,,
33.44467334979136,-17.01011737753121,bursting,bursting,75,82,16.0,16.0,0.27744300492116103,0.27687517263892697,0.5021592849251781,0.5022223338271853,27.375234641642358,27.37678877181231,,,
34.58567830264926,-22.914311639711332,bursting,bursting,74,83,16.0,16.0,0.25943362579356605,0.2565421658444914,0.4755450935634971,0.4698144233027952,27.75254880216735,27.74994222158055,,,
34.58567830264926,-21.731662231386487,bursting,bursting,74,82,16.0,16.0,0.26218595662443644,0.2592820755834614,0.4771789182353924,0.473877502665561,27.655598211971625,27.696236047891002,,,
34.58567830264926,-21.331019414577387,bursting,bursting,74,82,16.0,16.0,0.26154690333047037,0.2633650456367411,0.4771447657219201,0.4829284782923648,27.677337737104175,27.67447726112314,,,
34.58567830264926,-21.277755696486683,bursting,bursting,74,82,16.0,16.0,0.26102871268301947,0.2604846003713049,0.47537554668187876,0.4760317989241682,27.66737434168239,27.6797003042798,,,
34.58567830264926,-20.94074530858559,bursting,bursting,74,82,16.0,16.0,0.2673407927919103,0.26454593580056773,0.4896799941238402,0.4812551133355793,27.65633262415027,27.585579014701125,,,
34.58567830264926,-20.639342432714603,bursting,bursting,74,82,16.0,16.0,0.26385750685063214,0.2644316699676347,0.48074611797509736,0.4830684507994783,27.635519480733056,27.645907244188777,,,
34.58567830264926,-20.55028450245337,bursting,bursting,74,82,16.0,16.0,0.2645237464157489,0.26346153846153847,0.4819160984072673,0.4807692307692307,27.63251334364883,27.639578603516856,,,
34.58567830264926,-19.864841861022217,bursting,bursting,74,83,16.0,16.0,0.269547728833513,0.27245102156780393,0.49053271853232605,0.49410776490352537,27.548811163064904,27.447503310234858,,,
34.58567830264926,-19.766628381718544,bursting,bursting,75,82,16.0,16.0,0.26900713378285945,0.2637775491157963,0.48861526434085784,0.47859484553351356,27.552281269669916,27.56945821354776,,,
34.58567830264926,-19.562622806541974,bursting,bursting,74,83,16.0,16.0,0.2626100689127106,0.26274274754255583,0.4785604900459418,0.4795013186286263,27.649053625810176,27.642505421888337,,,
34.58567830264926,-19.552808902450636,bursting,bursting,75,82,16.0,16.0,0.26269605967865367,0.26243299762036376,0.478194338179036,0.48073456241136464,27.63744759272843,27.680649762559963,,,
34.58567830264926,-19.53567735386656,bursting,bursting,75,82,16.0,16.0,0.2706855213583208,0.26759775177011613,0.48930860693839595,0.4866298450083944,27.47986214246919,27.543183720619332,,,
34.58567830264926,-19.421761202620033,bursting,bursting,74,82,16.0,16.0,0.2706850259871418,0.2713398925337979,0.4926472399438382,0.49071325171136254,27.55191491184507,27.443407250793577,,,
34.58567830264926,-18.91369146338961,bursting,bursting,75,82,16.0,16.0,0.26960808238567063,0.27075079239302674,0.4880667675337987,0.4952456418383519,27.503608261413365,27.562350709463853,,,
34.58567830264926,-18.73742354832292,bursting,bursting,75,82,16.0,16.0,0.26808344706570464,0.26680927609509447,0.48742444921037226,0.4861685060041809,27.57105374069854,27.564351189539558,,,
34.58567830264926,-18.64217287385621,bursting,bursting,75,82,16.0,16.0,0.2718856465708784,0.27337433659044685,0.49375401175134537,0.4960071425028521,27.494832897003825,27.451703930269616,,,
34.58567830264926,-18.513491657593114,bursting,bursting,75,82,16.0,16.0,0.26898090265009456,0.27210228256299934,0.4903042337770586,0.49459653287830435,27.578190547257726,27.482279737932846,,,
34.58567830264926,-18.25714244410362,bursting,bursting,75,82,16.0,16.0,0.2715345683258808,0.26763948914679775,0.49137634514274486,0.48560190355946187,27.46516678053178,27.5292653951147,,,
34.58567830264926,-18.063443290817037,bursting,bursting,75,82,16.0,16.0,0.2728033884948776,0.26756901244167935,0.49251379038613075,0.48600311041990674,27.443258391386816,27.540003759997703,[-52.       -52.       -52.       ... -54.077316 -54.07696  -54.076603],[-52.       -52.       -52.       ... -55.816647 -55.816513 -55.81638 ],"[0.000000e+00 5.000000e-05 1.000000e-04 ... 9.999849e+00 9.999900e+00
 9.999949e+00]"
34.58567830264926,-17.01011737753121,bursting,bursting,74,82,16.0,16.0,0.2732357579341611,0.268335273573923,0.4928050463236744,0.48506014745828496,27.418115305190124,27.488224594886773,,,
35.72502321403998,-22.914311639711332,bursting,bursting,73,82,16.0,16.0,0.2569310425982585,0.257418502618295,0.47069898799717586,0.47176487238760184,27.78180778988097,27.738161241583516,,,
35.72502321403998,-21.731662231386487,bursting,bursting,74,82,16.0,16.0,0.2584530753544838,0.25861537366885673,0.47422582633850247,0.4743495481820553,27.77145506581932,27.74748814338359,,,
35.72502321403998,-21.331019414577387,bursting,bursting,74,82,16.0,16.0,0.26326053981171577,0.2608384262796025,0.48154479570462044,0.47746371275783034,27.679456705778787,27.701913694280044,,,
35.72502321403998,-21.277755696486683,bursting,bursting,74,82,16.0,16.0,0.2634222919937206,0.2637465723769662,0.4830334500664172,0.4810698994563911,27.716560257693995,27.627329005706727,,,
35.72502321403998,-20.94074530858559,bursting,bursting,75,82,16.0,16.0,0.2641418637665117,0.26187964516902423,0.481220374870672,0.4795013186286263,27.63251334364883,27.69466750717236,,,
35.72502321403998,-20.639342432714603,bursting,bursting,74,83,16.0,16.0,0.2612722573233772,0.26044717479819984,0.47865211564235116,0.4762244922256352,27.72309489171132,27.679696929470378,,,
35.72502321403998,-20.55028450245337,bursting,bursting,74,83,16.0,16.0,0.2586161972665038,0.2597798637251634,0.4737428050311486,0.47648544336970505,27.751492003644163,27.727800320982222,,,
35.72502321403998,-19.864841861022217,bursting,bursting,74,82,16.0,16.0,0.2694880243938425,0.2705914323830228,0.49181134116952724,0.4940955580809328,27.590559503542735,27.550783496988394,,,
35.72502321403998,-19.766628381718544,bursting,bursting,74,82,16.0,16.0,0.2695181907571291,0.2704310898227248,0.4916420845624386,0.49380277517159643,27.585792414076767,27.554060630951724,,,
35.72502321403998,-19.562622806541974,bursting,bursting,74,82,16.0,16.0,0.2649653205732374,0.26482538454096904,0.48333695836052104,0.48369933249492114,27.634462684661248,27.632513343648842,,,
35.72502321403998,-19.552808902450636,bursting,bursting,74,82,16.0,16.0,0.2649653205732374,0.26482538454096904,0.48333695836052104,0.48369933249492114,27.634462684661248,27.632513343648842,,,
35.72502321403998,-19.53567735386656,bursting,bursting,74,82,16.0,16.0,0.2649653205732374,0.26482538454096904,0.48333695836052104,0.48369933249492114,27.634462684661248,27.632513343648842,,,
35.72502321403998,-19.421761202620033,bursting,bursting,74,82,16.0,16.0,0.2649653205732374,0.26484460031442714,0.48333695836052104,0.483734429798041,27.634462684661248,27.6296528061424,,,
35.72502321403998,-18.91369146338961,bursting,bursting,74,82,16.0,16.0,0.26694894631819743,0.268971393791844,0.4866890543631674,0.48691418137553255,27.612501220530177,27.488916905333216,,,
35.72502321403998,-18.73742354832292,bursting,bursting,74,82,16.0,16.0,0.2649942051381109,0.26541820909244906,0.4829051574270813,0.4838982845805811,27.621182609259034,27.61250122053015,,,
35.72502321403998,-18.64217287385621,bursting,bursting,75,82,16.0,16.0,0.2639664469742361,0.2687477047374219,0.47932893948472144,0.48965601664830455,27.60915494869612,27.54457638807178,,,
35.72502321403998,-18.513491657593114,bursting,bursting,75,82,16.0,16.0,0.26444846292947594,0.2636910490856593,0.482218203737191,0.4812319538017324,27.642510326270823,27.63075232197577,,,
35.72502321403998,-18.25714244410362,bursting,bursting,75,82,16.0,16.0,0.27219533873197704,0.2682410740344391,0.4937783922575547,0.4864286409183772,27.481534240346356,27.52202405965598,,,
35.72502321403998,-18.063443290817037,bursting,bursting,75,82,16.0,16.0,0.27079910747125024,0.2707208206949276,0.490400411936346,0.4932060861631031,27.50902519940473,27.52290514945157,,,
35.72502321403998,-17.01011737753121,bursting,bursting,75,82,16.0,16.0,0.26529629807923744,0.26227705255104505,0.48139411736388577,0.4781714722899631,27.576966462433415,27.630752321975773,[-52.       -52.       -52.       ... -54.584656 -54.584393 -54.584126],[-52.       -52.       -52.       ... -56.00362  -56.003544 -56.003468],"[0.000000e+00 5.000000e-05 1.000000e-04 ... 9.999849e+00 9.999900e+00
 9.999949e+00]"
