tau_i,Vi0,regime_A,regime_B,spike_count_A,spike_count_B,mean_spikes_per_burst_A,mean_spikes_per_burst_B,duty_cycle_A,duty_cycle_B,interburst_freq_A,interburst_freq_B,intraburst_freq_A,intraburst_freq_B,V_trace_A,V_trace_B,time
39.00462398585954,-105.14582794454225,bursting,bursting,73,83,16.0,16.0,0.26859898651129765,0.2721123958721867,0.48960806874097285,0.4973268680840483,27.648931085877717,27.61753077835631,[-52.       -52.       -52.       ... -53.27117  -53.270123 -53.26907 ],[-52.       -52.       -52.       ... -55.53289  -55.532745 -55.532597],"[0.000000e+00 5.000000e-05 1.000000e-04 ... 9.999849e+00 9.999900e+00
 9.999949e+00]"
39.00462398585954,-101.4811769100413,bursting,bursting,75,83,16.0,16.0,0.2752543559233058,0.2737002307427955,0.49996250281228893,0.4909421179242967,27.53680771188821,27.432035517659838,,,
39.00462398585954,-100.19958492603132,bursting,bursting,76,83,16.0,16.0,0.27658346920857874,0.2769223102606268,0.5016932145992726,0.4983305925150744,27.500538196035873,27.401405416558465,,,
39.00462398585954,-98.2750705740145,bursting,bursting,75,83,16.0,16.0,0.27390644061045116,0.2730440369693073,0.49792117907735206,0.4942420797706717,27.55947535262788,27.47896600209242,,,
39.00462398585954,-94.1611661339811,bursting,bursting,80,83,16.0,16.0,0.2796461066706881,0.2812278391247087,0.5026893882270146,0.5065342923715934,27.370330588597387,27.303109748518192,,,
39.00462398585954,-93.84527381702881,bursting,bursting,79,83,16.0,16.0,0.28016915873735077,0.2784148058740697,0.503448623068016,0.5029169181251256,27.347036388173063,27.418016924513154,,,
39.00462398585954,-93.13852565023593,bursting,bursting,81,83,16.0,16.0,0.2845860914458045,0.2829324456236077,0.5111559792470672,0.5005881911245713,27.271468591416735,27.227093655768915,,,
39.00462398585954,-93.01396526987197,bursting,bursting,81,82,16.0,15.5,0.28142250260741286,0.2876166134185305,0.5087634504337207,0.511182108626198,27.39123708813822,27.440235009787465,,,
39.00462398585954,-92.78411885748214,bursting,bursting,81,83,16.0,16.0,0.2810607012693228,0.285545707901278,0.5027020233756442,0.5021466770443648,27.321921146443515,27.156028232524548,,,
39.00462398585954,-91.72173892393454,bursting,bursting,84,81,15.5,15.0,0.28696570736608856,0.26835128855090856,0.5152912683894572,0.5280946345585128,27.54553604889137,27.76367367785318,,,
39.00462398585954,-88.71816837536491,bursting,bursting,85,81,15.5,15.0,0.2936411609498679,0.2703796389968583,0.5277044854881265,0.5324530110217773,27.467068082223754,27.757852408925494,,,
39.00462398585954,-88.57314278030957,bursting,bursting,87,80,15.0,15.0,0.26971031409168084,0.27548678063139687,0.530560271646859,0.5401172054335791,27.769005211202018,27.64431677202694,,,
39.00462398585954,-88.53522241405496,bursting,bursting,85,81,15.5,15.5,0.268829419068502,0.2659000234686694,0.5283597072887222,0.5215259850322044,27.447418007256605,27.448055083821295,,,
39.00462398585954,-85.52555330351612,bursting,bursting,84,79,15.5,15.0,0.2923604565923133,0.27075361394557823,0.5236150382238979,0.5314625850340134,27.459873256855605,27.70815074095242,,,
39.00462398585954,-84.7239990177665,bursting,bursting,87,80,15.0,15.0,0.2721241305510968,0.27651361783680184,0.5350454788657035,0.5398547790644316,27.734802107948717,27.592854130308904,,,
39.00462398585954,-84.36968645429397,bursting,bursting,88,80,15.0,15.0,0.273883988238439,0.273755716616298,0.5346164127238705,0.5348880746703751,27.637465191333984,27.637906320558237,,,
39.00462398585954,-83.78563181339008,bursting,bursting,87,80,15.0,15.0,0.27682137075013497,0.27311362360676783,0.5396654074473827,0.5345735439553095,27.5826079365363,27.662226538997942,,,
39.00462398585954,-83.5989607818643,bursting,bursting,88,79,15.0,15.0,0.275869500794741,0.2734823598536444,0.5388076187397289,0.5341452340891487,27.62666620398557,27.62156803124103,,,
39.00462398585954,-82.85987488320067,bursting,bursting,80,88,15.0,15.0,0.27482212160413966,0.277442244671343,0.5390254420008622,0.5416677951412397,27.681724888155827,27.576245405002506,,,
39.00462398585954,-82.27821706868562,bursting,bursting,88,80,15.0,15.0,0.27816758323625834,0.2754167897124755,0.5418145368840245,0.5369271658299551,27.566770297696795,27.58562478887435,,,
44.17062526144672,-105.14582794454225,bursting,bursting,73,83,16.0,16.0,0.26171762676123844,0.26162456946039025,0.47924853829195824,0.4783773440489857,27.765609642989155,27.70529605676579,,,
44.17062526144672,-101.4811769100413,bursting,bursting,75,83,16.0,16.0,0.26725616029001154,0.27259442724458205,0.4898838975162887,0.49535603715170284,27.691941456634144,27.501175295216385,[-52.       -52.       -52.       ... -54.847412 -54.847122 -54.846836],[-52.       -52.       -52.       ... -55.99565  -55.99561  -55.995567],"[0.000000e+00 5.000000e-05 1.000000e-04 ... 9.999849e+00 9.999900e+00
 9.999949e+00]"
44.17062526144672,-100.19958492603132,bursting,bursting,74,83,16.0,16.0,0.26896551724137924,0.2680851063829789,0.48738881442670884,0.4863221884498479,27.57541343856032,27.555608202413865,,,
44.17062526144672,-98.2750705740145,bursting,bursting,83,75,16.0,16.0,0.26699485991457295,0.2747233748271091,0.48263712927435504,0.4939735230191662,27.570150992270165,27.403331536580836,,,
44.17062526144672,-94.1611661339811,bursting,bursting,75,83,16.0,16.0,0.27182911205282345,0.2684315538469028,0.4927564797477086,0.4866416857267994,27.529433024132963,27.54248127005476,,,
44.17062526144672,-93.84527381702881,bursting,bursting,75,83,16.0,16.0,0.2759465200549795,0.2717985328147311,0.4998125702861427,0.4923440500221554,27.45239335530218,27.49109825782669,,,
44.17062526144672,-93.13852565023593,bursting,bursting,75,83,16.0,16.0,0.2700122699386504,0.27288732394366205,0.4907975460122698,0.4959333465582226,27.55853467000132,27.503496114925643,,,
44.17062526144672,-93.01396526987197,bursting,bursting,76,83,16.0,16.0,0.2753392652980069,0.27567122877870026,0.4970920117313714,0.4985914790716226,27.436119389434193,27.41644082347955,,,
44.17062526144672,-92.78411885748214,bursting,bursting,76,83,16.0,16.0,0.2760578173452036,0.27593397046046936,0.500150045013504,0.496462703239419,27.466900242120087,27.359425684733512,,,
44.17062526144672,-91.72173892393454,bursting,bursting,75,83,16.0,16.0,0.27881956663817814,0.2731271038600459,0.502739932632849,0.49141256541929773,27.37526957305298,27.411342847365542,,,
44.17062526144672,-88.71816837536491,bursting,bursting,77,83,16.0,16.0,0.278464573811843,0.2761876366527528,0.49948802477460613,0.4969191015702645,27.336694471329757,27.359425684733527,,,
44.17062526144672,-88.57314278030957,bursting,bursting,78,83,16.0,16.0,0.2782310541595758,0.2784413893271229,0.5005506056662329,0.5008389051661531,27.360312699111397,27.305944028707533,,,
44.17062526144672,-88.53522241405496,bursting,bursting,83,79,16.0,15.5,0.2847597998120063,0.26174324185425024,0.5080913548255975,0.5139274334463975,27.202843184301585,27.496611023405947,,,
44.17062526144672,-85.52555330351612,bursting,bursting,83,81,15.5,15.5,0.26613092597907495,0.28866846856035516,0.5218253450570094,0.5099699117752051,27.430831090322187,27.38253897855288,,,
44.17062526144672,-84.7239990177665,bursting,bursting,84,80,15.5,15.5,0.2628503770816708,0.2910007757951903,0.5147872641630845,0.5171967933798809,27.489428999477614,27.383261608339442,,,
44.17062526144672,-84.36968645429397,bursting,bursting,85,80,15.0,15.5,0.26920952255688535,0.2663545290471084,0.5261081152176772,0.5231356752373728,27.67819524515278,27.420719510841423,,,
44.17062526144672,-83.78563181339008,bursting,bursting,84,80,15.0,15.0,0.27332299133411775,0.271366438082024,0.5349309939017867,0.53366064519572,27.638600572983393,27.719577233886948,,,
44.17062526144672,-83.5989607818643,bursting,bursting,86,79,15.0,15.0,0.2750261737939921,0.2721213575408568,0.5368983382996431,0.5332053640459623,27.60484608582986,27.664263821939876,,,
44.17062526144672,-82.85987488320067,bursting,bursting,87,79,15.0,15.0,0.2765519668624955,0.2731742511289852,0.5414624901859924,0.5344306976992759,27.626678351434325,27.621390999405698,,,
44.17062526144672,-82.27821706868562,bursting,bursting,86,79,15.0,15.0,0.27093322031204475,0.270553657955358,0.5297872904029032,0.5295628458707338,27.6735250227725,27.65625640271469,,,
44.21787801655311,-105.14582794454225,bursting,bursting,73,83,16.0,16.0,0.2647393801342476,0.2656162618231335,0.4846487508178448,0.48629853867289125,27.71389967074971,27.68377224653492,,,
44.21787801655311,-101.4811769100413,bursting,bursting,74,83,16.0,16.0,0.2645484706851039,0.2638430995066781,0.48434359334511895,0.4812898568162676,27.708244128724473,27.67491216249481,,,
44.21787801655311,-100.19958492603132,bursting,bursting,74,83,16.0,16.0,0.26544268631477247,0.265590254278256,0.48315013890566494,0.48341873731025814,27.64218329035071,27.625528273228838,[-52.       -52.       -52.       ... -54.340458 -54.340134 -54.33981 ],[-52.       -52.       -52.       ... -55.849358 -55.849228 -55.849102],"[0.000000e+00 5.000000e-05 1.000000e-04 ... 9.999849e+00 9.999900e+00
 9.999949e+00]"
44.21787801655311,-98.2750705740145,bursting,bursting,74,83,16.0,16.0,0.27170173023987415,0.2737522512520663,0.4915454187966968,0.49342511040386844,27.52250316440798,27.419891451693413,,,
44.21787801655311,-94.1611661339811,bursting,bursting,76,80,16.0,16.0,0.27474707399325543,0.2689777389362271,0.4959333465582226,0.4855193843614205,27.44180016549486,27.50596009763273,,,
44.21787801655311,-93.84527381702881,bursting,bursting,75,83,16.0,16.0,0.2811628732194453,0.2764926305271046,0.5069194504993157,0.49962528103922055,27.31901832049177,27.405456545430187,,,
44.21787801655311,-93.13852565023593,bursting,bursting,75,83,16.0,16.0,0.2787686416767435,0.2753392652980069,0.5038291011688835,0.4970920117313714,27.39473868167921,27.405771206169167,,,
44.21787801655311,-93.01396526987197,bursting,bursting,75,83,16.0,16.0,0.27531362007168453,0.273050257827342,0.49780963759458385,0.4934494584392193,27.44684226440037,27.449719502425186,,,
44.21787801655311,-92.78411885748214,bursting,bursting,76,83,16.0,16.0,0.27737831858407097,0.2774612693653175,0.5028157683024939,0.49975012493753135,27.444890519580348,27.342812794548152,,,
44.21787801655311,-91.72173892393454,bursting,bursting,76,83,16.0,16.0,0.2760096548635132,0.2784150943396227,0.49767337696269937,0.5031446540880503,27.40868479301113,27.350974238047154,,,
44.21787801655311,-88.71816837536491,bursting,bursting,78,82,16.0,16.0,0.279670683926003,0.27738321496448926,0.49595794276645344,0.5001500450135041,27.270905091636344,27.346617150079243,,,
44.21787801655311,-88.57314278030957,bursting,bursting,81,81,16.0,16.0,0.2800269568690098,0.2801371071401566,0.4992012779552715,0.5040703682234039,27.284199509134726,27.275428480081448,,,
44.21787801655311,-88.53522241405496,bursting,bursting,77,83,16.0,16.0,0.27886721083018107,0.2718015409530356,0.49771053155484773,0.49074937429454774,27.30709871751672,27.452458533870775,,,
44.21787801655311,-85.52555330351612,bursting,bursting,82,81,15.5,15.5,0.28729139260749575,0.28896362282751015,0.5158760865640073,0.5134392729699894,27.506337673950853,27.410463064221034,,,
44.21787801655311,-84.7239990177665,bursting,bursting,86,79,15.0,15.0,0.2700126729327277,0.2717156352573853,0.5280388636603653,0.5337176100125423,27.683923408695243,27.696421599893604,,,
44.21787801655311,-84.36968645429397,bursting,bursting,84,80,15.0,15.0,0.2694173477458477,0.2756387677134421,0.5272871078302134,0.5419026200991682,27.689737244497056,27.65260607461807,,,
44.21787801655311,-83.78563181339008,bursting,bursting,80,86,15.0,15.0,0.26939444400391227,0.2708140793747196,0.528639018845981,0.5281085791238678,27.720723189694322,27.62261213547301,,,
44.21787801655311,-83.5989607818643,bursting,bursting,86,79,15.0,15.0,0.27075677690791927,0.2692591616134986,0.5325664376630985,0.5272871078302137,27.7413940983395,27.674841348185947,,,
44.21787801655311,-82.85987488320067,bursting,bursting,87,79,15.0,15.0,0.27296791443850277,0.2715171844634351,0.5347593582887702,0.5324388360887041,27.65512758199761,27.68135888145684,,,
44.21787801655311,-82.27821706868562,bursting,bursting,87,79,15.0,15.0,0.27133001251964506,0.27536309988952073,0.5327508590607604,0.538923769232842,27.703245387794396,27.60498652024341,,,
44.39297493308039,-105.14582794454225,bursting,bursting,73,83,16.0,16.0,0.26066294120456607,0.26446480814333034,0.47762334622916364,0.48357068594501806,27.778679039459696,27.666531144054872,,,
44.39297493308039,-101.4811769100413,bursting,bursting,74,83,16.0,16.0,0.2664944307684809,0.2688661824449096,0.4874600892051961,0.4924289055767573,27.685767285946593,27.628307629971996,,,
44.39297493308039,-100.19958492603132,bursting,bursting,75,83,16.0,16.0,0.26692508349789107,0.2708596009790104,0.4875789268387822,0.4944498009839551,27.66897993633108,27.558652132230748,,,
44.39297493308039,-98.2750705740145,bursting,bursting,74,83,16.0,16.0,0.2694333677940235,0.26851423422545856,0.4922955742627874,0.48705647419818315,27.64196441973983,27.541313650835097,[-52.       -52.       -52.       ... -54.33549  -54.335163 -54.334835],[-52.       -52.       -52.       ... -55.833477 -55.833347 -55.833218],"[0.000000e+00 5.000000e-05 1.000000e-04 ... 9.999849e+00 9.999900e+00
 9.999949e+00]"
44.39297493308039,-94.1611661339811,bursting,bursting,76,83,16.0,16.0,0.27998583246894543,0.27464457905797984,0.5059832519543602,0.4944987019409075,27.38894037737983,27.392786915752758,,,
44.39297493308039,-93.84527381702881,bursting,bursting,74,83,16.0,16.0,0.2704086656819302,0.2751076486547032,0.49236829148202854,0.4977972471812229,27.582715682399346,27.430066570191066,,,
44.39297493308039,-93.13852565023593,bursting,bursting,75,83,16.0,16.0,0.27275860371227423,0.2738039079375327,0.4923440500221554,0.4965613129081114,27.472153275919606,27.481737143999975,,,
44.39297493308039,-93.01396526987197,bursting,bursting,76,82,16.0,16.0,0.2763750000000001,0.2757854253034314,0.5000000000000001,0.4994755506717945,27.439717411464837,27.42040660205121,,,
44.39297493308039,-92.78411885748214,bursting,bursting,75,83,16.0,16.0,0.2717735793430462,0.2760320240180136,0.491364272903717,0.5003752814610957,27.494908907878212,27.439538906394937,,,
44.39297493308039,-91.72173892393454,bursting,bursting,76,83,16.0,16.0,0.27749254927496314,0.2766101186008109,0.5008890781136517,0.5004253615573236,27.396506225455155,27.40855808031319,,,
44.39297493308039,-88.71816837536491,bursting,bursting,81,81,15.5,15.5,0.2575018327982406,0.28579434015130284,0.5055995146244661,0.5094373264729106,27.603089677000753,27.461754758768613,,,
44.39297493308039,-88.57314278030957,bursting,bursting,78,83,16.0,16.0,0.2807457151448331,0.279795088142233,0.5011526510975243,0.5022349455075084,27.2771182756601,27.263040416597928,,,
44.39297493308039,-88.53522241405496,bursting,bursting,83,79,16.0,15.5,0.2854162477377838,0.2607939875763695,0.5027146591594612,0.5112605127942943,27.140927683521667,27.525192299015846,,,
44.39297493308039,-85.52555330351612,bursting,bursting,83,80,15.5,15.5,0.2669180808715691,0.26401965856182097,0.5237795935470353,0.5173305742369374,27.436966625431985,27.425386308035833,,,
44.39297493308039,-84.7239990177665,bursting,bursting,86,80,15.0,15.0,0.27033974664758553,0.268327141436869,0.5300259712725923,0.5232588561561404,27.706039470531238,27.64980332138484,,,
44.39297493308039,-84.36968645429397,bursting,bursting,85,80,15.0,15.0,0.27406632324533153,0.26986518636003154,0.5365958360163126,0.5286809410520752,27.64713440961106,27.686295155426258,,,
44.39297493308039,-83.78563181339008,bursting,bursting,84,81,15.5,15.0,0.2686047431872744,0.26782576770775923,0.5276070382778906,0.5244801090918627,27.343358112170385,27.69873020408644,,,
44.39297493308039,-83.5989607818643,bursting,bursting,86,79,15.0,15.0,0.27538888739115214,0.27098022583894427,0.5391852910252608,0.5301383661135556,27.6372433777314,27.65905203672285,,,
44.39297493308039,-82.85987488320067,bursting,bursting,86,79,15.0,15.0,0.26920532430072225,0.2726883904942659,0.5292545449734049,0.5346307038413216,27.74268916036695,27.653768487992718,,,
44.39297493308039,-82.27821706868562,bursting,bursting,87,79,15.0,15.0,0.2714335023763376,0.27321629288658156,0.5310251440405703,0.5352459455119626,27.66909243433346,27.63883020524442,,,
44.41090652794522,-105.14582794454225,bursting,bursting,73,83,16.0,16.0,0.2654609101516921,0.2652937319377325,0.48619214313496695,0.4857080408966169,27.70791432831345,27.68641782745865,,,
44.41090652794522,-101.4811769100413,bursting,bursting,73,83,16.0,16.0,0.2633943587525826,0.26601630751310423,0.48051511220027865,0.4853426519122502,27.683422609233137,27.646709954250234,,,
44.41090652794522,-100.19958492603132,bursting,bursting,74,83,16.0,16.0,0.26295691435707746,0.2615057259664809,0.4803304673615447,0.47816004016544333,27.711527500148204,27.7071258215875,,,
44.41090652794522,-98.2750705740145,bursting,bursting,75,83,16.0,16.0,0.2682772238609493,0.2703781253848996,0.4875551546768728,0.4926715112698608,27.594982410037197,27.54855935446896,,,
44.41090652794522,-94.1611661339811,bursting,bursting,75,83,16.0,16.0,0.2724057472675917,0.2705580029368578,0.49121945229031067,0.4894762604013705,27.478504016138746,27.487627030425415,[-52.       -52.       -52.       ... -53.505043 -53.504326 -53.50361 ],[-52.       -52.       -52.       ... -55.592167 -55.59202  -55.591873],"[0.000000e+00 5.000000e-05 1.000000e-04 ... 9.999849e+00 9.999900e+00
 9.999949e+00]"
44.41090652794522,-93.84527381702881,bursting,bursting,75,83,16.0,16.0,0.27448351211760014,0.274381314071537,0.49662296384584814,0.49643805694144505,27.481834546739627,27.43003115932997,,,
44.41090652794522,-93.13852565023593,bursting,bursting,75,83,16.0,16.0,0.2737201027871119,0.2750820324152332,0.49416880806483493,0.4971661529283086,27.458751529772467,27.41718470842519,,,
44.41090652794522,-93.01396526987197,bursting,bursting,75,83,16.0,16.0,0.27229315122723674,0.2735072406268597,0.4948535233570862,0.4959333465582226,27.535043238144905,27.47604284880985,,,
44.41090652794522,-92.78411885748214,bursting,bursting,75,83,16.0,16.0,0.2756290831408203,0.2723634131368937,0.4968080085450977,0.4910988336402701,27.42575657548928,27.43144129079415,,,
44.41090652794522,-91.72173892393454,bursting,bursting,76,83,16.0,16.0,0.2758944920077201,0.2761180926580881,0.4948780125699014,0.501668046253794,27.374735397801878,27.450211295480504,,,
44.41090652794522,-88.71816837536491,bursting,bursting,81,81,15.5,15.5,0.25966131133304393,0.2839412360688957,0.5108426349263109,0.5065856129685916,27.59625380499905,27.473478532847984,,,
44.41090652794522,-88.57314278030957,bursting,bursting,83,81,15.0,15.0,0.27046159556698557,0.26747202641440204,0.530264867301217,0.5240952805219988,27.712310335928546,27.709711678858408,,,
44.41090652794522,-88.53522241405496,bursting,bursting,78,83,16.0,16.0,0.2797106527833399,0.27903992754170115,0.5006007208650379,0.5031826301356077,27.30472305432112,27.317103413351386,,,
44.41090652794522,-85.52555330351612,bursting,bursting,83,80,16.0,15.5,0.28291927830080965,0.28424368133978667,0.5075240439515822,0.5121507771888043,27.222273822681196,27.547803538197595,,,
44.41090652794522,-84.7239990177665,bursting,bursting,85,81,15.5,15.5,0.2657357232180077,0.26525357607282185,0.5210504376823678,0.5201560468140444,27.435911865404545,27.39886055302368,,,
44.41090652794522,-84.36968645429397,bursting,bursting,84,81,15.0,15.0,0.2679736842105261,0.26832484899638664,0.5263157894736842,0.5275235407380054,27.733620896977573,27.74463962020372,,,
44.41090652794522,-83.78563181339008,bursting,bursting,85,79,15.0,15.0,0.26876928351045587,0.26825105042016834,0.5274122517866091,0.5252100840336132,27.7279182233567,27.696499926995234,,,
44.41090652794522,-83.5989607818643,bursting,bursting,83,80,15.5,15.5,0.2607896215332753,0.2863007723295616,0.5107513151846366,0.513175788366305,27.517900625943103,27.484208414383133,,,
44.41090652794522,-82.85987488320067,bursting,bursting,85,80,15.0,15.0,0.26857670979667303,0.2681735843112545,0.5281225244256667,0.5250584127484181,27.75215586738393,27.696499926995237,,,
44.41090652794522,-82.27821706868562,bursting,bursting,86,79,15.0,15.0,0.2709227752159854,0.26914147010711814,0.5300259712725923,0.527676639755158,27.669092434333482,27.695961524794274,,,
44.6851439225174,-105.14582794454225,bursting,bursting,74,83,16.0,16.0,0.2641218058538232,0.2621366192128244,0.4825905460512027,0.47852613949036976,27.704962464587037,27.69283288362738,,,
44.6851439225174,-101.4811769100413,bursting,bursting,74,83,16.0,16.0,0.26175059952038365,0.2629106850370941,0.47961630695443647,0.4817419789960497,27.756481487276588,27.712918569961538,,,
44.6851439225174,-100.19958492603132,bursting,bursting,74,83,16.0,16.0,0.26838018478474535,0.2656578597500544,0.4914487910359739,0.48345379390364757,27.680830992626742,27.610017725612142,,,
44.6851439225174,-98.2750705740145,bursting,bursting,73,83,16.0,16.0,0.26866624122527094,0.2686450985161761,0.49089391782435815,0.48649963512527356,27.641964419739853,27.529918139752958,,,
44.6851439225174,-94.1611661339811,bursting,bursting,74,82,16.0,16.0,0.27193004186588066,0.27171794428955615,0.49545420764485837,0.4934494584392193,27.561689452584332,27.513576690943705,,,
44.6851439225174,-93.84527381702881,bursting,bursting,76,83,16.0,16.0,0.271905543443647,0.27351821642196855,0.4899198980966611,0.49433980918483367,27.465879968672123,27.441318230324587,[-52.       -52.       -52.       ... -63.76248  -63.699047 -63.635918],[-52.       -52.       -52.       ... -55.58073  -55.580692 -55.580654],"[0.000000e+00 5.000000e-05 1.000000e-04 ... 9.999849e+00 9.999900e+00
 9.999949e+00]"
44.6851439225174,-93.13852565023593,bursting,bursting,83,76,16.0,16.0,0.2738616027043151,0.2729999508285391,0.49711672300656184,0.4917146088410285,27.491113605418608,27.43953890639493,,,
44.6851439225174,-93.01396526987197,bursting,bursting,76,82,16.0,16.0,0.2785965794768614,0.27658407697293,0.5030181086519113,0.498529338451568,27.38858634958253,27.37236962480045,,,
44.6851439225174,-92.78411885748214,bursting,bursting,76,83,16.0,16.0,0.277034475846863,0.27588005862917053,0.5011024253357386,0.4968573770899064,27.427061212831237,27.381316356777468,,,
44.6851439225174,-91.72173892393454,bursting,bursting,76,82,16.0,16.0,0.27335502620532076,0.2769195991259138,0.4967833279515138,0.5023484791399793,27.519846472320946,27.41344446580182,,,
44.6851439225174,-88.71816837536491,bursting,bursting,85,75,15.0,16.0,0.25597575438134146,0.2717497311760735,0.5270786664909738,0.5001375378229012,27.154247900064025,27.615519149342198,,,
44.6851439225174,-88.57314278030957,bursting,bursting,81,82,15.5,15.5,0.26021714636894383,0.28553542683394234,0.5121376626037077,0.5110253724097403,27.584291740301605,27.49440909384284,,,
44.6851439225174,-88.53522241405496,bursting,bursting,78,83,16.0,16.0,0.2789112261146498,0.2809744545775183,0.4976114649681529,0.5038544868242051,27.29995812418032,27.22111867658891,,,
44.6851439225174,-85.52555330351612,bursting,bursting,81,81,16.0,16.0,0.28338316525617013,0.28239743525522193,0.5067653169817058,0.5009267144216799,27.227112888561017,27.14864769194943,,,
44.6851439225174,-84.7239990177665,bursting,bursting,79,82,15.5,16.0,0.2629379288994379,0.2854334677419355,0.5159692482328052,0.5040322580645161,27.506496005004696,27.03765859073196,,,
44.6851439225174,-84.36968645429397,bursting,bursting,86,79,15.0,15.0,0.2706589681110288,0.2705823026699929,0.5297171310520181,0.5308137374595255,27.67888533941927,27.69064855818572,,,
44.6851439225174,-83.78563181339008,bursting,bursting,87,79,15.0,15.0,0.2730261399476134,0.26920447973079525,0.5345592558935158,0.5257899994742099,27.659288693701058,27.65724876388839,,,
44.6851439225174,-83.5989607818643,bursting,bursting,84,80,15.5,15.0,0.2683612848956415,0.26695503997902736,0.5257347142631829,0.5243151133831432,27.360137772470893,27.73362089697756,,,
44.6851439225174,-82.85987488320067,bursting,bursting,86,79,15.0,15.0,0.2705202618536483,0.2722920566996524,0.5300681137526172,0.5349023803155923,27.691664740118235,27.681666691624134,,,
44.6851439225174,-82.27821706868562,bursting,bursting,87,79,15.0,15.0,0.2723819713788951,0.2749604016215202,0.5349739200213991,0.5369271658299551,27.7006889557963,27.58146620371693,,,
45.787885714675056,-105.14582794454225,bursting,bursting,74,83,16.0,16.0,0.26088939019414903,0.25938752757549133,0.4799731215051957,0.47441706003747897,27.81723920868584,27.72144253926623,,,
45.787885714675056,-101.4811769100413,bursting,bursting,74,83,16.0,16.0,0.264574535216737,0.2638421609151204,0.48541332945002685,0.4806305873305776,27.729763540380734,27.63966459083379,,,
45.787885714675056,-100.19958492603132,bursting,bursting,83,74,16.0,16.0,0.2604181549745202,0.2626216835273909,0.47625851312092193,0.4771903034930331,27.746243021038584,27.622956988828875,,,
45.787885714675056,-98.2750705740145,bursting,bursting,83,75,16.0,16.0,0.2668502363662948,0.266247278006291,0.48735318485306306,0.4839099927413502,27.652205964705722,27.5813918842709,,,
45.787885714675056,-94.1611661339811,bursting,bursting,74,83,16.0,16.0,0.2706317517085959,0.27085778560250384,0.4899198980966612,0.4890453834115807,27.528048336230597,27.464492771206412,,,
45.787885714675056,-93.84527381702881,bursting,bursting,75,83,16.0,16.0,0.27251493619846084,0.26803948264125227,0.49172669830108434,0.48623942429252154,27.468184870994435,27.549365089965267,,,
45.787885714675056,-93.13852565023593,bursting,bursting,75,82,16.0,16.0,0.27704518624569896,0.27432335388653656,0.5023484791399793,0.49525790555431726,27.44084450987224,27.408529008207818,[-52.       -52.       -52.       ... -53.9928   -53.992393 -53.991985],[-52.      -52.      -52.      ... -55.72789 -55.72775 -55.72761],"[0.000000e+00 5.000000e-05 1.000000e-04 ... 9.999849e+00 9.999900e+00
 9.999949e+00]"
45.787885714675056,-93.01396526987197,bursting,bursting,75,82,16.0,16.0,0.2779471416693958,0.27419832995701354,0.5038925701040536,0.4940955580809328,27.418680230166455,27.39603111610075,,,
45.787885714675056,-92.78411885748214,bursting,bursting,75,82,16.0,16.0,0.27696872973916525,0.2689567986774611,0.49872824298039997,0.48622760314103025,27.383062113697356,27.50921667887182,,,
45.787885714675056,-91.72173892393454,bursting,bursting,75,82,16.0,16.0,0.2750907192921409,0.27859515899383,0.4970920117313714,0.4995878400319737,27.44983202600421,27.27904412602834,,,
45.787885714675056,-88.71816837536491,bursting,bursting,77,82,16.0,16.0,0.28186126235128045,0.2801706827309238,0.504133897963299,0.5020080321285139,27.261783471819566,27.269745646080235,,,
45.787885714675056,-88.57314278030957,bursting,bursting,82,79,16.0,15.5,0.2799313980176044,0.26233459842035095,0.5044263411435345,0.5128731151913016,27.339219740994146,27.444324303730554,,,
45.787885714675056,-88.53522241405496,bursting,bursting,78,82,15.5,16.0,0.25797447154058906,0.2814043620335893,0.5075240439515821,0.5066241102414063,27.603045906654494,27.25464145622647,,,
45.787885714675056,-85.52555330351612,bursting,bursting,82,80,16.0,15.5,0.28138256482341434,0.2830318296313257,0.5020206330480182,0.5088670076075619,27.223699674935663,27.537367231063886,,,
45.787885714675056,-84.7239990177665,bursting,bursting,83,80,15.5,15.5,0.26179275597028373,0.28696910461780606,0.5141256008842962,0.5077301921758778,27.52685888071433,27.405502409192408,,,
45.787885714675056,-84.36968645429397,bursting,bursting,86,79,15.0,15.0,0.2688291432045892,0.2688268274064911,0.5287228699077379,0.5264404727435447,27.74986687560008,27.678896210314296,,,
45.787885714675056,-83.78563181339008,bursting,bursting,84,80,15.5,15.5,0.2632571842050857,0.28920101312456825,0.5168492867479841,0.5116790748842327,27.492889683154672,27.38432247935163,,,
45.787885714675056,-83.5989607818643,bursting,bursting,82,81,15.5,15.5,0.29225159525979927,0.2923258984847316,0.5209011590050786,0.5145223945872244,27.404749183057373,27.32105305105202,,,
45.787885714675056,-82.85987488320067,bursting,bursting,80,85,15.5,15.0,0.29537749980290623,0.26731196860693285,0.525582739862823,0.5232177894048398,27.36344434142049,27.69346763600885,,,
45.787885714675056,-82.27821706868562,bursting,bursting,87,79,15.0,15.0,0.27074466679002895,0.27236814008114474,0.528694916598377,0.5338458253256461,27.64726120072271,27.652355285661535,,,
46.300099423249314,-105.14582794454225,bursting,bursting,75,83,16.0,16.0,0.26327112744150066,0.26195954366791285,0.4834654805646876,0.47934042757166123,27.75993771870013,27.7150728257176,,,
46.300099423249314,-101.4811769100413,bursting,bursting,75,83,16.0,16.0,0.2629187412384592,0.2622585971713691,0.48339536907236413,0.47861775193241907,27.753759245186608,27.67278794264326,,,
46.300099423249314,-100.19958492603132,bursting,bursting,74,82,16.0,16.0,0.26578953768330943,0.26661651580965307,0.48639315158442564,0.48533087432357025,27.698247325520228,27.580055551917265,,,
46.300099423249314,-98.2750705740145,bursting,bursting,75,83,16.0,16.0,0.26408940476761483,0.2636451069968744,0.479639311237949,0.4808848280836739,27.6197649278647,27.652897794840477,,,
46.300099423249314,-94.1611661339811,bursting,bursting,75,82,16.0,16.0,0.27296219728292964,0.2694604939174528,0.49222287851939356,0.48757892683878196,27.459104482947136,27.5029068286646,,,
46.300099423249314,-93.84527381702881,bursting,bursting,75,82,16.0,16.0,0.2698673064681975,0.2694665097577718,0.4896440287910689,0.49034029616553876,27.548482670305905,27.542698574963662,,,
46.300099423249314,-93.13852565023593,bursting,bursting,75,82,16.0,16.0,0.2769047737074309,0.27064411095062085,0.4957120904178854,0.48963204152079715,27.34133810227371,27.487627030425415,,,
46.300099423249314,-93.01396526987197,bursting,bursting,75,83,16.0,16.0,0.2692307692307693,0.2709445660999431,0.4859322610428106,0.4920896587358217,27.505179841246736,27.52336104027986,[-52.       -52.       -52.       ... -54.14725  -54.146896 -54.14654 ],[-52.       -52.       -52.       ... -55.799465 -55.79933  -55.7992  ],"[0.000000e+00 5.000000e-05 1.000000e-04 ... 9.999849e+00 9.999900e+00
 9.999949e+00]"
46.300099423249314,-92.78411885748214,bursting,bursting,83,75,16.0,16.0,0.2681825986704932,0.2692552203041714,0.49059288149728963,0.489021468042447,27.641868347016082,27.530554005323584,,,
46.300099423249314,-91.72173892393454,bursting,bursting,75,83,16.0,16.0,0.2724163205472759,0.27182952182952186,0.4886391399951136,0.495000495000495,27.413836561006196,27.53031531294048,,,
46.300099423249314,-88.71816837536491,bursting,bursting,77,82,16.0,16.0,0.27571569595261586,0.2807431062449309,0.4935834155972359,0.5068937550689374,27.3621300596514,27.22404942577641,,,
46.300099423249314,-88.57314278030957,bursting,bursting,77,82,16.0,16.0,0.2768988896531393,0.2744254303054424,0.4913039206052865,0.4974629390110436,27.29357484213824,27.43601861303505,,,
46.300099423249314,-88.53522241405496,bursting,bursting,77,83,16.0,16.0,0.27937826946662336,0.2813215570821067,0.5005881911245714,0.5032585994313178,27.309244446355766,27.206864716356403,,,
46.300099423249314,-85.52555330351612,bursting,bursting,78,82,16.0,16.0,0.2790420351783764,0.2791346298808987,0.4968697207592169,0.5025378159706517,27.272498074959437,27.278911312540508,,,
46.300099423249314,-84.7239990177665,bursting,bursting,80,81,15.5,15.5,0.2657222018924145,0.2607392607392605,0.5227664802132888,0.5123082046158969,27.47316537254182,27.51698580992366,,,
46.300099423249314,-84.36968645429397,bursting,bursting,85,79,15.0,15.0,0.2698404283517998,0.2717492859240278,0.5301383661135557,0.5338885774538853,27.73402008802165,27.676716038751717,,,
46.300099423249314,-83.78563181339008,bursting,bursting,83,80,15.5,15.0,0.26704306722689086,0.2667311260354875,0.5252100840336134,0.5226435309796954,27.436115307925494,27.70537395486864,,,
46.300099423249314,-83.5989607818643,bursting,bursting,83,80,15.0,15.0,0.2685312104597214,0.2719612668521294,0.5272037115141291,0.5349882302589345,27.726882829378354,27.692560786173036,,,
46.300099423249314,-82.85987488320067,bursting,bursting,86,79,15.0,15.0,0.26955211252710054,0.270417326994189,0.5287927661149595,0.5282620179609087,27.702326246833618,27.64256697525417,,,
46.300099423249314,-82.27821706868562,bursting,bursting,86,79,15.0,15.0,0.2719513496212525,0.2749589070625961,0.5334471353888831,0.538923769232842,27.684542769489042,27.621308290517334,,,
47.39163038187516,-105.14582794454225,bursting,bursting,73,83,16.0,16.0,0.25820040706205355,0.26337030861064753,0.4733279689496852,0.48333695836052104,27.79163122483682,27.71203895568665,,,
47.39163038187516,-101.4811769100413,bursting,bursting,75,83,16.0,16.0,0.26158096553695187,0.2640502354788068,0.476337914116274,0.4830334500664172,27.67880082052226,27.662284740040036,,,
47.39163038187516,-100.19958492603132,bursting,bursting,74,83,16.0,16.0,0.26401394133023526,0.2635511315707022,0.4840739665020817,0.48203224795738825,27.722239691837228,27.675311240527343,,,
47.39163038187516,-98.2750705740145,bursting,bursting,74,83,16.0,16.0,0.26151599310476914,0.2656582768635046,0.4788354721317755,0.48402710551790884,27.73743579736076,27.602297422756212,,,
47.39163038187516,-94.1611661339811,bursting,bursting,75,82,16.0,16.0,0.27555644077080127,0.27423415339365376,0.49793357566100666,0.49851691218624605,27.428226839259956,27.475146708239517,,,
47.39163038187516,-93.84527381702881,bursting,bursting,83,75,16.0,16.0,0.2662271805273835,0.26920567410164103,0.4829518014102191,0.48331359802808055,27.58629309620923,27.424625148308454,,,
47.39163038187516,-93.13852565023593,bursting,bursting,83,75,16.0,16.0,0.2645237464157489,0.26772491893723055,0.4819160984072673,0.4839568310506703,27.64341385747385,27.519366076022703,,,
47.39163038187516,-93.01396526987197,bursting,bursting,75,82,16.0,16.0,0.27741368487131196,0.2765834547189714,0.5021971123666038,0.5022853985634638,27.41163945494238,27.41177250650425,,,
47.39163038187516,-92.78411885748214,bursting,bursting,83,75,16.0,16.0,0.2737543019601974,0.2699345924891601,0.49877799391490846,0.489943901423287,27.514472112659778,27.53299735579862,[-52.       -52.       -52.       ... -55.88083  -55.880707 -55.880585],[-52.       -52.       -52.       ... -54.035023 -54.034645 -54.034267],"[0.000000e+00 5.000000e-05 1.000000e-04 ... 9.999849e+00 9.999900e+00
 9.999949e+00]"
47.39163038187516,-91.72173892393454,bursting,bursting,75,82,16.0,16.0,0.2733269339634254,0.2715031263847176,0.4922592237072042,0.4923440500221554,27.430159357027076,27.479700425190444,,,
47.39163038187516,-88.71816837536491,bursting,bursting,75,83,16.0,16.0,0.27691430554522706,0.2732808994304593,0.4957735306511985,0.49310880445770366,27.33055839043277,27.40339445306864,,,
47.39163038187516,-88.57314278030957,bursting,bursting,76,82,16.0,16.0,0.2757977930211748,0.27553220490198477,0.49706730291281426,0.4956506654110183,27.39006230507668,27.349597405103815,,,
47.39163038187516,-88.53522241405496,bursting,bursting,83,77,16.0,16.0,0.2705963291481363,0.27877889012483015,0.49141256541929773,0.4943764676801384,27.52428048245787,27.23276130958311,,,
47.39163038187516,-85.52555330351612,bursting,bursting,81,81,15.5,15.5,0.26712724598087634,0.2597561286052492,0.5253756435851635,0.5091260850749688,27.419300359452574,27.511308186487692,,,
47.39163038187516,-84.7239990177665,bursting,bursting,82,81,15.5,15.5,0.2669572752816364,0.2643728787211438,0.5251962921141776,0.518174987693344,27.422210467966103,27.420856496610103,,,
47.39163038187516,-84.36968645429397,bursting,bursting,81,81,15.5,15.5,0.28707132095707466,0.285372008258354,0.5107121881463701,0.5097749343664773,27.42986312584887,27.463183333811912,,,
47.39163038187516,-83.78563181339008,bursting,bursting,85,76,15.0,16.0,0.2551953889270796,0.27585858074958264,0.5287927661149596,0.5057913105052855,27.14507240404563,27.49561536252806,,,
47.39163038187516,-83.5989607818643,bursting,bursting,83,80,15.0,15.5,0.26811651301447226,0.26554054054054066,0.5253066477556273,0.5197505197505197,27.706977438625664,27.3644518504606,,,
47.39163038187516,-82.85987488320067,bursting,bursting,83,80,15.5,15.5,0.265510235974371,0.2859545836837678,0.5209147262593113,0.5097229655682136,27.39909964684004,27.447752127850674,,,
47.39163038187516,-82.27821706868562,bursting,bursting,84,80,15.0,15.0,0.2689113061705749,0.26641450371722963,0.5240403511070353,0.5217164471109951,27.642379525175304,27.69710278109771,,,
48.70189663111327,-105.14582794454225,bursting,bursting,74,83,16.0,16.0,0.25769021288687877,0.25644959520381444,0.47360818394941856,0.47206552269454993,27.81452476820953,27.809041625756162,,,
48.70189663111327,-101.4811769100413,bursting,bursting,74,83,16.0,16.0,0.25746742556093916,0.2601565856685921,0.47038901171268627,0.477395331073662,27.75441205801612,27.733949824923872,,,
48.70189663111327,-100.19958492603132,bursting,bursting,75,83,16.0,16.0,0.25883946392928414,0.2607483981611607,0.47523999619807994,0.4763832980015719,27.778723320494617,27.694755044490257,,,
48.70189663111327,-98.2750705740145,bursting,bursting,73,83,16.0,16.0,0.26135092021618544,0.26644351055512094,0.4761791385919383,0.4886630179827992,27.673829287629587,27.64754281128153,,,
48.70189663111327,-94.1611661339811,bursting,bursting,75,82,16.0,16.0,0.26627532117596103,0.2668595322604172,0.4811624885723908,0.4862157825643022,27.54473606537017,27.585143487979856,,,
48.70189663111327,-93.84527381702881,bursting,bursting,75,82,16.0,16.0,0.267332478901168,0.268063212054392,0.4836408483060479,0.49001592551757933,27.524660177512974,27.600553185420996,,,
48.70189663111327,-93.13852565023593,bursting,bursting,75,82,16.0,16.0,0.2688143198556308,0.2718009595884652,0.4877335024142808,0.49463322946035515,27.545767294876992,27.498499842785197,,,
48.70189663111327,-93.01396526987197,bursting,bursting,75,82,16.0,16.0,0.2687595526334943,0.2700247931855561,0.4852131298672943,0.490954169428284,27.502039496104512,27.514714812460014,,,
48.70189663111327,-92.78411885748214,bursting,bursting,75,82,16.0,16.0,0.27070490485124626,0.26693546428311204,0.4873175604882922,0.4857788249010227,27.45190258916951,27.572716796299776,,,
48.70189663111327,-91.72173892393454,bursting,bursting,75,82,16.0,16.0,0.2753637607262776,0.2731628998394467,0.4974505658500186,0.4940101272076077,27.42215548087928,27.43476849826113,[-52.       -52.       -52.       ... -53.958    -53.957592 -53.957184],[-52.      -52.      -52.      ... -55.71532 -55.71518 -55.71504],"[0.000000e+00 5.000000e-05 1.000000e-04 ... 9.999849e+00 9.999900e+00
 9.999949e+00]"
48.70189663111327,-88.71816837536491,bursting,bursting,76,82,16.0,16.0,0.27342810144607294,0.27295647230392767,0.49102649087918293,0.4943520280791952,27.393481785774267,27.436390810740328,,,
48.70189663111327,-88.57314278030957,bursting,bursting,75,82,16.0,16.0,0.2749709424536935,0.26989010989011,0.4945965328783046,0.48840048840048855,27.381630476648116,27.48345052196439,,,
48.70189663111327,-88.53522241405496,bursting,bursting,77,79,16.0,16.0,0.27502595283998227,0.2752017372849985,0.49433980918483367,0.49354687461441643,27.388754062023725,27.32343471253383,,,
48.70189663111327,-85.52555330351612,bursting,bursting,78,81,15.5,16.0,0.25740543825003803,0.2770983331689518,0.5063547521393489,0.49314528059966467,27.601527304716026,27.259440058772476,,,
48.70189663111327,-84.7239990177665,bursting,bursting,79,81,16.0,15.5,0.284725878017598,0.28186596583442863,0.5013662229575592,0.5054078641463661,27.142465345796996,27.51002357705643,,,
48.70189663111327,-84.36968645429397,bursting,bursting,81,81,15.5,15.5,0.260171744019628,0.28864867640639846,0.5111429155591902,0.5135183711197268,27.545589120404003,27.397004951718046,,,
48.70189663111327,-83.78563181339008,bursting,bursting,79,81,15.5,15.5,0.2615620605905663,0.28434431844128183,0.5113127956027098,0.5073952862977902,27.4648327809264,27.46427818098328,,,
48.70189663111327,-83.5989607818643,bursting,bursting,81,80,15.5,15.5,0.2641006393497788,0.28715184186882314,0.5176921284911862,0.5134129123347452,27.445810661965318,27.444559585687855,,,
48.70189663111327,-82.85987488320067,bursting,bursting,84,80,15.0,15.0,0.2692165850060587,0.27225968072915263,0.5268426321057899,0.5330064227273938,27.683985952910593,27.625741968190002,,,
48.70189663111327,-82.27821706868562,bursting,bursting,81,81,15.5,15.5,0.2873636619070732,0.2906770371143706,0.5108687322792408,0.5220024012110456,27.416209912639776,27.432248245020034,,,
49.856902694344555,-105.14582794454225,bursting,bursting,73,83,16.0,16.0,0.2574587201474028,0.2542800420413405,0.4724446649186214,0.46712600724045317,27.794695413336207,27.81628843196739,,,
49.856902694344555,-101.4811769100413,bursting,bursting,75,82,16.0,16.0,0.2593311400913589,0.25555581575064956,0.4733615772407752,0.4683511697070465,27.72374662025345,27.77770815429602,,,
49.856902694344555,-100.19958492603132,bursting,bursting,74,82,16.0,16.0,0.26211227584230756,0.2632872948152433,0.47756632202297106,0.4820787234555403,27.667277586520186,27.66882345195355,,,
49.856902694344555,-98.2750705740145,bursting,bursting,83,75,16.0,16.0,0.2642647735807913,0.2635692574902303,0.4845782957381339,0.48246248854151585,27.701141630607207,27.66368006001608,,,
49.856902694344555,-94.1611661339811,bursting,bursting,75,82,16.0,16.0,0.2642729333174282,0.2664425606547796,0.4771561493498747,0.487186982363831,27.550092443490488,27.611237567574612,,,
49.856902694344555,-93.84527381702881,bursting,bursting,75,82,16.0,16.0,0.2669611179494605,0.2647719315190883,0.48270702097362006,0.4829401395697002,27.536133228963067,27.614471485578242,,,
49.856902694344555,-93.13852565023593,bursting,bursting,75,82,16.0,16.0,0.2648451205152236,0.26554027885360176,0.48061903732006817,0.4841208365608056,27.58890054475822,27.602120449463417,,,
49.856902694344555,-93.01396526987197,bursting,bursting,75,82,16.0,16.0,0.2774128601988171,0.27100078415996864,0.5033345916698125,0.4900999803960008,27.42483944689121,27.46557334814419,,,
49.856902694344555,-92.78411885748214,bursting,bursting,75,82,16.0,16.0,0.2687521350836952,0.2646278520090683,0.4880191303499097,0.48236939848536003,27.54916432993325,27.60688096443507,,,
49.856902694344555,-91.72173892393454,bursting,bursting,74,82,16.0,16.0,0.270825670075284,0.27487067250298436,0.4904485151671203,0.49741345005968945,27.49828683452176,27.38260372648751,,,
49.856902694344555,-88.71816837536491,bursting,bursting,76,82,16.0,16.0,0.2752318603382435,0.27569861517843863,0.49595794276645344,0.4963518141658807,27.388181221195016,27.345784322384148,[-52.       -52.       -52.       ... -59.619038 -59.5753   -59.531765],[-52.       -52.       -52.       ... -55.520725 -55.520634 -55.520542],"[0.000000e+00 5.000000e-05 1.000000e-04 ... 9.999849e+00 9.999900e+00
 9.999949e+00]"
49.856902694344555,-88.57314278030957,bursting,bursting,75,82,16.0,16.0,0.27048438760789323,0.2741427615104255,0.4890334254346284,0.4958718667096424,27.48229536108444,27.392051120911088,,,
49.856902694344555,-88.53522241405496,bursting,bursting,76,82,16.0,16.0,0.27340004425540276,0.27336333069620267,0.4917266983010841,0.49446202531645567,27.40428162210865,27.415453933045047,,,
49.856902694344555,-85.52555330351612,bursting,bursting,76,82,16.0,16.0,0.2784154570126734,0.2795363688934706,0.497970769115853,0.502853694717522,27.286193221324087,27.252494241097324,,,
49.856902694344555,-84.7239990177665,bursting,bursting,82,80,15.5,15.0,0.2669134441206587,0.2661623828718006,0.5250584127484182,0.523477987750615,27.377200934013832,27.744991684742708,,,
49.856902694344555,-84.36968645429397,bursting,bursting,83,77,16.0,16.0,0.2778913769886788,0.2780673966725701,0.49872824298039986,0.4988650819385897,27.29670879706886,27.272034386699623,,,
49.856902694344555,-83.78563181339008,bursting,bursting,78,81,16.0,16.0,0.2815412051340014,0.2759489294445954,0.5023484791399794,0.49391252809127517,27.20425863822232,27.29308632091121,,,
49.856902694344555,-83.5989607818643,bursting,bursting,78,82,16.0,16.0,0.28154754427835704,0.2803851694593978,0.5024494410249969,0.5054717314934163,27.20308419217181,27.21369791189289,,,
49.856902694344555,-82.85987488320067,bursting,bursting,81,81,15.5,15.5,0.2661132430104156,0.26340290169912317,0.5220977889158639,0.5172369203713761,27.400935178257694,27.421573381153955,,,
49.856902694344555,-82.27821706868562,bursting,bursting,84,75,14.5,15.5,0.26184773540730366,0.2792082766410803,0.5382276164590004,0.5134392729699894,27.357206477198908,27.777230587752054,,,
50.00928939680185,-105.14582794454225,bursting,bursting,74,84,16.5,16.0,0.2770818672296506,0.2580058138160848,0.46915317851278443,0.4726679743813959,27.600171969437593,27.74247508449603,,,
50.00928939680185,-101.4811769100413,bursting,bursting,75,82,16.0,16.0,0.26010424070125543,0.2576069224767712,0.4738213693437574,0.47284677400288444,27.68777388174213,27.76963804962393,,,
50.00928939680185,-100.19958492603132,bursting,bursting,74,82,16.0,16.0,0.2607582825020934,0.26300459764581263,0.47841167324482714,0.4814288809185664,27.749751152184764,27.66779489747747,,,
50.00928939680185,-98.2750705740145,bursting,bursting,75,82,16.0,16.0,0.2675087787748731,0.2594050017778832,0.48770971517752637,0.4741021690174232,27.608886995608064,27.701221013183726,,,
50.00928939680185,-94.1611661339811,bursting,bursting,74,82,16.0,16.0,0.2644426362896665,0.26980149371069184,0.4786292059541474,0.4913522012578615,27.574971725473446,27.52516748631188,,,
50.00928939680185,-93.84527381702881,bursting,bursting,83,75,16.0,16.0,0.26556328301063814,0.265348696179503,0.4846487508178448,0.48514251061249236,27.63634815762181,27.633454732194174,,,
50.00928939680185,-93.13852565023593,bursting,bursting,75,82,16.0,16.0,0.2717481561080448,0.2629863176680547,0.4884482000683828,0.47590719809637116,27.4249134985945,27.558606022027973,,,
50.00928939680185,-93.01396526987197,bursting,bursting,75,82,16.0,16.0,0.26716320460426074,0.26986811786046955,0.48364084830604803,0.49026817669265094,27.545445251977217,27.509079762410114,,,
50.00928939680185,-92.78411885748214,bursting,bursting,75,82,16.0,16.0,0.2695720378449924,0.2714504722812916,0.4902201088288641,0.4945353840067257,27.551552267673852,27.515617070120474,,,
50.00928939680185,-91.72173892393454,bursting,bursting,75,82,16.0,16.0,0.26983080641617224,0.26398580437858177,0.48829317122000043,0.47958180466633105,27.50394363118017,27.58452309967943,,,
50.00928939680185,-88.71816837536491,bursting,bursting,75,82,16.0,16.0,0.27466423069326507,0.27523027383240534,0.4937783922575548,0.4992386610419111,27.37953936407703,27.399813742531887,,,
50.00928939680185,-88.57314278030957,bursting,bursting,85,75,15.0,16.0,0.24779622796227957,0.2680827913647714,0.5125051250512506,0.49457207151512145,27.32106160450602,27.671590061380844,[-52.       -52.       -52.       ... -55.856514 -55.856842 -55.85717 ],[-52.       -52.       -52.       ... -54.9854   -54.985172 -54.984943],"[0.000000e+00 5.000000e-05 1.000000e-04 ... 9.999849e+00 9.999900e+00
 9.999949e+00]"
50.00928939680185,-88.53522241405496,bursting,bursting,75,82,16.0,16.0,0.2753164556962025,0.2759701492537315,0.49446202531645567,0.4975124378109451,27.370733298415324,27.338944940698855,,,
50.00928939680185,-85.52555330351612,bursting,bursting,76,82,16.0,16.0,0.28052625046543367,0.2745892470980092,0.4964627032394191,0.49712907956550906,27.199538848960117,27.401565459533938,,,
50.00928939680185,-84.7239990177665,bursting,bursting,78,81,15.5,15.5,0.25982081323225387,0.28264399898502895,0.5105036118130536,0.5074854097944683,27.54715611462872,27.511423305990533,,,
50.00928939680185,-84.36968645429397,bursting,bursting,80,80,16.0,15.5,0.281656089453007,0.2826440815911287,0.5036768409388537,0.5086728724757108,27.2191043169234,27.52861920085607,,,
50.00928939680185,-83.78563181339008,bursting,bursting,79,81,16.0,16.0,0.2844662638469285,0.27387938261255473,0.5035246727089627,0.49312096257211896,27.12339926300546,27.365133525405227,,,
50.00928939680185,-83.5989607818643,bursting,bursting,81,81,15.5,15.5,0.28686574038535345,0.2941359062572752,0.5117576315856809,0.5173439561292326,27.444265883920966,27.2826990246433,,,
50.00928939680185,-82.85987488320067,bursting,bursting,80,81,15.5,15.5,0.2892526219325932,0.2837502531901963,0.5091131249363607,0.5063803929511849,27.35744915199915,27.462555830044558,,,
50.00928939680185,-82.27821706868562,bursting,bursting,83,80,15.0,15.0,0.2695953818451436,0.27086150664227227,0.5296049147336086,0.5303211094317609,27.716014723917493,27.638745054915884,,,
50.07933725696112,-105.14582794454225,bursting,bursting,74,83,16.0,16.0,0.2562006897529173,0.25844395106051316,0.4724335049841735,0.47238887051821055,27.86102161712898,27.714067160427568,,,
50.07933725696112,-101.4811769100413,bursting,bursting,74,82,16.0,16.0,0.25765191740412957,0.2608549793923128,0.47197640117994094,0.47924853829195824,27.764859133069276,27.740867621184613,,,
50.07933725696112,-100.19958492603132,bursting,bursting,75,83,16.0,16.0,0.25353033167611977,0.2562523505077095,0.4668207175034428,0.4701015419330575,27.86420819656523,27.769121221199267,,,
50.07933725696112,-98.2750705740145,bursting,bursting,74,82,16.0,16.0,0.2605699075504434,0.2611249045072574,0.47531905791762713,0.47746371275783034,27.691950621474735,27.66976184551349,,,
50.07933725696112,-94.1611661339811,bursting,bursting,74,82,16.0,16.0,0.2646540272913898,0.2673710863319858,0.48303345006641707,0.48692603593514144,27.64882978415141,27.568694177175026,,,
50.07933725696112,-93.84527381702881,bursting,bursting,75,82,16.0,16.0,0.26606506076704745,0.26391668073000785,0.4851660480799552,0.4821717013428482,27.61590863030037,27.636639529836025,,,
50.07933725696112,-93.13852565023593,bursting,bursting,75,82,16.0,16.0,0.26927856150866164,0.2692788661942476,0.4872938138050337,0.490400411936346,27.516841647449006,27.530416333397174,,,
50.07933725696112,-93.01396526987197,bursting,bursting,75,82,16.0,16.0,0.26533864541832675,0.2622942988846163,0.48291681757817206,0.4776803840550286,27.608903052651343,27.62889911872672,,,
50.07933725696112,-92.78411885748214,bursting,bursting,75,82,16.0,16.0,0.26626517680065775,0.26901290513249926,0.48372273013108896,0.49256230913210525,27.56870309398364,27.585103942657373,,,
50.07933725696112,-91.72173892393454,bursting,bursting,75,82,16.0,16.0,0.2673154671121115,0.27046614243104017,0.484179436899315,0.49301156112110817,27.534757304591032,27.524117075199925,,,
50.07933725696112,-88.71816837536491,bursting,bursting,75,82,16.0,16.0,0.277288203484879,0.2759713522820852,0.5007009813739235,0.49908916227884104,27.371133242990563,27.37193194358086,,,
50.07933725696112,-88.57314278030957,bursting,bursting,76,82,16.0,16.0,0.27431415271862947,0.27623685333467213,0.4951965930474398,0.5020206330480182,27.412940800945687,27.41679219471002,,,
50.07933725696112,-88.53522241405496,bursting,bursting,75,82,16.0,16.0,0.2753823384311792,0.2735146071851558,0.49333991119881593,0.4934859849980261,27.349015465128343,27.390241697762992,[-52.       -52.       -52.       ... -20.561615  -5.456725  20.      ],[-52.       -52.       -52.       ... -55.473408 -55.47326  -55.47311 ],"[0.000000e+00 5.000000e-05 1.000000e-04 ... 9.999849e+00 9.999900e+00
 9.999949e+00]"
50.07933725696112,-85.52555330351612,bursting,bursting,80,81,15.5,15.5,0.26304623425008394,0.258099680575977,0.5174510361957001,0.5070222582771384,27.501481282911065,27.54115753283189,,,
50.07933725696112,-84.7239990177665,bursting,bursting,81,81,15.5,15.5,0.2629373884707891,0.2885706980311941,0.5172369203713761,0.5113781641523906,27.50914602142797,27.373751808094287,,,
50.07933725696112,-84.36968645429397,bursting,bursting,79,81,16.0,15.5,0.28500544290017965,0.28311057108140975,0.5063162957899799,0.5062778452814904,27.074671758796743,27.475519504947865,,,
50.07933725696112,-83.78563181339008,bursting,bursting,81,81,16.0,16.0,0.2837131350526552,0.28146659969864374,0.5002876654076094,0.5022601707684582,27.14028418029608,27.139337165888232,,,
50.07933725696112,-83.5989607818643,bursting,bursting,81,81,15.5,15.5,0.2629526318508187,0.29098161548492674,0.5165556072111164,0.5113912398680611,27.485330778935605,27.312848935763864,,,
50.07933725696112,-82.85987488320067,bursting,bursting,81,80,15.5,15.5,0.2663875441580531,0.25802932670353623,0.5233547036503992,0.5073824141255263,27.39102350907286,27.556834230489688,,,
50.07933725696112,-82.27821706868562,bursting,bursting,82,81,15.5,15.5,0.2653719158671969,0.26358955783808974,0.5199802407508514,0.5174510361957,27.40688030274778,27.41858510984149,,,
51.02375430003072,-105.14582794454225,bursting,bursting,74,82,16.0,16.0,0.25284833769144566,0.25484543814010147,0.46694060515502417,0.4687243666361996,27.894217351776327,27.818375978404223,,,
51.02375430003072,-101.4811769100413,bursting,bursting,75,82,16.0,16.0,0.2599252185096097,0.2593446284723048,0.47631522541618043,0.4752512891191218,27.747010394467633,27.71367313503851,,,
51.02375430003072,-100.19958492603132,bursting,bursting,75,82,16.0,16.0,0.2643302143217951,0.25792270077111173,0.48108147114713884,0.47018995674252395,27.62796450468225,27.690822086482786,,,
51.02375430003072,-98.2750705740145,bursting,bursting,74,82,16.0,16.0,0.2627427475425557,0.2625651369978146,0.4795013186286261,0.48027279494753033,27.666979925066702,27.66697992506671,,,
51.02375430003072,-94.1611661339811,bursting,bursting,75,82,16.0,16.0,0.2675785995432237,0.2630860590967868,0.4859322610428106,0.4789042670370193,27.5670500050442,27.596092564197598,,,
51.02375430003072,-93.84527381702881,bursting,bursting,76,80,16.0,16.0,0.2652402784853114,0.2628574158564843,0.48516604807995545,0.47774884743090545,27.65661699995473,27.592714825618366,,,
51.02375430003072,-93.13852565023593,bursting,bursting,74,82,16.0,16.0,0.2640144230769231,0.26536191213470095,0.4807692307692307,0.4838397522740469,27.624117572061543,27.59784318142454,,,
51.02375430003072,-93.01396526987197,bursting,bursting,75,82,16.0,16.0,0.26928199539895875,0.26969370779919744,0.48432013560963794,0.4892846658185732,27.462089554729694,27.4808228987366,,,
51.02375430003072,-92.78411885748214,bursting,bursting,75,82,16.0,16.0,0.2705798839742494,0.2681071062771303,0.4895601302229946,0.4877335024142806,27.48316927720305,27.52364630722129,,,
51.02375430003072,-91.72173892393454,bursting,bursting,75,82,16.0,16.0,0.2738870927629943,0.2721937265732889,0.49738870927629936,0.49319392385085803,27.474828108340912,27.441916779323332,,,
51.02375430003072,-88.71816837536491,bursting,bursting,75,82,16.0,16.0,0.2720099667774085,0.27304640181948525,0.4885675200312684,0.49442535413215993,27.407715920930386,27.416967980305156,,,
51.02375430003072,-88.57314278030957,bursting,bursting,75,82,16.0,16.0,0.2757225289136462,0.2742130900279406,0.4995878400319737,0.49452315604678193,27.434854718114092,27.372719195074488,,,
51.02375430003072,-88.53522241405496,bursting,bursting,83,76,16.0,16.0,0.27660962513173065,0.2771803163620868,0.501831685652632,0.5013662229575593,27.42398706650757,27.32246037195368,,,
51.02375430003072,-85.52555330351612,bursting,bursting,76,82,16.0,16.0,0.2772171934510562,0.2798435923309786,0.49463322946035515,0.5045408678102926,27.276822156418632,27.252066586187784,[-52.       -52.       -52.       ... -52.74678  -52.744488 -52.742184],[-52.       -52.       -52.       ... -55.633385 -55.63324  -55.63309 ],"[0.000000e+00 5.000000e-05 1.000000e-04 ... 9.999849e+00 9.999900e+00
 9.999949e+00]"
51.02375430003072,-84.7239990177665,bursting,bursting,78,82,16.0,16.0,0.277571435646016,0.2801427350856915,0.4952211162283959,0.5025883298989797,27.291429761727123,27.199196387743644,,,
51.02375430003072,-84.36968645429397,bursting,bursting,76,82,15.5,16.0,0.25670768610046396,0.27741662307903053,0.5043373007867663,0.4981444120650578,27.584122539115803,27.296969875216327,,,
51.02375430003072,-83.78563181339008,bursting,bursting,84,75,14.5,15.5,0.26294745373497225,0.28184400826446293,0.5403214912873158,0.5165289256198348,27.34999761325965,27.697981276909424,,,
51.02375430003072,-83.5989607818643,bursting,bursting,77,82,16.0,16.0,0.27948711539903537,0.2793528351031859,0.4998875253068059,0.5009016229212582,27.25457678975845,27.21365250653643,,,
51.02375430003072,-82.85987488320067,bursting,bursting,78,82,16.0,16.0,0.28304295584259564,0.27850696267406705,0.5006508460999299,0.5000125003125078,27.149958026011014,27.25164038915104,,,
51.02375430003072,-82.27821706868562,bursting,bursting,84,74,14.5,16.0,0.25919621246376034,0.2754178184677032,0.5319573370215708,0.5072151352996375,27.373605850853338,27.50325006664585,,,
52.305808116447096,-105.14582794454225,bursting,bursting,76,80,16.5,16.0,0.2720472170750122,0.25010378707504966,0.45752979662800525,0.4612758891092762,27.575259451321298,27.901046712654647,,,
52.305808116447096,-101.4811769100413,bursting,bursting,74,83,16.0,16.0,0.25737106560485407,0.2569317382125264,0.4740235115661736,0.46915317851278443,27.81931645850199,27.714857294752637,,,
52.305808116447096,-100.19958492603132,bursting,bursting,74,83,16.0,16.0,0.26094441123729833,0.257581112603379,0.47818290496114774,0.4712424306684572,27.726083128288813,27.724984561189263,,,
52.305808116447096,-98.2750705740145,bursting,bursting,74,82,16.0,16.0,0.2640080767289246,0.2648069292557824,0.48075767409437287,0.48388657698635434,27.61779320979849,27.62863485503295,,,
52.305808116447096,-94.1611661339811,bursting,bursting,75,82,16.0,16.0,0.2711351617267248,0.26503646297143146,0.49194441028163816,0.48135935882933406,27.500542000644558,27.566485889005953,,,
52.305808116447096,-93.84527381702881,bursting,bursting,75,82,16.0,16.0,0.26446978280259403,0.2651996425034423,0.4821252079164958,0.4831034566052319,27.633013591602964,27.591389393675072,,,
52.305808116447096,-93.13852565023593,bursting,bursting,75,83,16.0,16.0,0.26403095151734995,0.26774498629871213,0.48361745859025507,0.4850013337536679,27.674189647232204,27.498287917750286,,,
52.305808116447096,-93.01396526987197,bursting,bursting,75,82,16.0,16.0,0.26714959404929756,0.26210541351235517,0.4861685060041811,0.47612245869637676,27.5843256245977,27.58169316038535,,,
52.305808116447096,-92.78411885748214,bursting,bursting,75,82,16.0,16.0,0.26814477003687154,0.26306829081143285,0.4851542790607412,0.4795703050067141,27.51341457671942,27.60979861793642,,,
52.305808116447096,-91.72173892393454,bursting,bursting,76,83,16.0,16.0,0.2636099016093725,0.26635795769722403,0.48112776347759145,0.4823577647541181,27.64265519526849,27.512057444043425,,,
52.305808116447096,-88.71816837536491,bursting,bursting,83,76,16.0,16.0,0.2737181874612041,0.2764382191095548,0.4965859714463067,0.5002501250625313,27.46808989286233,27.326729484828558,,,
52.305808116447096,-88.57314278030957,bursting,bursting,75,82,16.0,16.0,0.27036496350364986,0.2720631786771963,0.48661800486618,0.493583415597236,27.443533445527635,27.431499247017662,,,
52.305808116447096,-88.53522241405496,bursting,bursting,75,82,16.0,16.0,0.2711156691817449,0.27320836836638823,0.4883647107660002,0.4945843018942578,27.437995650001735,27.40000872697148,,,
52.305808116447096,-85.52555330351612,bursting,bursting,76,82,15.5,16.0,0.28613326472858264,0.2811350234363188,0.5145356315924878,0.5040068544932209,27.491932357868595,27.2068037529944,,,
52.305808116447096,-84.7239990177665,bursting,bursting,76,82,16.0,16.0,0.2740303334721779,0.2749290585951113,0.49003993825496794,0.4978344202718178,27.335060539291295,27.378989423059334,[-52.       -52.       -52.       ... -53.63725  -53.63669  -53.636127],[-52.       -52.       -52.       ... -55.746586 -55.746445 -55.746304],"[0.000000e+00 5.000000e-05 1.000000e-04 ... 9.999849e+00 9.999900e+00
 9.999949e+00]"
52.305808116447096,-84.36968645429397,bursting,bursting,77,82,16.0,16.0,0.28153382934779925,0.2747502719810109,0.49767337696269925,0.49451092869152413,27.18244222922929,27.329112001517498,,,
52.305808116447096,-83.78563181339008,bursting,bursting,76,81,16.0,15.5,0.27531995381856617,0.2793402249923987,0.4912918519246358,0.5067396371744198,27.29564486709697,27.621627171574456,,,
52.305808116447096,-83.5989607818643,bursting,bursting,78,82,15.5,16.0,0.25690176322418157,0.27983271142721194,0.5037783375314862,0.5008639903834113,27.555776666286977,27.18454911915169,,,
52.305808116447096,-82.85987488320067,bursting,bursting,80,81,15.5,15.5,0.2630304279493984,0.2911733046286327,0.515291268389457,0.5125839356194577,27.4323224222808,27.31856311805102,,,
52.305808116447096,-82.27821706868562,bursting,bursting,79,81,15.5,15.5,0.263701370782456,0.2847643460825866,0.5163022433332474,0.5076013299154842,27.426677898630672,27.432115122755093,,,
52.53984467836355,-105.14582794454225,bursting,bursting,75,82,16.5,16.0,0.27360069707183987,0.2546911237613327,0.4585998945220242,0.4685267177360788,27.55464972943081,27.807591948750833,,,
52.53984467836355,-101.4811769100413,bursting,bursting,74,82,16.0,16.0,0.25911075258612515,0.2587472184082193,0.47451836386068136,0.47346243075611955,27.74511249429391,27.709680608663415,,,
52.53984467836355,-100.19958492603132,bursting,bursting,74,83,16.0,16.0,0.2643064394216467,0.2646139042578782,0.4876502572355107,0.4811161895597787,27.761042650280785,27.577677448181824,,,
52.53984467836355,-98.2750705740145,bursting,bursting,74,83,16.0,16.0,0.2597328651752033,0.25649358295066516,0.47448459111290364,0.47097609796302825,27.699962341239708,27.770145519092736,,,
52.53984467836355,-94.1611661339811,bursting,bursting,75,83,16.0,16.0,0.262835950293806,0.26872279019713374,0.4816491667469415,0.4891649953529326,27.685960317744257,27.521736760957126,,,
52.53984467836355,-93.84527381702881,bursting,bursting,74,82,16.0,16.0,0.26889992135273283,0.2621287541381856,0.4915454187966969,0.476337914116274,27.597015747067573,27.594704030409027,,,
52.53984467836355,-93.13852565023593,bursting,bursting,76,83,16.0,16.0,0.266684541510262,0.2655666626520537,0.4874957344123238,0.48175358304227384,27.623995708778775,27.535111109321402,,,
52.53984467836355,-93.01396526987197,bursting,bursting,75,82,16.0,16.0,0.2698264875992548,0.26460505813256646,0.4901480247034605,0.47944384513963784,27.531585208654242,27.539648588193014,,,
52.53984467836355,-92.78411885748214,bursting,bursting,75,82,16.0,16.0,0.26790213178294575,0.26243763364219524,0.4844961240310077,0.47517224994060353,27.521002247560794,27.551012686405617,,,
52.53984467836355,-91.72173892393454,bursting,bursting,75,82,16.0,16.0,0.2664381577676932,0.26707726763717826,0.4827652795210967,0.48687862115974473,27.54040227560872,27.549469473885193,,,
52.53984467836355,-88.71816837536491,bursting,bursting,83,77,16.0,16.0,0.2731743482021503,0.27267141803883027,0.4942542938341777,0.4915212582944211,27.428615637881126,27.387924993946132,,,
52.53984467836355,-88.57314278030957,bursting,bursting,77,82,16.0,16.0,0.2774999377970194,0.26766238780040513,0.49762384613470656,0.4825789016504197,27.307781653008135,27.44994271137904,,,
52.53984467836355,-88.53522241405496,bursting,bursting,75,82,16.0,16.0,0.27290861181569676,0.27163313929211796,0.4925259191764966,0.49124358313069527,27.428086923047378,27.420485744526523,,,
52.53984467836355,-85.52555330351612,bursting,bursting,76,82,16.0,16.0,0.27736269173676403,0.2715369047328766,0.4948045522018803,0.4876740386725514,27.277290112152922,27.381480624451182,,,
52.53984467836355,-84.7239990177665,bursting,bursting,75,82,16.0,16.0,0.27503466719492864,0.27278102135836235,0.4952456418383519,0.4926957849875594,27.360463021349357,27.406382675964043,,,
52.53984467836355,-84.36968645429397,bursting,bursting,77,82,16.0,16.0,0.280433205772742,0.2781951146709121,0.5002376128661113,0.4974876871797422,27.22855690142065,27.215121059682428,[-52.       -52.       -52.       ... -73.023155 -72.914375 -72.80613 ],[-52.       -52.       -52.       ... -55.617603 -55.61756  -55.61752 ],"[0.000000e+00 5.000000e-05 1.000000e-04 ... 9.999849e+00 9.999900e+00
 9.999949e+00]"
52.53984467836355,-83.78563181339008,bursting,bursting,77,82,16.0,16.0,0.27923914403704175,0.27530195751770087,0.5005631335252159,0.48999191513340035,27.258997179047338,27.257961691350015,,,
52.53984467836355,-83.5989607818643,bursting,bursting,79,81,15.5,15.5,0.26556146387238055,0.2580710556991536,0.5213220727765614,0.5068166844052507,27.424624080290393,27.527513362169262,,,
52.53984467836355,-82.85987488320067,bursting,bursting,79,81,15.5,15.5,0.2911326320185856,0.26407229040443303,0.5220705317288366,0.5178395733001914,27.43210541880626,27.4065521843282,,,
52.53984467836355,-82.27821706868562,bursting,bursting,77,82,15.5,16.0,0.2609051393505496,0.27895299410872737,0.5113781641523907,0.49715379452633673,27.48064902833648,27.195347670912156,,,
52.8462555449608,-105.14582794454225,bursting,bursting,73,83,16.0,16.0,0.257317160016142,0.2547656268228379,0.4747549077788592,0.46664644532070276,27.83564518694394,27.76770944493388,,,
52.8462555449608,-101.4811769100413,bursting,bursting,73,82,16.0,16.0,0.2565363706963499,0.2555887431744995,0.47066575671287036,0.46670089139870263,27.791468274396966,27.7207025457251,,,
52.8462555449608,-100.19958492603132,bursting,bursting,74,83,16.0,16.0,0.2576109635811838,0.25875852339525046,0.4742033383915022,0.4702562896778744,27.808804284780837,27.640608566883504,,,
52.8462555449608,-98.2750705740145,bursting,bursting,74,82,16.0,16.0,0.25850965961361555,0.25915017932213835,0.4717760007548416,0.47502553262237845,27.71095069428499,27.71367127704993,,,
52.8462555449608,-94.1611661339811,bursting,bursting,74,82,16.0,16.0,0.261758740007159,0.26171902955700305,0.4772700155112755,0.4771106180968057,27.65027000573929,27.635177061133994,,,
52.8462555449608,-93.84527381702881,bursting,bursting,75,82,16.0,16.0,0.26206340549640766,0.25882436663820113,0.4742370711118488,0.4744283138817724,27.575004100678665,27.724584944698062,,,
52.8462555449608,-93.13852565023593,bursting,bursting,75,82,16.0,16.0,0.26632036723846325,0.26517070816745086,0.48320850446967856,0.4825672578115574,27.549023478648774,27.565425456577376,,,
52.8462555449608,-93.01396526987197,bursting,bursting,75,82,16.0,16.0,0.2650410429744084,0.2657564808303223,0.4828585224529214,0.48500133375366766,27.612563178222178,27.57598055835375,,,
52.8462555449608,-92.78411885748214,bursting,bursting,83,75,16.0,16.0,0.2676895394640858,0.26404873116001343,0.4863103632738413,0.48153320171425806,27.542209754813886,27.60810185673104,,,
52.8462555449608,-91.72173892393454,bursting,bursting,75,82,16.0,16.0,0.2689503840058514,0.2644912703190849,0.48762647811776183,0.481637567730283,27.509155393787914,27.588524070862473,,,
52.8462555449608,-88.71816837536491,bursting,bursting,75,82,16.0,16.0,0.2702676232217624,0.2696225579449831,0.48970397394774867,0.4921017666453421,27.482217023538304,27.548571961130303,,,
52.8462555449608,-88.57314278030957,bursting,bursting,75,82,16.0,16.0,0.2679306113610665,0.26985415283209113,0.4811972186800759,0.49189601318281323,27.446378999173415,27.506582008127737,,,
52.8462555449608,-88.53522241405496,bursting,bursting,75,82,16.0,16.0,0.2734655707043361,0.27366473418033826,0.4921986513756952,0.49340076477118544,27.386332037921516,27.371804288682604,,,
52.8462555449608,-85.52555330351612,bursting,bursting,76,82,16.0,16.0,0.28085106382978725,0.27683756636175555,0.5006257822277849,0.49849206151392034,27.21418784936313,27.295212204898213,,,
52.8462555449608,-84.7239990177665,bursting,bursting,80,81,15.5,15.5,0.2895258698395527,0.2645597606970996,0.5150789358469186,0.5202236961893614,27.390235518876157,27.36904231270008,,,
52.8462555449608,-84.36968645429397,bursting,bursting,79,80,15.5,15.5,0.26283473504979116,0.2870817041588383,0.5159692482328052,0.5077946478444116,27.482390328957333,27.360910353858745,,,
52.8462555449608,-83.78563181339008,bursting,bursting,75,82,16.0,16.0,0.2764342585013767,0.2744918422420834,0.49606865590197685,0.4951598128295908,27.313465235738136,27.34550942193465,[-52.       -52.       -52.       ... -52.622272 -52.619434 -52.616585],[-52.       -52.       -52.       ... -55.600754 -55.600605 -55.60046 ],"[0.000000e+00 5.000000e-05 1.000000e-04 ... 9.999849e+00 9.999900e+00
 9.999949e+00]"
52.8462555449608,-83.5989607818643,bursting,bursting,79,81,15.5,15.5,0.26163104698711526,0.2577452667814113,0.5143636036314069,0.5062265870203502,27.514741924434958,27.517778589089335,,,
52.8462555449608,-82.85987488320067,bursting,bursting,79,81,16.0,16.0,0.28179791223269496,0.27998602689822083,0.5067396371744197,0.4990393492526886,27.206848700042762,27.171961032626996,,,
52.8462555449608,-82.27821706868562,bursting,bursting,79,81,16.0,15.5,0.28268551236749095,0.28167732477314666,0.5012154474600907,0.5055228369941613,27.14246290960752,27.501353402586943,,,
53.201081461658184,-105.14582794454225,bursting,bursting,77,79,16.5,16.0,0.2716456617680515,0.24998277564706145,0.4549797534009737,0.4593160783593229,27.56991183735996,27.841939523553247,,,
53.201081461658184,-101.4811769100413,bursting,bursting,74,83,16.0,16.0,0.258908831570189,0.2586614359313702,0.4754546535124212,0.472656803894692,27.759854088784074,27.70136865830908,,,
53.201081461658184,-100.19958492603132,bursting,bursting,75,82,16.0,16.0,0.2517233402729584,0.25419770673267783,0.46264168401572997,0.46706055440087807,27.844848232016584,27.791976575084437,,,
53.201081461658184,-98.2750705740145,bursting,bursting,75,82,16.0,16.0,0.25616051199402057,0.2540174927113702,0.4671478289304651,0.46647230320699695,27.722058604874128,27.78568223847517,,,
53.201081461658184,-94.1611661339811,bursting,bursting,74,82,16.0,16.0,0.2667526086639263,0.26937548866301786,0.4864641354316153,0.4886630179827992,27.600520078809456,27.48337365366765,,,
53.201081461658184,-93.84527381702881,bursting,bursting,75,82,16.0,16.0,0.2656620386048086,0.26201763534654393,0.4837695321948622,0.47406845548497206,27.609881434469695,27.540596567072875,,,
53.201081461658184,-93.13852565023593,bursting,bursting,75,83,16.0,16.0,0.26229508196721313,0.2653899754913738,0.4779429336137266,0.4805612955932528,27.64192713042917,27.52722431958799,,,
53.201081461658184,-93.01396526987197,bursting,bursting,75,82,16.0,16.0,0.26792020849063486,0.2686699072028282,0.4871276518011544,0.4909903274905485,27.54891960633416,27.56126833682279,,,
53.201081461658184,-92.78411885748214,bursting,bursting,76,83,16.0,16.0,0.26079488525215927,0.2645759397407109,0.4771220000954243,0.4828468651167283,27.689133528272965,27.6177932097985,,,
53.201081461658184,-91.72173892393454,bursting,bursting,75,82,16.0,16.0,0.2750150240384615,0.2697860962566848,0.5008012820512819,0.48614487117160904,27.475247260566682,27.427585108029163,,,
53.201081461658184,-88.71816837536491,bursting,bursting,75,82,16.0,16.0,0.270676508562937,0.27037797662705987,0.4872225876391629,0.4889736443205712,27.43276860845595,27.432039489126378,,,
53.201081461658184,-88.57314278030957,bursting,bursting,74,82,16.0,16.0,0.26814109878371506,0.2669077143342473,0.4855429584132456,0.48533087432357,27.49372338580806,27.545867990740035,,,
53.201081461658184,-88.53522241405496,bursting,bursting,75,82,16.0,16.0,0.2712357114702406,0.26975329834714823,0.49270792274339764,0.49046054244935977,27.4803122768772,27.503454835817752,,,
53.201081461658184,-85.52555330351612,bursting,bursting,75,82,16.0,16.0,0.2741455078124999,0.274200754567117,0.48828125,0.49642573471008733,27.31274313776679,27.383180763340338,,,
53.201081461658184,-84.7239990177665,bursting,bursting,83,76,16.0,16.0,0.27433149823043634,0.27466897661180545,0.4915454187966969,0.4949882440292043,27.332298165332418,27.331426137676548,,,
53.201081461658184,-84.36968645429397,bursting,bursting,77,82,15.5,16.0,0.25726821150306334,0.2775298546533371,0.5042991502559319,0.4986163396574505,27.541776796347314,27.27425252213457,,,
53.201081461658184,-83.78563181339008,bursting,bursting,76,82,16.0,16.0,0.2818211447338733,0.2755749895007285,0.5014165016170683,0.494083351861459,27.167416755612575,27.289437890983468,,,
53.201081461658184,-83.5989607818643,bursting,bursting,82,80,15.5,15.5,0.2644507920020773,0.26062156285970073,0.5193456245131134,0.5115743701240566,27.4344916630539,27.4784283056775,[-52.       -52.       -52.       ... -90.9243   -90.7273   -90.531265],[-52.       -52.       -52.       ... -55.461723 -55.46265  -55.463474],"[0.000000e+00 5.000000e-05 1.000000e-04 ... 9.999849e+00 9.999900e+00
 9.999949e+00]"
53.201081461658184,-82.85987488320067,bursting,bursting,78,81,16.0,16.0,0.28049873077497367,0.2761279127416958,0.49773530436513846,0.4957858205255329,27.183727622295514,27.290907185458195,,,
53.201081461658184,-82.27821706868562,bursting,bursting,78,81,16.0,16.0,0.28337626913168684,0.2791511485490038,0.5051270394504218,0.4999125153098208,27.142563737999645,27.193906119173796,,,
54.28223164775316,-105.14582794454225,bursting,bursting,76,77,17.0,16.5,0.25879682179341673,0.26421038519975,0.43656683838295635,0.4468674591116275,27.475486469513772,27.66024480848296,,,
54.28223164775316,-101.4811769100413,bursting,bursting,74,81,16.0,16.0,0.2550624426726872,0.2530424905537916,0.4703779486817659,0.4636176081967593,27.838912973043744,27.779812509388037,,,
54.28223164775316,-100.19958492603132,bursting,bursting,74,83,16.0,16.0,0.2552576544399276,0.2551245957327999,0.46995793876448066,0.46534353986830773,27.823118358735897,27.70973266099126,,,
54.28223164775316,-98.2750705740145,bursting,bursting,74,82,16.0,16.0,0.26119456623301934,0.2566003320627646,0.47916816406717944,0.46769403456258907,27.72688333455084,27.690153603060722,,,
54.28223164775316,-94.1611661339811,bursting,bursting,75,83,16.0,16.0,0.2618299556301717,0.26507301556701524,0.47967382180117507,0.48195093739457334,27.69701879863383,27.55073807142342,,,
54.28223164775316,-93.84527381702881,bursting,bursting,75,82,16.0,16.0,0.267830972154372,0.26250835481714896,0.4885197850512946,0.47741812279194124,27.580613963739314,27.595256921077723,,,
54.28223164775316,-93.13852565023593,bursting,bursting,75,82,16.0,16.0,0.25927497289398005,0.26122254059216793,0.4714090416254184,0.47755491881566375,27.649949843323476,27.659871165383617,,,
54.28223164775316,-93.01396526987197,bursting,bursting,83,76,15.0,16.0,0.2395063590207612,0.2624171785075205,0.5026893882270145,0.4836291531653527,27.55933074652463,27.71963956526556,,,
54.28223164775316,-92.78411885748214,bursting,bursting,75,83,16.0,16.0,0.2595764929812038,0.2648006540662724,0.47585058291696414,0.4809310825758669,27.730573753119636,27.545801731700596,,,
54.28223164775316,-91.72173892393454,bursting,bursting,75,82,16.0,16.0,0.2647157996146435,0.266237707903363,0.4816955684007706,0.48561369430617934,27.593461954347923,27.570593590265695,,,
54.28223164775316,-88.71816837536491,bursting,bursting,76,82,16.0,16.0,0.2736131566028476,0.27553058676654185,0.4909180166912126,0.49937578027465657,27.35537598876476,27.391223805612903,,,
54.28223164775316,-88.57314278030957,bursting,bursting,75,82,16.0,16.0,0.27301242312726903,0.27357346206213645,0.4939613228284226,0.49511078103725703,27.43622354667796,27.397954428370284,,,
54.28223164775316,-88.53522241405496,bursting,bursting,75,82,16.0,16.0,0.27314747238845904,0.2712343584826808,0.4865469761105435,0.4916783440273373,27.31916901016722,27.449717289612227,,,
54.28223164775316,-85.52555330351612,bursting,bursting,75,82,16.0,16.0,0.2797162335538727,0.27328521628123936,0.5031319966793287,0.4909903274905483,27.26880743123367,27.353935199156354,,,
54.28223164775316,-84.7239990177665,bursting,bursting,76,82,16.0,16.0,0.27914171656686626,0.2723746727431397,0.4990019960079839,0.484824978182876,27.241922964053636,27.30005663719899,,,
54.28223164775316,-84.36968645429397,bursting,bursting,76,82,16.0,16.0,0.2786230792407354,0.2798868132418489,0.5021592849251783,0.5008263634997747,27.301953457824297,27.196785535523386,,,
54.28223164775316,-83.78563181339008,bursting,bursting,76,82,16.0,16.0,0.28265308694884894,0.27780964017654547,0.5041974437189602,0.49871580679749633,27.16018907607488,27.249489049316217,,,
54.28223164775316,-83.5989607818643,bursting,bursting,76,82,16.0,16.0,0.2821083704407865,0.2727094753328116,0.5003252113874018,0.48942834768989807,27.153150745746736,27.34916472131655,,,
54.28223164775316,-82.85987488320067,bursting,bursting,76,82,15.5,16.0,0.2567006417516043,0.28213433772755797,0.5033345916698125,0.5021971123666039,27.543531268534736,27.01439303216124,[-52.       -52.       -52.       ... -53.510555 -53.489056 -53.467552],[-52.       -52.       -52.       ... -55.50607  -55.505955 -55.50584 ],"[0.000000e+00 5.000000e-05 1.000000e-04 ... 9.999849e+00 9.999900e+00
 9.999949e+00]"
54.28223164775316,-82.27821706868562,bursting,bursting,80,81,15.5,15.5,0.26733474255591216,0.2592648845686514,0.5219342884730811,0.5062778452814904,27.294292344973805,27.43561593542743,,,
57.28937686253878,-105.14582794454225,bursting,bursting,76,73,17.0,16.5,0.2582788694834859,0.262029590793975,0.43716802553061274,0.44430621584395963,27.47003585867376,27.69187539909959,,,
57.28937686253878,-101.4811769100413,bursting,bursting,74,79,16.0,16.0,0.249718759326859,0.2482344067835349,0.45916844594439465,0.4571115123534387,27.85264227137513,27.865216008465936,,,
57.28937686253878,-100.19958492603132,bursting,bursting,76,81,16.0,16.0,0.25642175842855797,0.25586463874762705,0.47218811974690716,0.4687023974127629,27.80466425038708,27.73415116548188,,,
57.28937686253878,-98.2750705740145,bursting,bursting,75,80,16.0,16.0,0.25275750297320604,0.25048235942668107,0.46638528088053527,0.4593899301727306,27.848603733633844,27.801154930787224,,,
57.28937686253878,-94.1611661339811,bursting,bursting,75,83,16.0,16.0,0.2599786045405916,0.25961718896603486,0.4754546535124212,0.4691311690748734,27.692540317713778,27.55191309543957,,,
57.28937686253878,-93.84527381702881,bursting,bursting,83,76,16.0,16.0,0.26264666281977295,0.26278039857514224,0.4808617041738796,0.481370944449793,27.677954521326615,27.641898278365066,,,
57.28937686253878,-93.13852565023593,bursting,bursting,75,82,16.0,16.0,0.2630674905169741,0.2594264910995013,0.47713338263711613,0.4728020614169878,27.565888605052155,27.629719734687658,,,
57.28937686253878,-93.01396526987197,bursting,bursting,75,82,16.0,16.0,0.26115072127342087,0.2613837259305268,0.4737428050311486,0.4778059152372306,27.588568896305137,27.62701763667337,,,
57.28937686253878,-92.78411885748214,bursting,bursting,75,82,16.0,16.0,0.2649207410236822,0.2624025556058836,0.47746371275783034,0.4767921424654923,27.499810055082676,27.56543465814974,,,
57.28937686253878,-91.72173892393454,bursting,bursting,75,82,16.0,16.0,0.2625370848885062,0.26052481188684656,0.47851469040099526,0.47623583198399844,27.622404228978674,27.646303306216588,,,
57.28937686253878,-88.71816837536491,bursting,bursting,75,82,16.0,16.0,0.26758473029853286,0.26578553856543347,0.48660616530011425,0.48236939848536003,27.53334561460642,27.507355798049694,,,
57.28937686253878,-88.57314278030957,bursting,bursting,76,82,16.0,16.0,0.26875521318875456,0.26839365694225864,0.49065305922182423,0.48420288100714204,27.556339280715697,27.42931283574919,,,
57.28937686253878,-88.53522241405496,bursting,bursting,75,82,16.0,16.0,0.26977707394323314,0.26469318236338313,0.48727006943598494,0.47977738329415154,27.444178263287608,27.51061945730466,,,
57.28937686253878,-85.52555330351612,bursting,bursting,75,82,16.0,16.0,0.27855927112535034,0.27382304994319046,0.5006007208650379,0.49399792520871405,27.26461268417879,27.35350413026469,,,
57.28937686253878,-84.7239990177665,bursting,bursting,75,82,15.5,16.0,0.25184287339830796,0.2746990941804194,0.4947311136397369,0.4963394962154115,27.624223057426025,27.334535359594945,,,
57.28937686253878,-84.36968645429397,bursting,bursting,76,81,16.0,16.0,0.2762781835503335,0.26998976757783955,0.4885555854117302,0.4872581981191834,27.226028828002573,27.398549580143943,,,
57.28937686253878,-83.78563181339008,bursting,bursting,83,76,16.0,16.0,0.2771260997067449,0.27897284887203044,0.4970425965505244,0.4991016170892392,27.286760768945438,27.170964665863128,,,
57.28937686253878,-83.5989607818643,bursting,bursting,76,82,16.0,16.0,0.28179769654481696,0.2719735876742479,0.5007511266900351,0.4891171435558816,27.141887148876474,27.34388062564756,,,
57.28937686253878,-82.85987488320067,bursting,bursting,76,81,16.0,16.0,0.2802852102322845,0.2767423217596075,0.49005194550622366,0.5010271055664112,27.14461681666033,27.305644242778392,,,
57.28937686253878,-82.27821706868562,bursting,bursting,77,81,16.0,16.0,0.27746745736853784,0.2777763996725621,0.4921380939491621,0.4961178776077196,27.21546012853277,27.195997286799525,[-52.       -52.       -52.       ... -53.821278 -53.82085  -53.820423],[-52.       -52.       -52.       ... -55.620644 -55.620502 -55.62036 ],"[0.000000e+00 5.000000e-05 1.000000e-04 ... 9.999849e+00 9.999900e+00
 9.999949e+00]"
