delta_Vus,tau_us,regime_A,regime_B,spike_count_A,spike_count_B,mean_spikes_per_burst_A,mean_spikes_per_burst_B,duty_cycle_A,duty_cycle_B,interburst_freq_A,interburst_freq_B,intraburst_freq_A,intraburst_freq_B,V_trace_A,V_trace_B,time
1.4785931153791976,222.4276428040119,tonic_spiking,tonic_spiking,20,185,,,,,,,,,[-52.       -52.       -52.       ... -55.42033  -55.420467 -55.42059 ],[-52.      -52.      -52.      ... -86.3166  -86.14271 -85.96968],"[0.000000e+00 5.000000e-05 1.000000e-04 ... 9.999849e+00 9.999900e+00
 9.999949e+00]"
1.4785931153791976,229.84333871756644,tonic_spiking,tonic_spiking,19,177,,,,,,,,,,,
1.4785931153791976,239.4430625760652,bursting,bursting,101,105,28.0,19.5,0.360209667608859,0.36189301735385054,0.3577945543668824,0.3574428538237448,27.221731017955406,27.915929730216526,,,
1.4785931153791976,239.75321609472297,bursting,bursting,100,106,28.0,22.5,0.35618058866112245,0.3564043754410726,0.3531260483429561,0.35285815102328866,27.218540033048015,28.002137019851762,,,
1.4785931153791976,242.905360868945,bursting,bursting,97,110,27.0,25.5,0.35588805763369336,0.3540068668273796,0.3694467534866538,0.36525677551318575,27.323136640505616,27.63065949285172,,,
1.4785931153791976,248.52611952212527,bursting,bursting,94,109,26.0,25.0,0.34786841661829965,0.3460738429537181,0.374454700342626,0.37144342916573797,27.305169698475602,27.56304769502771,,,
1.4785931153791976,251.5392757474052,bursting,bursting,89,103,25.0,25.0,0.3436776915747924,0.33967105137189596,0.38888564817515403,0.38294368813066043,27.449636153891806,27.42783264136926,,,
1.4785931153791976,265.75975919329136,bursting,bursting,96,95,23.0,23.0,0.32552777722087467,0.3306198489358687,0.4009703482427473,0.40499767126339037,27.45917444198491,27.313859480103634,,,
1.4785931153791976,267.0527705729015,bursting,bursting,95,95,23.0,23.0,0.32930549979927726,0.3337187601428107,0.4014452027298274,0.4057124310288868,27.31121306954244,27.19930290920606,,,
1.4785931153791976,272.0888587176768,bursting,bursting,95,91,22.0,22.0,0.3157690103953508,0.3176468158916332,0.40926577719571083,0.41298422400264306,27.5486530611006,27.54811289896673,,,
1.4785931153791976,276.7664232955933,bursting,bursting,98,89,21.0,21.0,0.3136318664773949,0.31798601640799173,0.4301630317890481,0.43292854514362406,27.655058721257557,27.521930852556363,,,
1.4785931153791976,277.0701222107906,bursting,bursting,98,88,21.0,21.0,0.31134855519514937,0.316657265587712,0.42400729292543826,0.4338959517507701,27.59683376723972,27.586370481443794,,,
1.4785931153791976,277.35236514704883,bursting,bursting,99,87,21.5,21.0,0.306995988490538,0.30502132285308114,0.4200533467750404,0.4180951584580649,27.41379287990347,27.670105084386584,,,
1.4785931153791976,277.58123881365174,bursting,bursting,88,98,21.0,21.0,0.30884779757119274,0.31065544374828585,0.42313713874666786,0.4219142248380903,27.663587591041836,27.55531635426259,,,
1.4785931153791976,283.68812673413186,bursting,bursting,96,85,20.5,20.0,0.3220898895940192,0.30654900139340435,0.4346692167260714,0.4423506513613341,27.513351916123284,27.648863379202293,,,
1.4785931153791976,284.15742437309285,bursting,bursting,96,86,21.0,20.5,0.31692275087421845,0.3185050720768818,0.42386351594786476,0.42712226374799794,27.2720504021865,27.467983403225936,,,
1.4785931153791976,284.39123643116164,bursting,bursting,97,87,21.0,21.0,0.3137899081795974,0.3131004458212111,0.4211945076236206,0.4186114657680473,27.31018098527236,27.281163869300173,,,
1.4785931153791976,299.72470377120817,bursting,bursting,81,91,19.0,19.0,0.2953837185839515,0.28909900620845486,0.4484003318162455,0.4387600640589693,27.574165900953513,27.614929760041534,,,
1.4785931153791976,318.0425793037399,bursting,bursting,84,82,18.0,18.0,0.28196736112678594,0.2830099384761002,0.45143669728912256,0.450724539697564,27.47495283246139,27.399730752329205,,,
1.4785931153791976,326.21092135216526,bursting,bursting,81,82,17.0,17.0,0.26875230372281583,0.27174771260043656,0.4607445632141541,0.4644466118619666,27.676370256114655,27.58910173883989,,,
1.542285219557248,222.4276428040119,tonic_spiking,tonic_spiking,174,18,,,,,,,,,,,
1.542285219557248,229.84333871756644,bursting,bursting,95,110,27.0,26.5,0.35870631117360796,0.3579498786208407,0.3700482913020149,0.36505010312665415,27.201595996880933,27.250990622665853,[-52.       -52.       -52.       ... -55.44037  -55.440228 -55.440086],[-52.       -52.       -52.       ... -51.59273  -51.588573 -51.584385],"[0.000000e+00 5.000000e-05 1.000000e-04 ... 9.999849e+00 9.999900e+00
 9.999949e+00]"
1.542285219557248,239.4430625760652,bursting,bursting,94,101,25.0,24.5,0.3485323837936674,0.3508634988779394,0.3849485131363681,0.3902819787296322,27.160558340208272,27.32771163634382,,,
1.542285219557248,239.75321609472297,bursting,bursting,91,105,25.0,25.5,0.34654549646480154,0.34568900711270467,0.384260682446972,0.385512442414079,27.180566997117612,26.92082839153741,,,
1.542285219557248,242.905360868945,bursting,bursting,92,99,24.0,24.0,0.33320945152961423,0.3328186082877248,0.39120569595493304,0.39093041438623927,27.419948484770508,27.403446057510187,,,
1.542285219557248,248.52611952212527,bursting,bursting,98,95,23.0,23.0,0.3330864197530864,0.3331975062140908,0.41152263374485587,0.4074813577278839,27.467335102034884,27.318314897322168,,,
1.542285219557248,251.5392757474052,bursting,bursting,101,92,22.0,22.0,0.3227132579650567,0.32580145545583783,0.4194894813012564,0.424331148027921,27.614351895274915,27.571806256669063,,,
1.542285219557248,265.75975919329136,bursting,bursting,87,96,21.0,21.0,0.3206872643757854,0.31781557743957023,0.4333318888937036,0.42631197510338065,27.289266113605784,27.287050841684753,,,
1.542285219557248,267.0527705729015,bursting,bursting,97,86,21.0,21.0,0.3133649289099526,0.31281695179176394,0.42127435492364396,0.420848852134756,27.339357148093217,27.325385549990244,,,
1.542285219557248,272.0888587176768,bursting,bursting,93,84,20.0,20.0,0.3064741907261594,0.3099207313034068,0.437445319335083,0.44160833756541323,27.49420572050001,27.405001406042533,,,
1.542285219557248,276.7664232955933,bursting,bursting,90,85,19.0,19.0,0.2974007154824981,0.3000045520757467,0.45283702395507847,0.45520757465404216,27.688817963795483,27.585039061050335,,,
1.542285219557248,277.0701222107906,bursting,bursting,90,86,19.5,19.0,0.31896706452481377,0.29667357793202925,0.44871219599748735,0.45073469755701806,27.40627466782226,27.644392526443035,,,
1.542285219557248,277.35236514704883,bursting,bursting,91,82,19.5,19.0,0.2916472027583138,0.29131080991148867,0.4448893337782227,0.4436655648971804,27.430386631896237,27.707808665205473,,,
1.542285219557248,277.58123881365174,bursting,bursting,90,83,19.5,19.0,0.3165816727697526,0.2981987085079869,0.44930694403881993,0.45315509233034995,27.469910258457222,27.61424654935578,,,
1.542285219557248,283.68812673413186,bursting,bursting,89,82,19.0,19.0,0.29432333739072714,0.296605228934033,0.4426247648555937,0.4484506031660611,27.479399340274863,27.466994597263948,,,
1.542285219557248,284.15742437309285,bursting,bursting,89,84,19.0,19.0,0.2969668730169296,0.2979590009846925,0.4437640063014489,0.44758750335690617,27.401222868920698,27.37974521543546,,,
1.542285219557248,284.39123643116164,bursting,bursting,88,84,19.0,19.0,0.2994010622669228,0.29832728244648843,0.452028477794101,0.44546406218678297,27.433755159666003,27.345187946218125,,,
1.542285219557248,299.72470377120817,bursting,bursting,83,86,17.0,17.0,0.27692344315368483,0.279514598101646,0.4760997905160921,0.48059593896431574,27.7425123389751,27.684514817363194,,,
1.542285219557248,318.0425793037399,bursting,bursting,78,84,16.5,16.0,0.258404356060606,0.2579951308294136,0.47348484848484845,0.47273500839104654,27.34582858411966,27.732612496505386,,,
1.542285219557248,326.21092135216526,bursting,bursting,77,81,16.0,16.0,0.2617047678136782,0.26158424259600394,0.4772586264496729,0.472344244485381,27.547417558869828,27.439531891108416,,,
1.5583544283790378,222.4276428040119,bursting,bursting,101,105,28.0,19.5,0.35529482022728437,0.3618384550677427,0.35129011293977125,0.3579546471462065,27.187367040521572,27.931516389452977,,,
1.5583544283790378,229.84333871756644,bursting,bursting,93,107,26.0,26.0,0.3551670046294523,0.34992061268329133,0.38259938018900413,0.37358737274680115,27.281030103678013,27.194721550425776,,,
1.5583544283790378,239.4430625760652,bursting,bursting,92,99,24.0,24.0,0.3382276869205362,0.33152173913043487,0.3979149257888662,0.3868172675228223,27.404196402580876,27.347485215332178,[-52.       -52.       -52.       ... -56.068645 -56.04086  -56.013187],[-52.       -52.       -52.       ... -55.5563   -55.556236 -55.55617 ],"[0.000000e+00 5.000000e-05 1.000000e-04 ... 9.999849e+00 9.999900e+00
 9.999949e+00]"
1.5583544283790378,239.75321609472297,bursting,bursting,95,99,24.0,24.0,0.3311784119588429,0.3339641237926278,0.38827412152980006,0.39424403705893957,27.413414874946803,27.416515420243087,,,
1.5583544283790378,242.905360868945,bursting,bursting,97,95,23.0,23.0,0.3234988406492366,0.3268599894698475,0.39977612536979285,0.40500587258515264,27.567279142725877,27.563960689897375,,,
1.5583544283790378,248.52611952212527,bursting,bursting,99,91,22.5,22.0,0.3440400458859112,0.3186984113816417,0.4171446449056209,0.4147828611721764,27.353029545438687,27.62703951682541,,,
1.5583544283790378,251.5392757474052,bursting,bursting,101,91,22.0,22.0,0.3243277179031078,0.32434239391596853,0.41854138327927165,0.41785930677141003,27.445362068601792,27.418154757517073,,,
1.5583544283790378,265.75975919329136,bursting,bursting,93,85,20.0,20.0,0.3079798292564249,0.3111230401037822,0.4423408678727826,0.44733722516719227,27.57793686875799,27.528481817330118,,,
1.5583544283790378,267.0527705729015,bursting,bursting,84,95,20.0,20.0,0.3042470366968464,0.304806896852005,0.43738791934566773,0.43540732355118206,27.59882124443102,27.513995437842027,,,
1.5583544283790378,272.0888587176768,bursting,bursting,90,86,19.5,19.0,0.31378286119608095,0.3006540447504302,0.4433213636565146,0.4589787722317841,27.49854550317255,27.653123885857916,,,
1.5583544283790378,276.7664232955933,bursting,bursting,89,85,19.0,19.0,0.2986161197259285,0.29316356253861764,0.4507753335737469,0.4413452202312648,27.531899039987834,27.51897940256319,,,
1.5583544283790378,277.0701222107906,bursting,bursting,80,91,19.0,19.0,0.3003173883473136,0.29856285001012084,0.4534119247336205,0.4498122034050783,27.48398280918767,27.480108405769908,,,
1.5583544283790378,277.35236514704883,bursting,bursting,88,85,19.0,19.0,0.292185430463576,0.29382501226966523,0.44150110375275947,0.4461696336947306,27.579575708670017,27.584422793549308,,,
1.5583544283790378,277.58123881365174,bursting,bursting,88,85,19.0,19.0,0.29456065075534127,0.2933466400532271,0.4469473496022168,0.44355732978487467,27.589279577173087,27.548242012772576,,,
1.5583544283790378,283.68812673413186,bursting,bursting,87,84,18.5,18.5,0.3006423696301912,0.30538431791815496,0.446090020966231,0.4549487045335638,27.478234835077888,27.43502057286408,,,
1.5583544283790378,284.15742437309285,bursting,bursting,85,88,18.0,18.0,0.2898886936145284,0.2896112381574647,0.46865846514352666,0.46670089139870247,27.674454489312403,27.633479390616056,,,
1.5583544283790378,284.39123643116164,bursting,bursting,85,88,18.0,18.0,0.2900547317210086,0.2918547780285931,0.46779248725265477,0.4702784048156508,27.643591361086933,27.605467905616262,,,
1.5583544283790378,299.72470377120817,bursting,bursting,81,85,17.0,17.0,0.27417190479553644,0.2721336617558212,0.47084304447112557,0.4647488032718316,27.690429497081197,27.636319300240793,,,
1.5583544283790378,318.0425793037399,bursting,bursting,84,76,16.0,16.0,0.2619550013039666,0.2603061320311767,0.474169610469665,0.46952765517888995,27.524134496067134,27.50793053052084,,,
1.5583544283790378,326.21092135216526,bursting,bursting,75,83,16.0,16.0,0.2634792410294946,0.2596511627906978,0.4696599661844824,0.46511627906976755,27.274058556449713,27.33416067824327,,,
1.5936901249541873,222.4276428040119,bursting,bursting,93,111,26.0,26.0,0.35459465640126525,0.3592631092631092,0.3811411365628692,0.3850003850003848,27.263545102908655,27.157753539884634,,,
1.5936901249541873,229.84333871756644,bursting,bursting,92,102,24.0,24.0,0.3351433837372918,0.33867130490413616,0.39636140232664147,0.3998480577380595,27.505888397940765,27.455541433143622,,,
1.5936901249541873,239.4430625760652,bursting,bursting,101,92,22.0,22.0,0.32395224683677326,0.32229275344101543,0.4203623523477238,0.4189973393668949,27.583300086544927,27.59635132614645,,,
1.5936901249541873,239.75321609472297,bursting,bursting,99,92,22.5,22.0,0.33784847355121983,0.31933384618583266,0.4142330475125305,0.41582635091585746,27.486308366131546,27.628771755927897,[-52.       -52.       -52.       ... -63.032932 -62.9743   -62.91596 ],[-52.       -52.       -52.       ... -55.414303 -55.414227 -55.41415 ],"[0.000000e+00 5.000000e-05 1.000000e-04 ... 9.999849e+00 9.999900e+00
 9.999949e+00]"
1.5936901249541873,242.905360868945,bursting,bursting,101,91,22.0,22.0,0.32613386404106015,0.32716346657174566,0.4189797842254111,0.4187692372118344,27.424645927255266,27.322393460589417,,,
1.5936901249541873,248.52611952212527,bursting,bursting,97,87,21.0,21.0,0.317987752285665,0.32170432424156237,0.43125754700707253,0.43745488746473027,27.499091076015578,27.46986345446901,,,
1.5936901249541873,251.5392757474052,bursting,bursting,97,87,21.0,21.0,0.31377696851644066,0.31106986945610215,0.4234506997522813,0.4217896534997997,27.437256184333524,27.47965832758282,,,
1.5936901249541873,265.75975919329136,bursting,bursting,89,89,19.0,19.0,0.3045242954436013,0.3052866887905605,0.45862092687289313,0.46091445427728617,27.485702752960062,27.459637431068714,,,
1.5936901249541873,267.0527705729015,bursting,bursting,88,86,19.0,19.0,0.2978511648948202,0.2984453144447712,0.4523863379325943,0.45260132612188547,27.600288109812382,27.550385990955,,,
1.5936901249541873,272.0888587176768,bursting,bursting,83,88,18.5,18.5,0.3044831452960155,0.30355691974361304,0.45769732475913677,0.4513857542655954,27.579147072059992,27.47999370404011,,,
1.5936901249541873,276.7664232955933,bursting,bursting,85,88,18.0,18.0,0.29050240238839414,0.28480752545778354,0.46648318328124255,0.4566418557925018,27.58178215902048,27.609668088055475,,,
1.5936901249541873,277.0701222107906,bursting,bursting,84,88,18.0,18.0,0.2910343543431708,0.28718903756840025,0.4655060050274648,0.4598335402584263,27.540839687325644,27.567429554619657,,,
1.5936901249541873,277.35236514704883,bursting,bursting,84,89,18.0,18.0,0.28998295865723567,0.2910395601323331,0.46688610313514023,0.4659615115791436,27.609972070603117,27.512392726967075,,,
1.5936901249541873,277.58123881365174,bursting,bursting,84,90,18.0,18.0,0.29066180594503643,0.29369034745404105,0.4673770798280051,0.4701678499224223,27.588739494936505,27.472273512006808,,,
1.5936901249541873,283.68812673413186,bursting,bursting,83,87,17.5,18.0,0.2693622920517558,0.29276488741570456,0.4621072088724585,0.4571951080123443,27.58802155898886,27.21150919244656,,,
1.5936901249541873,284.15742437309285,bursting,bursting,83,87,18.0,18.0,0.290816444167762,0.2900433883828173,0.46113762652463636,0.4543286158878718,27.311755891621104,27.229563980913117,,,
1.5936901249541873,284.39123643116164,bursting,bursting,84,85,18.0,18.0,0.29156721433040583,0.29012486849929087,0.4634671981090538,0.4573937702968485,27.269380926708642,27.25616722214034,,,
1.5936901249541873,299.72470377120817,bursting,bursting,77,85,16.0,16.0,0.2682561508618575,0.2642896747908683,0.4910867750331482,0.48214845350883523,27.704090193876073,27.68407714977871,,,
1.5936901249541873,318.0425793037399,bursting,bursting,74,80,16.0,15.5,0.26487814094086515,0.26469469279056473,0.47232193463064437,0.47555640098915725,27.154049393945783,27.531372868409502,,,
1.5936901249541873,326.21092135216526,bursting,bursting,72,79,15.0,15.0,0.2536415843048332,0.252460054559626,0.49293865378453655,0.4871395167575995,27.4792568156509,27.401723526585766,,,
1.5969719024791456,222.4276428040119,bursting,bursting,93,109,26.0,26.0,0.34639492619241874,0.3481059899234929,0.3708923670350864,0.37320395596193306,27.251244759367637,27.225317377603737,,,
1.5969719024791456,229.84333871756644,bursting,bursting,97,99,24.0,24.0,0.34299448607380173,0.3430312995007318,0.4039506372321302,0.40101858721151745,27.407111285833746,27.31485059587677,,,
1.5969719024791456,239.4430625760652,bursting,bursting,101,91,22.0,22.0,0.32688793506438335,0.3249868268521446,0.42497131443627545,0.4215407313731689,27.57435324782813,27.538961874232378,,,
1.5969719024791456,239.75321609472297,bursting,bursting,102,91,22.0,22.0,0.324856025894321,0.3281216852645424,0.4203623523477238,0.42428613857185293,27.54172888353847,27.478460555499346,,,
1.5969719024791456,242.905360868945,bursting,bursting,100,91,22.0,22.0,0.3261166005832129,0.3259418864924798,0.41957748547212953,0.4183837834445536,27.415057464280668,27.360449494151112,[-52.       -52.       -52.       ... -52.277275 -52.27179  -52.266323],[-52.       -52.       -52.       ... -55.207043 -55.206886 -55.20673 ],"[0.000000e+00 5.000000e-05 1.000000e-04 ... 9.999849e+00 9.999900e+00
 9.999949e+00]"
1.5969719024791456,248.52611952212527,bursting,bursting,97,87,21.0,21.0,0.3143198957465444,0.31713929170790484,0.42726826037727794,0.4303111149360988,27.543647024371353,27.488111768721154,,,
1.5969719024791456,251.5392757474052,bursting,bursting,96,85,20.5,20.5,0.331715963221447,0.30773481884298237,0.44311509914700337,0.44211596701814887,27.42037172872614,27.408029614776208,,,
1.5969719024791456,265.75975919329136,bursting,bursting,89,86,19.0,19.0,0.2948040313549831,0.2960066518348727,0.44792833146696515,0.4494483022090385,27.648097918271866,27.60708694089816,,,
1.5969719024791456,267.0527705729015,bursting,bursting,88,90,19.0,19.0,0.3047373983366262,0.3057330655468323,0.45949547396958135,0.456454263282819,27.450442463981645,27.325903407606223,,,
1.5969719024791456,272.0888587176768,bursting,bursting,85,89,18.0,18.0,0.2894061070127928,0.28935249790678225,0.46689700252124383,0.4651595497255557,27.704873625406464,27.648793628753143,,,
1.5969719024791456,276.7664232955933,bursting,bursting,84,90,18.0,18.0,0.2875456613136673,0.292170368287883,0.45948491740758607,0.468559647643145,27.55798336079386,27.506319953533275,,,
1.5969719024791456,277.0701222107906,bursting,bursting,84,88,18.0,18.0,0.2926136363636363,0.28424968245327525,0.4695717505634861,0.4536381781890765,27.533354893599547,27.558516038613668,,,
1.5969719024791456,277.35236514704883,bursting,bursting,84,87,18.0,18.0,0.2838993682001688,0.29019745297347804,0.45617316333280117,0.4673443159247575,27.630692458390687,27.560952725942908,,,
1.5969719024791456,277.58123881365174,bursting,bursting,84,88,18.0,18.0,0.2913975716869027,0.290875232774674,0.46969305558817326,0.46554934823091254,27.579022819892224,27.49581227721765,,,
1.5969719024791456,283.68812673413186,bursting,bursting,84,84,18.0,18.0,0.2877631910555137,0.2873811581676752,0.4582216418081427,0.45489696583723793,27.373118692793447,27.308553896506922,,,
1.5969719024791456,284.15742437309285,bursting,bursting,81,89,17.0,17.0,0.27733212729999257,0.28070681572304357,0.4760657922924948,0.48082702247866316,27.73328752341829,27.651945583108542,,,
1.5969719024791456,284.39123643116164,bursting,bursting,81,89,17.0,17.0,0.27788761582620725,0.27768776210446056,0.4764059931873943,0.4765535646206634,27.713045344208577,27.707010351848268,,,
1.5969719024791456,299.72470377120817,bursting,bursting,77,84,16.0,16.0,0.26468949141043346,0.26722932358497503,0.4846017784885272,0.4906891729433989,27.72452307192857,27.708696472080966,,,
1.5969719024791456,318.0425793037399,bursting,bursting,72,79,15.0,15.0,0.24974932133336597,0.2514650120648052,0.4891291056274303,0.49244103018663504,27.715581745704487,27.665802118986836,,,
1.5969719024791456,326.21092135216526,bursting,bursting,72,79,15.0,15.0,0.2524426378039525,0.2518215269147356,0.48975194064206473,0.4873650607987913,27.467542920492072,27.440447028034082,,,
1.6137514660625363,222.4276428040119,bursting,bursting,90,105,25.0,25.0,0.35107055384372277,0.34369017535799046,0.39503831871691547,0.3828777088597901,27.32894506414436,27.24007854610424,,,
1.6137514660625363,229.84333871756644,bursting,bursting,97,96,23.5,23.5,0.3300520780149085,0.3237075361970081,0.40845501889104463,0.40107488068022307,27.32569272491579,27.37945257921528,,,
1.6137514660625363,239.4430625760652,bursting,bursting,99,90,22.0,22.0,0.323090357187409,0.32027355497878307,0.41581770551790087,0.41198038973344875,27.430463452432253,27.420230604001734,,,
1.6137514660625363,239.75321609472297,bursting,bursting,100,91,22.0,22.0,0.32972662726924873,0.329740603493912,0.42515199183708174,0.4235044997353095,27.372783725122822,27.316274713577975,,,
1.6137514660625363,242.905360868945,bursting,bursting,97,87,21.0,21.0,0.31379702555958555,0.31766465119303033,0.4292121810416979,0.4334351906031251,27.649349504429388,27.562485226959534,,,
1.6137514660625363,248.52611952212527,bursting,bursting,96,85,20.5,20.5,0.30976536312849134,0.3050446663163426,0.446927374301676,0.4379050621825187,27.402335412154116,27.402376003983708,[-52.       -52.       -52.       ... -55.764824 -55.76469  -55.76456 ],[-52.       -52.       -52.       ... -53.283215 -53.28224  -53.281265],"[0.000000e+00 5.000000e-05 1.000000e-04 ... 9.999849e+00 9.999900e+00
 9.999949e+00]"
1.6137514660625363,251.5392757474052,bursting,bursting,94,85,20.0,20.0,0.3102201187659065,0.30734126984126986,0.4464883689779881,0.4409171075837743,27.597139851359533,27.565029949641204,,,
1.6137514660625363,265.75975919329136,bursting,bursting,89,85,19.0,18.5,0.30237556561085993,0.30722103669030093,0.45248868778280543,0.45891558247860303,27.34600403951459,27.48977543927134,,,
1.6137514660625363,267.0527705729015,bursting,bursting,86,88,18.5,18.0,0.30936505355110006,0.2882337885944301,0.4646516274423252,0.46534353986830773,27.52946245961653,27.717141936607135,,,
1.6137514660625363,272.0888587176768,bursting,bursting,84,90,18.0,18.0,0.29335368717707844,0.29438900395405765,0.4697040864255518,0.4707211447938242,27.52750202198376,27.475489693280434,,,
1.6137514660625363,276.7664232955933,bursting,bursting,83,88,18.0,18.0,0.28958449009809356,0.29419061885591224,0.46270590412733664,0.4681209624566987,27.45324462323831,27.301288767317338,,,
1.6137514660625363,277.0701222107906,bursting,bursting,83,89,18.0,18.0,0.29483453642073665,0.29159373560571156,0.46873535202024935,0.4606172270842929,27.307798024490538,27.29907494198169,,,
1.6137514660625363,277.35236514704883,bursting,bursting,83,89,18.0,17.5,0.29421883353866873,0.2990951505725999,0.46491085334387133,0.47127574343748524,27.29490260234266,27.458600618004134,,,
1.6137514660625363,277.58123881365174,bursting,bursting,83,88,18.0,18.0,0.2950246902077705,0.2956439655569367,0.4658529768005217,0.46046875719482444,27.27380523045575,27.187596842148263,,,
1.6137514660625363,283.68812673413186,bursting,bursting,80,88,17.0,17.0,0.2766600076103499,0.277538563452257,0.47564687975646874,0.4731711933377497,27.696954174326766,27.583482218844722,,,
1.6137514660625363,284.15742437309285,bursting,bursting,80,88,17.0,17.0,0.27698866982309855,0.2792682634443408,0.4711092266742044,0.47951281497998016,27.572154619285353,27.635435325900698,,,
1.6137514660625363,284.39123643116164,bursting,bursting,80,88,17.0,17.0,0.2795177284725693,0.27762777698830005,0.475612946184395,0.47368670361422965,27.56186726327313,27.58339417807605,,,
1.6137514660625363,299.72470377120817,bursting,bursting,76,84,16.0,16.0,0.2628821380503749,0.26480844616531596,0.4806767929244376,0.4809889132055505,27.66538666611913,27.567947788597507,,,
1.6137514660625363,318.0425793037399,bursting,bursting,72,79,15.0,15.0,0.25029922567722696,0.25052405791449345,0.4885317179217861,0.4874957344123238,27.616221026762396,27.546751653168545,,,
1.6137514660625363,326.21092135216526,bursting,bursting,71,78,15.0,15.0,0.25102312628647533,0.25159142815491536,0.48432013560963794,0.4859322610428106,27.375602105863578,27.324239244438807,,,
1.6709218521916696,222.4276428040119,bursting,bursting,98,94,23.0,23.0,0.3334422479986929,0.33573416271075474,0.40842999509884,0.4092322802422655,27.339992421973964,27.22924498944172,,,
1.6709218521916696,229.84333871756644,bursting,bursting,98,88,21.5,21.0,0.33359596260726976,0.31863832007304055,0.4258853090862631,0.43476370592582925,27.448851210991815,27.570726971401637,,,
1.6709218521916696,239.4430625760652,bursting,bursting,93,87,20.0,20.0,0.3070072960521964,0.3157345670612784,0.44084907531906453,0.4535764503106999,27.593646557309924,27.48913586068699,,,
1.6709218521916696,239.75321609472297,bursting,bursting,92,87,20.0,20.0,0.3148093940690368,0.31764119526064183,0.4503388800072054,0.45309349584286723,27.49086177607848,27.40757834412318,,,
1.6709218521916696,242.905360868945,bursting,bursting,91,89,20.0,19.5,0.315507195197316,0.3194695463582143,0.44142314822989326,0.4518344478583048,27.255866041127128,27.479520912337637,,,
1.6709218521916696,248.52611952212527,bursting,bursting,90,85,19.0,19.0,0.29866022005829046,0.29833668103545546,0.45186507308917556,0.45137556704055615,27.58168709380493,27.537031402546848,,,
1.6709218521916696,251.5392757474052,bursting,bursting,88,89,19.0,19.0,0.3060999931228938,0.3005280736595056,0.4584737409164889,0.4513450081242101,27.329897617521297,27.40905454856126,[-52.       -52.       -52.       ... -55.977505 -55.977463 -55.97742 ],[-52.      -52.      -52.      ... -66.25364 -66.17871 -66.10416],"[0.000000e+00 5.000000e-05 1.000000e-04 ... 9.999849e+00 9.999900e+00
 9.999949e+00]"
1.6709218521916696,265.75975919329136,bursting,bursting,80,89,17.0,17.0,0.2826086956521736,0.2766133220034935,0.4863340142009533,0.47207666525043657,27.72285659296145,27.684079340070806,,,
1.6709218521916696,267.0527705729015,bursting,bursting,80,88,17.0,17.0,0.28260764158262197,0.2819813075083923,0.48487199379363843,0.48301011906199426,27.67582927561209,27.62708497319054,,,
1.6709218521916696,272.0888587176768,bursting,bursting,79,87,17.0,17.0,0.2837398569743083,0.2819173048934697,0.48156798536033324,0.4771789182353924,27.45238474004669,27.437587115323833,,,
1.6709218521916696,276.7664232955933,bursting,bursting,76,84,16.0,16.0,0.2721593322837795,0.2800840508405084,0.49978759027413355,0.5125051250512505,27.751237393615945,27.591840159991147,,,
1.6709218521916696,277.0701222107906,bursting,bursting,76,84,16.0,16.0,0.27292527224934265,0.27249484945515917,0.5006884466140943,0.49643805694144527,27.727319086886816,27.642431135418647,,,
1.6709218521916696,277.35236514704883,bursting,bursting,76,84,16.0,16.0,0.2707017456607151,0.27796144651848836,0.49733923509225647,0.5086211281216622,27.75646396553419,27.605634911873945,,,
1.6709218521916696,277.58123881365174,bursting,bursting,85,77,16.5,16.0,0.2901617120170428,0.2637613011125386,0.48416771569671724,0.48476622148968657,27.452813219262037,27.79491074237404,,,
1.6709218521916696,283.68812673413186,bursting,bursting,83,76,16.0,16.0,0.2667836770513384,0.26874026479750746,0.4875432694651651,0.48676012461059187,27.647985309462108,27.510313884538867,,,
1.6709218521916696,284.15742437309285,bursting,bursting,75,82,16.0,16.0,0.27236354655470496,0.26480109344651476,0.4939491232403063,0.47958180466633105,27.49237108537294,27.558900308136586,,,
1.6709218521916696,284.39123643116164,bursting,bursting,75,82,16.0,16.0,0.2671446912623243,0.2695303860614848,0.484484387490613,0.4914850219939547,27.548568325104572,27.551105997173075,,,
1.6709218521916696,299.72470377120817,bursting,bursting,78,72,15.0,15.0,0.25449265289912665,0.25262431619930037,0.49642573471008733,0.49282933320191213,27.59414545807359,27.61236165355042,,,
1.6709218521916696,318.0425793037399,bursting,bursting,71,73,14.0,14.0,0.23977803001639536,0.23751565239168573,0.5044772354647495,0.5008765339343851,27.628840090089373,27.673251139850812,,,
1.6709218521916696,326.21092135216526,bursting,bursting,69,73,14.0,14.0,0.24462121212121193,0.24134182719045427,0.5050505050505051,0.5055867334041155,27.270920408575652,27.418599265376354,,,
1.6783633053757196,222.4276428040119,bursting,bursting,102,91,22.0,22.0,0.32986296684267935,0.32632090830285226,0.42756055326335596,0.42285980083303387,27.526560901029445,27.527078139555037,,,
1.6783633053757196,229.84333871756644,bursting,bursting,97,87,21.0,21.0,0.3185321498159774,0.31820049745863516,0.4329941545789132,0.43257272628960747,27.540187851818835,27.507392518638813,,,
1.6783633053757196,239.4430625760652,bursting,bursting,92,88,20.0,20.0,0.310168670454045,0.31196314922782487,0.44039283040472105,0.4450576349637278,27.435246383554166,27.42378135228917,,,
1.6783633053757196,239.75321609472297,bursting,bursting,92,86,20.0,20.0,0.3097444723950749,0.3111116047627511,0.4413257425305618,0.44428647591967285,27.452859315518964,27.440543642103165,,,
1.6783633053757196,242.905360868945,bursting,bursting,90,89,19.5,19.0,0.3217572181148119,0.30264796789223625,0.4521920007235072,0.46131844812474054,27.427996874522574,27.667935416830765,,,
1.6783633053757196,248.52611952212527,bursting,bursting,89,89,19.0,19.0,0.3051490889011595,0.30748953684648617,0.4601509295048775,0.46245982380280715,27.44965047428806,27.352157543685706,,,
1.6783633053757196,251.5392757474052,bursting,bursting,91,85,18.0,18.0,0.30155253808341853,0.29913868189296416,0.4866890543631673,0.48388657698635434,27.6385189789705,27.65518142202397,,,
1.6783633053757196,265.75975919329136,bursting,bursting,89,80,17.0,17.0,0.2821401077752118,0.28237909949972206,0.48113933795227093,0.48336032095125303,27.606735057855246,27.62952765865245,[-52.       -52.       -52.       ... -54.019226 -54.0212   -54.02317 ],[-52.       -52.       -52.       ... -55.2661   -55.265903 -55.2657  ],"[0.000000e+00 5.000000e-05 1.000000e-04 ... 9.999849e+00 9.999900e+00
 9.999949e+00]"
1.6783633053757196,267.0527705729015,bursting,bursting,89,81,17.0,17.0,0.2824010585829423,0.28028803738763425,0.4811740647179116,0.4768830921099691,27.571975420200744,27.564307265417575,,,
1.6783633053757196,272.0888587176768,bursting,bursting,86,80,16.5,16.5,0.2913459872800615,0.29155762334011803,0.49493924620752794,0.4846370068818456,27.605930966726007,27.436909000183938,,,
1.6783633053757196,276.7664232955933,bursting,bursting,77,84,16.0,16.0,0.27259152335681036,0.2680553184224006,0.4977476916950797,0.4878167760189273,27.662812349261646,27.649400948285102,,,
1.6783633053757196,277.0701222107906,bursting,bursting,76,83,16.0,16.0,0.26686195532771906,0.270653575324804,0.48822165263029405,0.4958841614598829,27.728503420879544,27.692466376263088,,,
1.6783633053757196,277.35236514704883,bursting,bursting,76,84,16.0,16.0,0.27272500498902436,0.2691610754689259,0.498902414687687,0.4897399480875655,27.664634114330966,27.632546248491686,,,
1.6783633053757196,277.58123881365174,bursting,bursting,84,77,16.0,16.0,0.2707776126795441,0.26926668632655054,0.49529470034670625,0.4914971001671092,27.667846101710687,27.651740294647155,,,
1.6783633053757196,283.68812673413186,bursting,bursting,75,82,16.0,16.0,0.2700197575432347,0.27091525756979973,0.48784057370051465,0.49154541879669666,27.458204336086165,27.46962097795227,,,
1.6783633053757196,284.15742437309285,bursting,bursting,76,82,16.0,16.0,0.2710180224062348,0.2694960861056753,0.4870920603994155,0.4892367906066535,27.398052256865363,27.49266734395114,,,
1.6783633053757196,284.39123643116164,bursting,bursting,75,82,16.0,16.0,0.2712442171901631,0.26965962441314567,0.4869734599464329,0.4890453834115807,27.378198897784962,27.469166380313535,,,
1.6783633053757196,299.72470377120817,bursting,bursting,72,78,15.0,15.0,0.2566826251745463,0.2546914896254245,0.49870337123478947,0.49579811100919696,27.506726660505258,27.53236986424643,,,
1.6783633053757196,318.0425793037399,bursting,bursting,70,73,14.0,14.0,0.24104456859721432,0.24088163182771763,0.5055995146244658,0.5055228369941611,27.557965856988908,27.539687227419645,,,
1.6783633053757196,326.21092135216526,bursting,bursting,68,73,14.0,14.0,0.2438754464510286,0.23931921670108738,0.5030434126465112,0.4976486103162556,27.233903221767605,27.364162187449185,,,
1.6811163295534266,222.4276428040119,bursting,bursting,92,101,22.0,22.0,0.33027227669663356,0.33063170950772003,0.42912008925697837,0.42769770326333334,27.54024203613714,27.453060530504683,,,
1.6811163295534266,229.84333871756644,bursting,bursting,98,87,21.0,21.0,0.31904030461025873,0.31575234104416966,0.432685026934643,0.42758797622610867,27.506335729508248,27.47933497587503,,,
1.6811163295534266,239.4430625760652,bursting,bursting,93,86,20.0,20.0,0.30659954033052433,0.31315954212126645,0.4377804531027689,0.44714720085852266,27.497784444213845,27.389966822587166,,,
1.6811163295534266,239.75321609472297,bursting,bursting,93,86,20.0,20.0,0.3138408073247345,0.31437472185135756,0.44554345162511966,0.44503782821539833,27.373024835791846,27.312534211498807,,,
1.6811163295534266,242.905360868945,bursting,bursting,89,90,19.0,19.0,0.3006190823015292,0.29907581916028975,0.4552075746540423,0.45414291877653895,27.638511976518707,27.634127912220293,,,
1.6811163295534266,248.52611952212527,bursting,bursting,88,90,19.0,19.0,0.31006867599078225,0.3076817275290557,0.45631887563029033,0.4584737409164889,27.24169069516919,27.289638867229712,,,
1.6811163295534266,251.5392757474052,bursting,bursting,85,91,18.0,18.0,0.29049151069675694,0.2946053162933228,0.4696709954676749,0.47509323704777046,27.741191037011927,27.6417558519587,,,
1.6811163295534266,265.75975919329136,bursting,bursting,79,87,17.0,17.0,0.2874801514596311,0.2897678205729231,0.48857945523390733,0.4934738088775937,27.507840426511596,27.471628130097677,,,
1.6811163295534266,267.0527705729015,bursting,bursting,80,87,17.0,17.0,0.28347159255329435,0.28351175660327194,0.48229960451432424,0.48331359802808055,27.523971003334267,27.533688679292172,[-52.       -52.       -52.       ... -55.27612  -55.275875 -55.275635],[-52.       -52.       -52.       ... -55.634968 -55.635483 -55.635998],"[0.000000e+00 5.000000e-05 1.000000e-04 ... 9.999849e+00 9.999900e+00
 9.999949e+00]"
1.6811163295534266,272.0888587176768,bursting,bursting,79,86,17.0,17.0,0.28379287155346333,0.2851659029293925,0.48035354020559146,0.479834936781747,27.37043121663094,27.2493541643724,,,
1.6811163295534266,276.7664232955933,bursting,bursting,76,84,16.0,16.0,0.26608708393367375,0.2728545709141825,0.4884124154436005,0.5001000200040008,27.76439306040997,27.665129118703828,,,
1.6811163295534266,277.0701222107906,bursting,bursting,76,83,16.0,16.0,0.2654526864181904,0.26745782659866607,0.4868904739878765,0.49038838760298153,27.755476728056873,27.724309992197885,,,
1.6811163295534266,277.35236514704883,bursting,bursting,76,83,16.0,16.0,0.2690194731937022,0.26929056138186314,0.49050865747780437,0.4935225169648365,27.66837883647333,27.68135596128442,,,
1.6811163295534266,277.58123881365174,bursting,bursting,76,84,16.0,16.0,0.26951072071849785,0.27405748413587167,0.4934738088775939,0.49769814607440593,27.70465408823657,27.529039989413196,,,
1.6811163295534266,283.68812673413186,bursting,bursting,76,82,16.0,16.0,0.27302347394663434,0.2715967623252388,0.493668698936144,0.49055678194751046,27.42343832211155,27.40813669606541,,,
1.6811163295534266,284.15742437309285,bursting,bursting,75,82,16.0,16.0,0.2688302546301915,0.27065004887585525,0.4854722431244994,0.48875855327468226,27.46333998468786,27.384428790958758,,,
1.6811163295534266,284.39123643116164,bursting,bursting,76,82,16.0,16.0,0.27557812731127673,0.2715757679097753,0.4930723337113554,0.48717511509512096,27.29896440571484,27.339055464742525,,,
1.6811163295534266,299.72470377120817,bursting,bursting,72,77,15.0,15.0,0.25769297743724984,0.2523460914852845,0.4975248140501007,0.4913280597454922,27.42449577001911,27.551660504704774,,,
1.6811163295534266,318.0425793037399,bursting,bursting,71,74,14.0,14.0,0.2398451638849789,0.2427996048331938,0.502714659159461,0.5066241102414065,27.556341149345048,27.452750319182858,,,
1.6811163295534266,326.21092135216526,bursting,bursting,69,72,13.5,14.0,0.22129314288618923,0.2415248913125424,0.5083108829360036,0.5026009599678335,27.614075884949788,27.279258365636107,,,
1.733982549694455,222.4276428040119,bursting,bursting,86,96,21.0,21.0,0.3215079039875779,0.32416567018154147,0.43132265090901245,0.4348298728122623,27.318570964545653,27.251629834444998,,,
1.733982549694455,229.84333871756644,bursting,bursting,91,88,19.5,19.0,0.3217892888899022,0.3015800004599708,0.45598595563256644,0.45997102182562494,27.51142221522353,27.702397201730733,,,
1.733982549694455,239.4430625760652,bursting,bursting,85,92,18.5,18.0,0.3134715631501436,0.29922611850060477,0.4675191098436148,0.483675937122128,27.482231159300678,27.648342158616927,,,
1.733982549694455,239.75321609472297,bursting,bursting,84,93,18.0,18.0,0.29653478333452565,0.2924360296185208,0.4769740764589445,0.46864748336301437,27.653988783008206,27.624012192350428,,,
1.733982549694455,242.905360868945,bursting,bursting,84,92,18.0,18.0,0.29656299594949914,0.2986194047675917,0.4737428050311486,0.4777146132900205,27.524075784928847,27.478487240587896,,,
1.733982549694455,248.52611952212527,bursting,bursting,89,80,17.0,17.0,0.28788365938713417,0.28425292968750004,0.49464546286449185,0.4882812499999998,27.71499938947476,27.715946892889953,,,
1.733982549694455,251.5392757474052,bursting,bursting,80,88,17.0,17.0,0.2835246241196971,0.2791904761904764,0.4873650607987913,0.47619047619047605,27.709133513136152,27.65728911360346,,,
1.733982549694455,265.75975919329136,bursting,bursting,76,82,16.0,16.0,0.273920689569762,0.27058852572331393,0.49538057612761005,0.49372963365261197,27.528011234293718,27.619905909138218,,,
1.733982549694455,267.0527705729015,bursting,bursting,75,82,16.0,16.0,0.27260138476755696,0.2730207609019567,0.4945598417408507,0.4966722956193504,27.544239516149553,27.54313668728324,,,
1.733982549694455,272.0888587176768,bursting,bursting,75,81,15.5,15.5,0.2812452735064281,0.25547867656308954,0.5041593143433324,0.5032079506856207,27.53331053570218,27.573951650738135,[-52.       -52.       -52.       ... -50.9214   -50.864086 -50.80459 ],[-52.       -52.       -52.       ... -55.53839  -55.538326 -55.53826 ],"[0.000000e+00 5.000000e-05 1.000000e-04 ... 9.999849e+00 9.999900e+00
 9.999949e+00]"
1.733982549694455,276.7664232955933,bursting,bursting,78,78,15.0,15.0,0.2621746972429786,0.26421620505407706,0.515331100231899,0.516248935236571,27.713890800121618,27.60419027936203,,,
1.733982549694455,277.0701222107906,bursting,bursting,77,78,15.0,15.0,0.261011585770428,0.26084742310042786,0.5103863624763946,0.509268690160929,27.66740604011749,27.63112388201304,,,
1.733982549694455,277.35236514704883,bursting,bursting,75,78,15.0,15.0,0.2557571791709665,0.2607992192716629,0.5033599275161704,0.5136370640505418,27.772611234682962,27.72539168845919,,,
1.733982549694455,277.58123881365174,bursting,bursting,78,79,15.0,15.0,0.26035638718229814,0.26150372888234974,0.5098529074362047,0.507330931966922,27.679826836878824,27.556404774777228,,,
1.733982549694455,283.68812673413186,bursting,bursting,78,74,15.0,15.0,0.25729581673306745,0.25632801233278646,0.49800796812749004,0.4972897707494156,27.502788646837917,27.52659499526996,,,
1.733982549694455,284.15742437309285,bursting,bursting,74,77,15.0,15.0,0.2591923752194633,0.25358378645575863,0.5016302984700276,0.49431537320810665,27.479116763747083,27.59586470726863,,,
1.733982549694455,284.39123643116164,bursting,bursting,75,77,15.0,15.0,0.2568952711067099,0.2574887982681367,0.4951720722951226,0.503448623068016,27.479398309044758,27.556986232629274,,,
1.733982549694455,299.72470377120817,bursting,bursting,76,73,14.0,14.0,0.24493039710821138,0.24123229964979945,0.5127284846309638,0.507536923311171,27.554244191927072,27.63042777210005,,,
1.733982549694455,318.0425793037399,bursting,bursting,74,69,13.0,13.0,0.22810915364106849,0.22840341382181523,0.5227664802132886,0.520399666944213,27.7205416522429,27.62624201575009,,,
1.733982549694455,326.21092135216526,bursting,bursting,72,68,13.0,13.0,0.22728788772866051,0.22601768542628056,0.5131231238935781,0.5156100956456727,27.47573660325209,27.570363173106387,,,
1.7361060220371463,222.4276428040119,bursting,bursting,96,86,21.0,21.0,0.3210338488158324,0.32145459220846,0.43257272628960747,0.4285775511078729,27.339693703715852,27.197080678080518,,,
1.7361060220371463,229.84333871756644,bursting,bursting,90,92,19.0,19.0,0.30704218757316104,0.3111736068440707,0.4682305567261318,0.472656803894692,27.683570211908194,27.586177992136214,,,
1.7361060220371463,239.4430625760652,bursting,bursting,85,91,18.5,18.0,0.3104472072740769,0.2956126718469815,0.46390796066060497,0.47818290496114774,27.50862168988791,27.69329182974188,,,
1.7361060220371463,239.75321609472297,bursting,bursting,84,93,18.0,18.0,0.29424210726511985,0.29413710020314643,0.47546595663750474,0.4724335049841733,27.7049309482694,27.633643062733807,,,
1.7361060220371463,242.905360868945,bursting,bursting,83,91,18.0,18.0,0.289136231884058,0.2902035861038477,0.463768115942029,0.4669406051550244,27.62627133665136,27.608899398587646,,,
1.7361060220371463,248.52611952212527,bursting,bursting,81,89,17.5,17.0,0.30887405516835204,0.28979368085318447,0.49082163541768903,0.4983554270906009,27.48690486503931,27.68482280400906,,,
1.7361060220371463,251.5392757474052,bursting,bursting,79,87,17.0,17.0,0.2857038141080459,0.2863138374447944,0.48867495785178483,0.4880072225068931,27.63774903050278,27.565229931070498,,,
1.7361060220371463,265.75975919329136,bursting,bursting,77,82,16.0,16.0,0.2732021289763585,0.2698763250883392,0.49511078103725703,0.4907734589713388,27.549102582185355,27.58685222619929,,,
1.7361060220371463,267.0527705729015,bursting,bursting,75,82,16.0,16.0,0.2733102253032929,0.26961820057982405,0.4951720722951225,0.49137634514274464,27.519168544712002,27.59269390698396,,,
1.7361060220371463,272.0888587176768,bursting,bursting,75,81,15.5,15.5,0.2828413144114745,0.2547065615743765,0.5059320533252383,0.5020332346001305,27.493530134078476,27.576050473027536,,,
1.7361060220371463,276.7664232955933,bursting,bursting,77,79,15.0,15.0,0.25825095057034236,0.25792811839323454,0.5069708491761723,0.5033725963958524,27.734890282411158,27.664512517052522,[-52.       -52.       -52.       ... -62.08395  -62.029015 -61.974346],[-52.       -52.       -52.       ... -55.57659  -55.57654  -55.576492],"[0.000000e+00 5.000000e-05 1.000000e-04 ... 9.999849e+00 9.999900e+00
 9.999949e+00]"
1.7361060220371463,277.0701222107906,bursting,bursting,75,79,15.0,15.0,0.25850166849224365,0.260321013405235,0.5094632804340626,0.5087375677256887,27.77309843579612,27.6399262010425,,,
1.7361060220371463,277.35236514704883,bursting,bursting,75,79,15.0,15.0,0.25750877813423606,0.2558255576069061,0.5052163589057015,0.49897709695124987,27.72873872213098,27.669746945798888,,,
1.7361060220371463,277.58123881365174,bursting,bursting,76,78,15.0,15.0,0.25993610223642194,0.2605037718961771,0.511182108626198,0.5114435494182329,27.712705147725043,27.679379573928678,,,
1.7361060220371463,283.68812673413186,bursting,bursting,78,75,15.0,15.0,0.26188842292540354,0.2637884151659742,0.5083238022620409,0.5130573085013596,27.475197632841542,27.410986477621883,,,
1.7361060220371463,284.15742437309285,bursting,bursting,72,78,15.0,15.0,0.2564569660369824,0.26087614054544533,0.49908916227884126,0.504108484145788,27.55104102244099,27.403994756729144,,,
1.7361060220371463,284.39123643116164,bursting,bursting,75,77,15.0,15.0,0.2580074719800749,0.25931543556297076,0.4981320049813201,0.5055867334041152,27.457939017792178,27.506963482257397,,,
1.7361060220371463,299.72470377120817,bursting,bursting,77,73,14.0,14.0,0.24430800716295753,0.24979553069677898,0.5116398055768739,0.5276627179906603,27.55848421271295,27.54565530284289,,,
1.7361060220371463,318.0425793037399,bursting,bursting,63,72,13.5,12.5,0.2361118118976736,0.21788717078216574,0.5045663252434534,0.5304617669681458,27.906354658265784,27.37730522155524,,,
1.7361060220371463,326.21092135216526,bursting,bursting,71,68,13.0,13.0,0.22659745838553755,0.2274108511025112,0.5113912398680611,0.5194400436329638,27.460081058541792,27.557360023345996,,,
1.7552047982259293,222.4276428040119,bursting,bursting,92,89,20.0,20.0,0.30879918783518356,0.31505953454807867,0.44139392200569394,0.4510193036261952,27.54064833957226,27.464935124528875,,,
1.7552047982259293,229.84333871756644,bursting,bursting,87,91,19.0,19.0,0.3020478984498071,0.3047779366323849,0.4566105796671308,0.4611907946317393,27.558544858129235,27.525101166765754,,,
1.7552047982259293,239.4430625760652,bursting,bursting,84,91,18.0,18.0,0.2975592332420528,0.29599394240552745,0.47624717228241453,0.473249568159769,27.510181568429765,27.49751835058717,,,
1.7552047982259293,239.75321609472297,bursting,bursting,83,92,18.0,18.0,0.29626469472885864,0.29830010194646633,0.4740235115661738,0.474169610469665,27.522009129286,27.401037613245503,,,
1.7552047982259293,242.905360868945,bursting,bursting,83,91,17.5,17.5,0.30789745561134985,0.2802082580085327,0.480526657216309,0.4820787234555403,27.42862553256696,27.52133553558703,,,
1.7552047982259293,248.52611952212527,bursting,bursting,79,87,17.0,17.0,0.2852303192785765,0.290659232211586,0.48744820862783333,0.49343728412118815,27.622186944574786,27.454600731000113,,,
1.7552047982259293,251.5392757474052,bursting,bursting,80,87,17.0,17.0,0.2844999879602209,0.286739484759287,0.4815911772496327,0.4865351400004866,27.472748187967316,27.417163496842484,,,
1.7552047982259293,265.75975919329136,bursting,bursting,75,82,16.0,16.0,0.27781510513873325,0.2770480470100241,0.4976981460744058,0.49380277517159643,27.307834225216563,27.265512179272395,,,
1.7552047982259293,267.0527705729015,bursting,bursting,75,81,16.0,15.5,0.27614484019167124,0.2805833040510015,0.49399792520871405,0.501982832187139,27.293750740016105,27.50884785572101,,,
1.7552047982259293,272.0888587176768,bursting,bursting,78,78,15.0,15.0,0.2569805604645291,0.2649776762537638,0.5049229992426153,0.5191568892119199,27.76822066591208,27.61230227567452,,,
1.7552047982259293,276.7664232955933,bursting,bursting,78,76,15.0,15.0,0.2611308316430019,0.26281352235550703,0.5070993914807301,0.5072151352996374,27.530437591600815,27.423679080817287,,,
1.7552047982259293,277.0701222107906,bursting,bursting,78,77,15.0,15.0,0.2640714741544351,0.2626566927927699,0.5105296745373324,0.510607878679568,27.450344107295198,27.47941860433885,[-52.       -52.       -52.       ... -60.375076 -60.328537 -60.282223],[-52.       -52.       -52.       ... -55.79292  -55.79288  -55.792843],"[0.000000e+00 5.000000e-05 1.000000e-04 ... 9.999849e+00 9.999900e+00
 9.999949e+00]"
1.7552047982259293,277.35236514704883,bursting,bursting,77,77,15.0,15.0,0.2632570933727268,0.2595050533194862,0.5093984004890225,0.5065984447427746,27.453896747307653,27.56271934377514,,,
1.7552047982259293,277.58123881365174,bursting,bursting,79,77,15.0,15.0,0.26392518575454754,0.26212468225404556,0.5124263387138098,0.5033599275161704,27.474821531344272,27.380255399787035,,,
1.7552047982259293,283.68812673413186,bursting,bursting,76,77,15.0,15.0,0.26425629753151914,0.2613121888991718,0.5053184769701103,0.5002626378848897,27.188394242348153,27.25664731351711,,,
1.7552047982259293,284.15742437309285,bursting,bursting,77,76,15.0,14.5,0.26528651955208393,0.2648371547348822,0.5055483936199793,0.5100869698283558,27.116228176180027,27.554341955300973,,,
1.7552047982259293,284.39123643116164,bursting,bursting,73,77,15.0,15.0,0.2610356536502545,0.2613647843216487,0.49935084390292606,0.5051015254066067,27.264655456965375,27.254218639576447,,,
1.7552047982259293,299.72470377120817,bursting,bursting,76,72,13.5,14.0,0.22799120695069633,0.24557266972500572,0.5233957918978331,0.5125707988415901,27.610573452985246,27.42614080215317,,,
1.7552047982259293,318.0425793037399,bursting,bursting,74,68,13.0,13.0,0.2285220263748743,0.23095842382061277,0.5161423520606984,0.5232999293545096,27.500408121115584,27.46344328839305,,,
1.7552047982259293,326.21092135216526,bursting,bursting,71,67,13.0,13.0,0.23005670592461436,0.2250918742343813,0.513175788366305,0.5104124132298897,27.25446200347388,27.44756037278027,,,
1.7654340804609419,222.4276428040119,bursting,bursting,92,90,20.0,20.0,0.31673337954784336,0.31769574944071577,0.44723719224490693,0.4474272930648769,27.33595254000101,27.26185322933139,,,
1.7654340804609419,229.84333871756644,bursting,bursting,87,93,19.0,19.0,0.30795702925173213,0.31032234022731503,0.4650513881783938,0.46580957704490406,27.446686936573524,27.34401257572316,,,
1.7654340804609419,239.4430625760652,bursting,bursting,83,92,18.0,18.0,0.29954350792978485,0.29585991710520193,0.4706103816650195,0.46570111302566025,27.310776723387278,27.34089427845919,,,
1.7654340804609419,239.75321609472297,bursting,bursting,83,90,17.5,17.5,0.30758166747927823,0.2793148880105403,0.4875670404680643,0.47909929332854234,27.54347240175373,27.545448493737073,,,
1.7654340804609419,242.905360868945,bursting,bursting,80,88,17.0,17.0,0.28597378369090304,0.2830220671947291,0.4909421179242967,0.48446091611559244,27.7136175357127,27.688327355845892,,,
1.7654340804609419,248.52611952212527,bursting,bursting,79,87,17.0,17.0,0.28701061105012815,0.28954764290427404,0.4878643737041102,0.48877049781275195,27.504143282134116,27.36867714397551,,,
1.7654340804609419,251.5392757474052,bursting,bursting,78,86,16.5,16.5,0.29675243567324483,0.2703111067076192,0.49962528103922055,0.4953928465272961,27.532184126620564,27.49135017778536,,,
1.7654340804609419,265.75975919329136,bursting,bursting,75,81,16.0,16.0,0.27639377320906,0.27413856529736375,0.49184762560558737,0.49049662783568354,27.235732997182485,27.221755646491477,,,
1.7654340804609419,267.0527705729015,bursting,bursting,77,78,15.5,15.0,0.257330560064935,0.25962248770919866,0.5073051948051946,0.5094632804340626,27.504218270100036,27.730714698371738,,,
1.7654340804609419,272.0888587176768,bursting,bursting,78,78,15.0,15.0,0.26282908268202393,0.26497814348161475,0.5141916906622788,0.5142710208279762,27.621096244392174,27.49253167589801,,,
1.7654340804609419,276.7664232955933,bursting,bursting,77,77,15.0,15.0,0.26035664613550574,0.25994519991881493,0.49672163719451623,0.5074081591231986,27.371837629562123,27.51161440337449,,,
1.7654340804609419,277.0701222107906,bursting,bursting,76,77,15.0,15.0,0.26009330475349907,0.26081791527651405,0.5043500189131258,0.505510059650187,27.489463235587042,27.439395392498614,,,
1.7654340804609419,277.35236514704883,bursting,bursting,79,77,15.0,15.0,0.26468655207280084,0.2638575878048163,0.5055611729019209,0.5064445063432175,27.318500588892668,27.297154494494794,[-52.       -52.       -52.       ... -74.41906  -74.303825 -74.189156],[-52.       -52.       -52.       ... -55.830273 -55.830276 -55.830284],"[0.000000e+00 5.000000e-05 1.000000e-04 ... 9.999849e+00 9.999900e+00
 9.999949e+00]"
1.7654340804609419,277.58123881365174,bursting,bursting,76,77,15.0,15.0,0.2621087646791996,0.2652260346474583,0.504006854493221,0.5163555624402963,27.372064534042014,27.376468180822815,,,
1.7654340804609419,283.68812673413186,bursting,bursting,79,74,14.0,14.0,0.24685534591194996,0.24749660999269826,0.5241090146750524,0.5215395848544903,27.8069360451612,27.69089090439363,,,
1.7654340804609419,284.15742437309285,bursting,bursting,76,74,13.5,14.5,0.24034207402611416,0.26569985756830244,0.5395489370885937,0.5179334455522466,27.457778445876617,27.610023089080965,,,
1.7654340804609419,284.39123643116164,bursting,bursting,78,74,14.0,14.0,0.248899201096844,0.24733848241310946,0.5273288158831441,0.5218661935079846,27.73889326905485,27.707086141067066,,,
1.7654340804609419,299.72470377120817,bursting,bursting,75,72,14.0,14.0,0.2530176656478268,0.24750796423800225,0.5180541884681139,0.513821806597472,27.08895969625722,27.26841444001659,,,
1.7654340804609419,318.0425793037399,bursting,bursting,73,68,13.0,13.0,0.22881596979805013,0.22872493023498436,0.5171566726139685,0.5216075946065774,27.466526872882465,27.522952838707038,,,
1.7654340804609419,326.21092135216526,bursting,bursting,72,66,13.0,13.0,0.23090754964165539,0.22691447167700596,0.5137558118626216,0.508491813281806,27.185045871476348,27.24813099333976,,,
1.7975167445108235,222.4276428040119,bursting,bursting,89,91,19.0,19.0,0.30579733567289274,0.3047038527889592,0.461755131253896,0.46003450258769407,27.50835824153252,27.485929612058676,,,
1.7975167445108235,229.84333871756644,bursting,bursting,83,92,18.0,18.0,0.2965134217834001,0.29528330853350326,0.47468729974129537,0.4723777132194903,27.547040983076872,27.536762443166836,,,
1.7975167445108235,239.4430625760652,bursting,bursting,79,87,17.0,17.0,0.28643852978453743,0.29172891146300195,0.4874719703617042,0.49795837068021104,27.5692318608657,27.49857809652869,,,
1.7975167445108235,239.75321609472297,bursting,bursting,79,87,17.0,17.0,0.2940231846238771,0.289895248141697,0.5018316856526319,0.4906410224958909,27.520210766805782,27.450644593514717,,,
1.7975167445108235,242.905360868945,bursting,bursting,79,85,17.0,16.5,0.2926507261258617,0.2991701346992046,0.4889736443205712,0.49250166219310987,27.2955215975326,27.39046581113882,,,
1.7975167445108235,248.52611952212527,bursting,bursting,78,83,16.0,16.0,0.27594949418881953,0.2734573223303365,0.5020458367848984,0.4926715112698608,27.6303171277941,27.541507868162316,,,
1.7975167445108235,251.5392757474052,bursting,bursting,78,82,16.0,16.0,0.274678111587983,0.2740666749906356,0.4990518015770038,0.49943813210138593,27.563330545046185,27.589850036331992,,,
1.7975167445108235,265.75975919329136,bursting,bursting,80,77,15.0,15.0,0.26337586171416805,0.26622296173044896,0.5144562197756972,0.5199667221297836,27.590120661077115,27.52372276114226,,,
1.7975167445108235,267.0527705729015,bursting,bursting,81,77,15.0,15.0,0.27217768432119854,0.26438521330904785,0.5256932579839664,0.5130704702290858,27.33800022867876,27.469685143132438,,,
1.7975167445108235,272.0888587176768,bursting,bursting,79,73,13.5,14.5,0.24928287731685803,0.26312920225331643,0.5516328331862314,0.5191973209418239,27.319708849079305,27.832377061911597,,,
1.7975167445108235,276.7664232955933,bursting,bursting,80,73,14.0,14.0,0.24973572938689204,0.25372258098948625,0.5285412262156448,0.5337033676682499,27.735060378295916,27.5910993740039,,,
1.7975167445108235,277.0701222107906,bursting,bursting,78,73,14.0,14.0,0.24953671837771996,0.24479703276323925,0.5294647111769999,0.5151452709664125,27.751920617004146,27.710714508006625,,,
1.7975167445108235,277.35236514704883,bursting,bursting,80,73,14.0,14.0,0.2522898923348865,0.2521813151734408,0.5356473297980611,0.5320280910832093,27.72835806884185,27.646981812369404,,,
1.7975167445108235,277.58123881365174,bursting,bursting,78,73,14.0,14.0,0.2467207343468849,0.24523181888664908,0.5215531853860798,0.5168760014472528,27.747563081187838,27.701971274504903,[-52.       -52.       -52.       ... -52.43227  -52.419453 -52.406605],[-52.       -52.       -52.       ... -55.531647 -55.531513 -55.53138 ],"[0.000000e+00 5.000000e-05 1.000000e-04 ... 9.999849e+00 9.999900e+00
 9.999949e+00]"
1.7975167445108235,283.68812673413186,bursting,bursting,78,72,14.0,14.0,0.24716033483580166,0.24445642131198045,0.5151320025756599,0.513294322964788,27.512278866275683,27.586374010598526,,,
1.7975167445108235,284.15742437309285,bursting,bursting,77,73,14.0,14.0,0.24838734950771726,0.24593109821841147,0.5223159489175001,0.5134260923140114,27.56914628944228,27.505099083388572,,,
1.7975167445108235,284.39123643116164,bursting,bursting,77,72,14.0,14.0,0.2504100601421543,0.24340760425183944,0.5207112916243589,0.5110384300899429,27.440964377220595,27.595684483816715,,,
1.7975167445108235,299.72470377120817,bursting,bursting,75,68,13.0,13.0,0.23371168824264335,0.23668767071422805,0.5316462425901806,0.5408767612299535,27.60456385193501,27.599417596205697,,,
1.7975167445108235,318.0425793037399,bursting,bursting,72,65,12.0,12.5,0.21670833786281135,0.21396523467934778,0.5435373410153278,0.537331076542812,27.796553447998885,27.389571586581393,,,
1.7975167445108235,326.21092135216526,bursting,bursting,70,64,12.0,12.0,0.21220999920091613,0.2158186316695353,0.5327224782249687,0.5378657487091221,27.779052896861877,27.610077092008478,,,
1.7988119665809426,222.4276428040119,bursting,bursting,88,92,19.0,19.0,0.3082988323952179,0.3060086723105513,0.4651811880727543,0.4588524101222841,27.486308375961265,27.40685762462202,,,
1.7988119665809426,229.84333871756644,bursting,bursting,92,84,18.0,18.0,0.2930843934441648,0.29560890482030006,0.4702894631645779,0.47165361758324675,27.60778921608693,27.496060209057333,,,
1.7988119665809426,239.4430625760652,bursting,bursting,80,87,17.0,17.0,0.2902190285700176,0.28546876134685667,0.4938637429933082,0.48413255549369416,27.519553152953538,27.525848085078422,,,
1.7988119665809426,239.75321609472297,bursting,bursting,79,87,17.0,17.0,0.2889678842853641,0.29062800502995795,0.4903162539838196,0.493133121286091,27.497522765028585,27.467524606788906,,,
1.7988119665809426,242.905360868945,bursting,bursting,80,88,17.0,17.0,0.29110578704275475,0.28931765163297046,0.49398572381258177,0.48600311041990674,27.40055020565637,27.33206977132435,,,
1.7988119665809426,248.52611952212527,bursting,bursting,79,82,16.0,16.0,0.2740401461680931,0.2719527038775863,0.500575662011313,0.4968080085450977,27.685027144136214,27.675009404598367,,,
1.7988119665809426,251.5392757474052,bursting,bursting,79,82,16.0,16.0,0.2732532374809199,0.27061263797318286,0.4923925353291643,0.4938637429933082,27.51543646993326,27.62916312330052,,,
1.7988119665809426,265.75975919329136,bursting,bursting,79,77,15.0,15.0,0.2666839579821034,0.26191144570626496,0.5187394631046556,0.510399387520735,27.49387314458237,27.559255657752566,,,
1.7988119665809426,267.0527705729015,bursting,bursting,80,77,15.0,15.0,0.26539386804524745,0.26206388331258096,0.511849311562676,0.5082204660381674,27.43487064369071,27.470016130887394,,,
1.7988119665809426,272.0888587176768,bursting,bursting,79,76,15.0,14.5,0.26376745482652875,0.2670182660149216,0.5068552168073189,0.5145356315924877,27.297233193352707,27.573012239263818,,,
1.7988119665809426,276.7664232955933,bursting,bursting,80,73,14.0,14.0,0.24847753044939125,0.2503045712166958,0.5249895002099957,0.529689072514434,27.718243034624702,27.70535004500549,,,
1.7988119665809426,277.0701222107906,bursting,bursting,77,73,14.0,14.0,0.24489000857076093,0.24271296129844114,0.5194400436329637,0.513623873237628,27.806816769622724,27.779214674627795,,,
1.7988119665809426,277.35236514704883,bursting,bursting,78,74,14.0,14.0,0.2457720012527406,0.24732107938991027,0.5219751539826705,0.5214444009907444,27.803695388742053,27.6911991683965,,,
1.7988119665809426,277.58123881365174,bursting,bursting,79,73,14.0,14.0,0.2522599625568331,0.248512681348502,0.5349023803155923,0.5218661935079846,27.71808091070603,27.62993539364387,,,
1.7988119665809426,283.68812673413186,bursting,bursting,73,80,14.0,14.0,0.25072588872322077,0.25097397537790234,0.5231630437625885,0.5194535348813049,27.44749128089483,27.38028678909976,[-52.       -52.       -52.       ... -56.01633  -56.016224 -56.016117],[-52.      -52.      -52.      ... -72.9009  -72.79358 -72.6868 ],"[0.000000e+00 5.000000e-05 1.000000e-04 ... 9.999849e+00 9.999900e+00
 9.999949e+00]"
1.7988119665809426,284.15742437309285,bursting,bursting,76,73,14.0,14.0,0.24572389701125638,0.2497454507479832,0.51753137533963,0.5221523118293607,27.606432275818868,27.460701374136907,,,
1.7988119665809426,284.39123643116164,bursting,bursting,79,72,14.0,14.0,0.2548227080654052,0.24510961647070914,0.524920605758379,0.5134260923140114,27.29567244877679,27.548984042661786,,,
1.7988119665809426,299.72470377120817,bursting,bursting,68,76,13.0,13.0,0.2340687917214018,0.23452995108390595,0.5361786547277553,0.5346021223704258,27.66439332801725,27.59977841600359,,,
1.7988119665809426,318.0425793037399,bursting,bursting,73,66,12.5,13.0,0.2111765171712903,0.23157164512730932,0.5279412929282264,0.5138614115772975,27.4887781920802,27.00856280630283,,,
1.7988119665809426,326.21092135216526,bursting,bursting,71,63,12.0,12.0,0.21204250295159413,0.21705722070844718,0.5247277974550701,0.5449591280653948,27.61682095014444,27.67467345505781,,,
1.8192632008531078,222.4276428040119,bursting,bursting,85,93,18.5,18.0,0.31873208405391984,0.30126539236878563,0.47381014427518875,0.4857552279406407,27.438113886093433,27.634399276660425,,,
1.8192632008531078,229.84333871756644,bursting,bursting,81,88,17.5,17.0,0.31034060579348166,0.2909782717532793,0.48972795612037495,0.5006508460999299,27.47757926663911,27.716355486535704,,,
1.8192632008531078,239.4430625760652,bursting,bursting,78,86,17.0,17.0,0.2887170577727749,0.289233819298373,0.4893924193114249,0.48354730301491733,27.39427189864119,27.26753289276261,,,
1.8192632008531078,239.75321609472297,bursting,bursting,78,86,17.0,17.0,0.2882861024844723,0.2900953170327392,0.48524844720496896,0.4875551546768728,27.352714368099683,27.275995423018166,,,
1.8192632008531078,242.905360868945,bursting,bursting,81,83,16.0,16.0,0.27611959127034197,0.27686648020762483,0.5046045162104201,0.5039433567666994,27.695196068640374,27.631160836910325,,,
1.8192632008531078,248.52611952212527,bursting,bursting,82,79,16.0,16.0,0.27312206864034544,0.27485596099867055,0.49631486214854703,0.49244103018663504,27.56242694163518,27.413266653476512,,,
1.8192632008531078,251.5392757474052,bursting,bursting,76,82,16.0,16.0,0.27518457955502695,0.2752048318027671,0.4955155839651158,0.49506175895442966,27.40180863751175,27.354613664932636,,,
1.8192632008531078,265.75975919329136,bursting,bursting,78,76,15.0,15.0,0.2613253652731004,0.2637091648658955,0.5064445063432174,0.5084530316512011,27.456058227971745,27.32290709860396,,,
1.8192632008531078,267.0527705729015,bursting,bursting,80,75,14.5,14.5,0.2717564306618061,0.26900129701686104,0.5134260923140115,0.5188067444876785,27.434875655150808,27.569733365936933,,,
1.8192632008531078,272.0888587176768,bursting,bursting,73,81,14.0,14.0,0.2487248251564389,0.2525673856226404,0.5258452963138245,0.5279970432165579,27.73378098182748,27.56211968997011,,,
1.8192632008531078,276.7664232955933,bursting,bursting,79,72,14.0,14.0,0.24795421586906963,0.24521003635988567,0.517920033146882,0.5157430568090977,27.5564050880179,27.629192841173374,,,
1.8192632008531078,277.0701222107906,bursting,bursting,73,79,14.0,14.0,0.24895112229914004,0.24702434976531912,0.5244388504300397,0.5186318491818581,27.616582102728184,27.585485578955815,,,
1.8192632008531078,277.35236514704883,bursting,bursting,80,72,14.0,14.0,0.24869035637789993,0.2493234189022307,0.5161157131428865,0.5254998817625265,27.48212565049037,27.595202784813832,,,
1.8192632008531078,277.58123881365174,bursting,bursting,78,73,14.0,14.0,0.24613709426527028,0.2541646708180318,0.5185108368764907,0.5322263026238757,27.644053755922872,27.448824525532753,,,
1.8192632008531078,283.68812673413186,bursting,bursting,78,71,14.0,14.0,0.2513507896924356,0.24853688091370782,0.5195344970906068,0.5156366823935854,27.301204923535224,27.33418039552966,,,
1.8192632008531078,284.15742437309285,bursting,bursting,79,71,13.5,14.0,0.23235653885018345,0.25277387091733106,0.5318300271233313,0.5209147262593112,27.52070927407318,27.185490124975374,[-52.      -52.      -52.      ... -75.76446 -75.64292 -75.52199],[-52.       -52.       -52.       ... -55.8287   -55.82866  -55.828617],"[0.000000e+00 5.000000e-05 1.000000e-04 ... 9.999849e+00 9.999900e+00
 9.999949e+00]"
1.8192632008531078,284.39123643116164,bursting,bursting,77,71,14.0,14.0,0.2516469038208171,0.24863813229571957,0.5166757084915653,0.5188067444876783,27.23872697658093,27.35693059143781,,,
1.8192632008531078,299.72470377120817,bursting,bursting,75,67,13.0,13.0,0.23459602649006625,0.22956526290993806,0.5298013245033112,0.5234642866490433,27.453254693387965,27.604051339290105,,,
1.8192632008531078,318.0425793037399,bursting,bursting,70,63,12.0,12.0,0.21659957312295688,0.2144999732176336,0.54035068759625,0.5356473297980608,27.674865638793868,27.69964415485418,,,
1.8192632008531078,326.21092135216526,bursting,bursting,69,63,12.0,12.0,0.2179356019814775,0.21402126196646756,0.5384449709239717,0.5289046384936796,27.44816047432174,27.49090788707255,,,
1.8305568503647924,222.4276428040119,bursting,bursting,83,92,18.0,18.0,0.302068898451365,0.29497062279670955,0.48622760314103025,0.4700352526439484,27.58416839842495,27.543128626941648,,,
1.8305568503647924,229.84333871756644,bursting,bursting,80,87,17.0,17.0,0.28862758603724403,0.2842850883598655,0.49199281690487306,0.4868312156175454,27.6359114205409,27.686984892270296,,,
1.8305568503647924,239.4430625760652,bursting,bursting,78,83,16.5,16.0,0.2943965411354314,0.27066733067729076,0.4913159898788907,0.49800796812749004,27.484550036349653,27.820791587016686,,,
1.8305568503647924,239.75321609472297,bursting,bursting,79,83,16.0,16.0,0.27826866436163405,0.2778678967912001,0.5122294788065054,0.5069194504993155,27.769086132515984,27.65707477797333,,,
1.8305568503647924,242.905360868945,bursting,bursting,80,82,16.0,16.0,0.27667434152265763,0.28127727296062444,0.5060344609467905,0.513373376456697,27.665433989458858,27.54830142963596,,,
1.8305568503647924,248.52611952212527,bursting,bursting,79,82,16.0,16.0,0.276891443293861,0.2829199435370036,0.4954664816925135,0.504133897963299,27.363936574149907,27.115623680262335,,,
1.8305568503647924,251.5392757474052,bursting,bursting,83,78,15.0,15.0,0.26520257084124804,0.263031832698053,0.5204132080872211,0.5150922015040693,27.743674166748924,27.718943959444097,,,
1.8305568503647924,265.75975919329136,bursting,bursting,74,81,14.5,14.0,0.28219421554370666,0.24932400190870055,0.5385899714547315,0.530194581411378,27.358712783084563,27.833631499324973,,,
1.8305568503647924,267.0527705729015,bursting,bursting,81,73,14.0,14.0,0.24792043874150482,0.2542377463570252,0.5248104122385788,0.5407012895725756,27.791063475415307,27.758173337473565,,,
1.8305568503647924,272.0888587176768,bursting,bursting,80,72,14.0,14.0,0.24777202072538845,0.24670580560991534,0.5181347150259067,0.521852576647097,27.60302800895242,27.699289666022544,,,
1.8305568503647924,276.7664232955933,bursting,bursting,80,72,14.0,14.0,0.2525591852929505,0.24933336785150254,0.5290305515143499,0.5177725425220701,27.484051786463453,27.418651658350637,,,
1.8305568503647924,277.0701222107906,bursting,bursting,80,72,14.0,14.0,0.25019540409567015,0.2527696793002918,0.5210775884529207,0.5300821627352238,27.463448222291905,27.430991640317067,,,
1.8305568503647924,277.35236514704883,bursting,bursting,79,72,14.0,14.0,0.2513758117941629,0.24951654210003668,0.5216348034740877,0.5226571891496367,27.404854035385668,27.475516363748053,,,
1.8305568503647924,277.58123881365174,bursting,bursting,79,72,14.0,14.0,0.2519091927958924,0.25450504088274994,0.5212813094586491,0.529226535418486,27.368803361235397,27.317410413811608,,,
1.8305568503647924,283.68812673413186,bursting,bursting,78,70,13.5,13.5,0.23032278581650503,0.2564566929133858,0.5300259712725922,0.5249343832020996,27.549840646232568,27.432741453679565,,,
1.8305568503647924,284.15742437309285,bursting,bursting,77,71,13.5,13.5,0.23362075912644048,0.2313038864570898,0.537244473097483,0.5305743467303354,27.449254891153142,27.41454320375317,,,
1.8305568503647924,284.39123643116164,bursting,bursting,78,69,13.5,13.5,0.23345593170286427,0.23028324175094897,0.536927165829955,0.5309123729128509,27.449938596328483,27.47459652767049,[-52.       -52.       -52.       ... -52.454285 -52.45244  -52.45063 ],[-52.       -52.       -52.       ... -55.513004 -55.51287  -55.51274 ],"[0.000000e+00 5.000000e-05 1.000000e-04 ... 9.999849e+00 9.999900e+00
 9.999949e+00]"
1.8305568503647924,299.72470377120817,bursting,bursting,75,67,13.0,13.0,0.23598255133524837,0.2343533794571579,0.5319714863283327,0.5321979776476851,27.38153899653993,27.447222347025058,,,
1.8305568503647924,318.0425793037399,bursting,bursting,70,63,12.0,12.0,0.21630530914158583,0.21602965270876406,0.536006217672125,0.5371867529746716,27.573727251389904,27.59716728468568,,,
1.8305568503647924,326.21092135216526,bursting,bursting,70,63,12.0,12.0,0.21932985532189528,0.2154115122778205,0.5378368203087183,0.5297872904029032,27.301973141767917,27.390744152096623,,,
1.8810892612229606,222.4276428040119,bursting,bursting,87,80,17.0,17.0,0.2887988209285186,0.2916470733820072,0.49127978383689513,0.4949882440292043,27.58154323279154,27.50723017279106,,,
1.8810892612229606,229.84333871756644,bursting,bursting,85,82,16.0,16.0,0.28551303122798805,0.27790847689155335,0.5217708904020244,0.5059320533252385,27.638210803665984,27.638359038892123,,,
1.8810892612229606,239.4430625760652,bursting,bursting,81,79,16.0,15.5,0.2809317333871132,0.2814846437809197,0.5041847332862761,0.50224755782125,27.251804536011342,27.5343148295941,,,
1.8810892612229606,239.75321609472297,bursting,bursting,83,78,15.5,15.0,0.2916034070147449,0.2631387808041505,0.5146547952960551,0.5188067444876783,27.40759817837014,27.830771913274067,,,
1.8810892612229606,242.905360868945,bursting,bursting,82,78,15.0,15.0,0.2648107193963836,0.2601915115186304,0.5203590477429427,0.5079881130781538,27.749004306133664,27.708701710352177,,,
1.8810892612229606,248.52611952212527,bursting,bursting,77,81,15.0,15.0,0.26856739664454077,0.26264328201986176,0.5226571891496369,0.510581807970182,27.499139738368605,27.5248392990662,,,
1.8810892612229606,251.5392757474052,bursting,bursting,83,75,14.5,14.5,0.25113399861251945,0.24891660501004081,0.5336464058914564,0.5284853609555016,27.578190769291812,27.54765052180508,,,
1.8810892612229606,265.75975919329136,bursting,bursting,79,71,14.0,14.0,0.2564607040306287,0.25384108578205317,0.5317451877060512,0.5270786664909739,27.3445089505127,27.359105907057604,,,
1.8810892612229606,267.0527705729015,bursting,bursting,72,79,14.0,14.0,0.2505875594087847,0.25459889259191226,0.5222750300308142,0.5248379562809982,27.443881133610965,27.28173553280213,,,
1.8810892612229606,272.0888587176768,bursting,bursting,76,68,13.0,13.0,0.2402642270805121,0.23574905354245546,0.5527763190624914,0.5408328826392644,27.787684936433816,27.79434434190163,,,
1.8810892612229606,276.7664232955933,bursting,bursting,75,68,13.0,13.0,0.23410558906742102,0.2362566151852252,0.5338173277104575,0.5400151204233719,27.699719212921796,27.674566802373125,,,
1.8810892612229606,277.0701222107906,bursting,bursting,75,68,13.0,13.0,0.23653414772573725,0.24006368028107133,0.5405259317315748,0.548967940272288,27.685573949757302,27.634161174048174,,,
1.8810892612229606,277.35236514704883,bursting,bursting,75,68,13.0,13.0,0.2363074922801885,0.23678372382446866,0.5417411560756271,0.5410962610248362,27.72191757031507,27.657947469162526,,,
1.8810892612229606,277.58123881365174,bursting,bursting,68,76,13.0,13.0,0.2350578406169667,0.23660113116078638,0.535561268209083,0.5386479935362241,27.662765669051016,27.628112704325115,,,
1.8810892612229606,283.68812673413186,bursting,bursting,75,67,13.0,13.0,0.2366521200366362,0.23758931677683487,0.538764075211465,0.5352316214841975,27.55014603773655,27.40301772657754,,,
1.8810892612229606,284.15742437309285,bursting,bursting,75,67,13.0,13.0,0.23950032306698268,0.23708662471549083,0.5384449709239715,0.5355469272995045,27.387271598832907,27.42503152635051,,,
1.8810892612229606,284.39123643116164,bursting,bursting,75,67,13.0,13.0,0.24164810690423144,0.23733053582956762,0.5432125590743657,0.5379814934366256,27.334980063363634,27.4368704992648,,,
1.8810892612229606,299.72470377120817,bursting,bursting,63,71,12.0,12.0,0.21934189185474343,0.22268942432709074,0.5497979492536492,0.5532656505020884,27.749638415975674,27.58441179467931,[-52.       -52.       -52.       ... -54.594456 -54.594204 -54.593956],[-52.       -52.       -52.       ... -55.948494 -55.948387 -55.94828 ],"[0.000000e+00 5.000000e-05 1.000000e-04 ... 9.999849e+00 9.999900e+00
 9.999949e+00]"
1.8810892612229606,318.0425793037399,bursting,bursting,69,61,11.5,11.5,0.22649654381027828,0.1995373048004629,0.5464331575640009,0.5508276184967914,27.39256799150561,27.496461196693158,,,
1.8810892612229606,326.21092135216526,bursting,bursting,62,65,10.5,12.0,0.19047893825735707,0.21031124791042033,0.5770340450086555,0.5306869742882161,27.560148740767914,27.352283424069515,,,
1.9204089862368265,222.4276428040119,bursting,bursting,83,83,16.0,16.0,0.2777848699160005,0.2793692240739315,0.5106339520514719,0.511993446483885,27.78097590072257,27.723125825659164,,,
1.9204089862368265,229.84333871756644,bursting,bursting,81,82,16.0,16.0,0.2830996686209533,0.28539382482671716,0.5098139179199592,0.5040957781978574,27.349010960218756,27.21152660662021,,,
1.9204089862368265,239.4430625760652,bursting,bursting,76,84,15.0,15.0,0.26772186499362227,0.27279645228161326,0.5206570692213573,0.5248104122385788,27.54361423211864,27.35808184811035,,,
1.9204089862368265,239.75321609472297,bursting,bursting,85,76,15.0,15.0,0.26954931417374234,0.2691695582978947,0.5225342913128673,0.5217981163088,27.485034682233167,27.458029896837257,,,
1.9204089862368265,242.905360868945,bursting,bursting,83,74,15.0,14.5,0.27654360028460734,0.24542917503455808,0.5270508867631171,0.5216348034740879,27.17142277041156,27.6464730885695,,,
1.9204089862368265,248.52611952212527,bursting,bursting,81,73,14.0,14.0,0.2545678615442321,0.2561549845284542,0.5358195359802819,0.5381407237992735,27.680482012207076,27.619782666882806,,,
1.9204089862368265,251.5392757474052,bursting,bursting,80,72,14.0,14.0,0.25802891215979756,0.2546271530972505,0.5384014859881013,0.5349309939017868,27.50331928032824,27.588599937925267,,,
1.9204089862368265,265.75975919329136,bursting,bursting,76,67,13.0,13.0,0.24741655106027569,0.24225538605831556,0.5662353840491491,0.5517089183746655,27.63052827402178,27.604146294066183,,,
1.9204089862368265,267.0527705729015,bursting,bursting,74,68,13.0,13.0,0.23669186014898597,0.24014542671259104,0.5437442227176335,0.5467169646274123,27.77535249252901,27.615163379765136,,,
1.9204089862368265,272.0888587176768,bursting,bursting,75,67,13.0,13.0,0.2442898076135896,0.23745288099084588,0.5457770500750443,0.5385029617662896,27.343695500044788,27.528796547921683,,,
1.9204089862368265,276.7664232955933,bursting,bursting,74,67,13.0,13.0,0.24260548064375825,0.2365984470475223,0.5437146585471945,0.53366064519572,27.289418305329225,27.421564400844833,,,
1.9204089862368265,277.0701222107906,bursting,bursting,75,67,13.0,13.0,0.2418155767619148,0.2343155260986452,0.5406720553648185,0.5323538023370332,27.268131118261845,27.521864357702214,,,
1.9204089862368265,277.35236514704883,bursting,bursting,74,67,12.5,13.0,0.21858433817672418,0.2438214883287163,0.5493449061993572,0.548591491345969,27.639569789319204,27.24060571408653,,,
1.9204089862368265,277.58123881365174,bursting,bursting,75,66,13.0,13.0,0.23794836342364828,0.2356812994320293,0.5317876040309499,0.5308137374595255,27.334974784821906,27.407225214824894,,,
1.9204089862368265,283.68812673413186,bursting,bursting,69,68,12.0,12.0,0.22176128295793082,0.22170900692840628,0.5568393796809311,0.5564985113664821,27.835108087859876,27.81834124025936,,,
1.9204089862368265,284.15742437309285,bursting,bursting,71,64,12.0,12.0,0.22185089258361873,0.22182862880731924,0.5569944579051438,0.557848934508535,27.82813987045073,27.82734015737619,,,
1.9204089862368265,284.39123643116164,bursting,bursting,70,66,12.0,12.0,0.2243687510591426,0.22549352338933196,0.5648760097158673,0.565642853102551,27.823249337257007,27.755783311970422,,,
1.9204089862368265,299.72470377120817,bursting,bursting,70,62,12.0,12.0,0.22661099818711225,0.21804430328641028,0.5493599956051199,0.5383145371840765,27.215820505331724,27.463640102923865,,,
1.9204089862368265,318.0425793037399,bursting,bursting,64,61,11.0,11.0,0.20237531015640228,0.2049610565526584,0.5575845437564471,0.5643977875606728,27.724602377622794,27.678956659120708,[-52.       -52.       -52.       ... -55.709286 -55.709255 -55.709225],[-52.       -52.       -52.       ... -59.383995 -59.34159  -59.299385],"[0.000000e+00 5.000000e-05 1.000000e-04 ... 9.999849e+00 9.999900e+00
 9.999949e+00]"
1.9204089862368265,326.21092135216526,bursting,bursting,64,58,11.0,11.0,0.20081358913748554,0.20013659336156298,0.5497223901929525,0.5463734462505121,27.575418845096028,27.543130785807612,,,
2.0177001525125693,222.4276428040119,bursting,bursting,84,76,15.0,15.0,0.2731565756496504,0.2697505197505198,0.5276348766653475,0.5197505197505197,27.424551780973626,27.401802560265025,,,
2.0177001525125693,229.84333871756644,bursting,bursting,80,72,14.0,14.0,0.26254388632405384,0.2668355142816941,0.5528985707571946,0.5628253834247925,27.642905821247584,27.55112487716672,,,
2.0177001525125693,239.4430625760652,bursting,bursting,78,70,14.0,14.0,0.26087537766369895,0.2598245047372956,0.5347450602925055,0.5383290267011196,27.2045923927069,27.17724812396185,,,
2.0177001525125693,239.75321609472297,bursting,bursting,77,70,13.5,13.5,0.26231420201801,0.2709147880098716,0.5424758598242377,0.554585031749993,27.59230454493382,27.410512793084127,,,
2.0177001525125693,242.905360868945,bursting,bursting,74,73,13.0,13.0,0.24410864253012374,0.24757569760538295,0.5617504142909305,0.5654349608436289,27.80585601023506,27.66058230232731,,,
2.0177001525125693,248.52611952212527,bursting,bursting,74,70,13.0,13.0,0.2439810058037821,0.2405340937131576,0.5553858543222905,0.5483508348641459,27.59317092381848,27.64119326202893,,,
2.0177001525125693,251.5392757474052,bursting,bursting,74,70,13.0,13.0,0.24613937012232232,0.24131892187713783,0.553495322964521,0.5472704884389111,27.412008086426123,27.509017024249044,,,
2.0177001525125693,265.75975919329136,bursting,bursting,69,70,12.0,12.0,0.22520666986428922,0.22677418445315353,0.5642863188781987,0.5639044745820059,27.75909395138875,27.6353170321305,,,
2.0177001525125693,267.0527705729015,bursting,bursting,70,69,12.0,12.0,0.2290952707333793,0.2339955207818269,0.5711674663011195,0.5817166458218201,27.63758424330043,27.498030290763424,,,
2.0177001525125693,272.0888587176768,bursting,bursting,70,65,12.0,12.0,0.22968957808653356,0.22943221320973387,0.5659469707688389,0.5652431958850294,27.42265475273484,27.39049985255542,,,
2.0177001525125693,276.7664232955933,bursting,bursting,69,65,12.0,12.0,0.23072997873848344,0.23013273086698663,0.5669737774627923,0.5648121999435187,27.273638445128668,27.222192592682436,,,
2.0177001525125693,277.0701222107906,bursting,bursting,69,66,12.0,12.0,0.2336123703312287,0.2255063097194751,0.556219929360069,0.5571496225311307,27.075632234423804,27.382960396889473,,,
2.0177001525125693,277.35236514704883,bursting,bursting,69,63,12.0,12.0,0.2262919110324221,0.227075215160775,0.553280956069492,0.5606795436068515,27.31881378646377,27.320763150492994,,,
2.0177001525125693,277.58123881365174,bursting,bursting,67,67,11.5,11.5,0.23328211257185152,0.20621735034683578,0.5691195720220817,0.5709228968627788,27.525905232992127,27.60507124051433,,,
2.0177001525125693,283.68812673413186,bursting,bursting,64,69,11.0,11.0,0.21046048229921155,0.20948012232415916,0.5817843325479244,0.5770007501009751,27.839334536704918,27.783086546962778,,,
2.0177001525125693,284.15742437309285,bursting,bursting,65,69,11.5,11.0,0.23731629033166268,0.20832252672833662,0.5630947688495975,0.5763522665052879,27.27846670685304,27.84130560302139,,,
2.0177001525125693,284.39123643116164,bursting,bursting,65,68,11.5,11.0,0.20648512873208877,0.20830937320299037,0.5708740081064109,0.5750431282346173,27.32674140788077,27.811613379665857,,,
2.0177001525125693,299.72470377120817,bursting,bursting,64,64,11.0,11.0,0.2071202841401683,0.2092851460393224,0.5593310400760692,0.568246391635413,27.432479335369926,27.40262565687903,,,
2.0177001525125693,318.0425793037399,bursting,bursting,58,61,10.5,10.0,0.2141767862185823,0.18904741317192703,0.5648121999435187,0.5764519383196426,27.287497701108553,27.701047473191917,,,
2.0177001525125693,326.21092135216526,bursting,bursting,59,60,10.0,10.0,0.18468455810032328,0.18777242486808898,0.5620345651257551,0.573526038082129,27.68317609120608,27.64709585197045,[-52.       -52.       -52.       ... -55.92148  -55.9214   -55.921318],[-52.       -52.       -52.       ... -60.253445 -60.208126 -60.16303 ],"[0.000000e+00 5.000000e-05 1.000000e-04 ... 9.999849e+00 9.999900e+00
 9.999949e+00]"
