{
  "feature": "mean_spikes_per_burst",
  "recommendation": [
    {
      "parameter": "Vs0",
      "direction": "increase",
      "justification": "Strong positive correlation (r = 0.81)"
    },
    {
      "parameter": "Vus0",
      "direction": "increase",
      "justification": "Strong positive correlation (r = 0.98)"
    },
    {
      "parameter": "g_us",
      "direction": "decrease",
      "justification": "Strong negative correlation (r = -0.96)"
    },
    {
      "parameter": "delta_Vus",
      "direction": "decrease",
      "justification": "Strong negative correlation (r = -0.91)"
    },
    {
      "parameter": "tau_us",
      "direction": "decrease",
      "justification": "Strong negative correlation (r = -0.95)"
    },
    {
      "parameter": "g_s",
      "direction": "increase",
      "justification": "Strong positive correlation (r = 0.89)"
    },
    {
      "parameter": "tau_s",
      "direction": "increase",
      "justification": "Strong positive correlation (r = 0.85)"
    },
    {
      "parameter": "Vi_threshold",
      "direction": "decrease",
      "justification": "Moderate negative correlation (r = -0.44)"
    },
    {
      "parameter": "Vi0",
      "direction": "decrease",
      "justification": "Moderate negative correlation (r = -0.46)"
    }
  ]
}